dl7p6h-kyliefreya-menggoda-dan-mencukur-pussy-telanjang-solo-sex-1576975,[DL7P6H] KylieFreya Menggoda dan Mencukur Pussy Telanjang Solo sex,https://cdn.adidssd7.workers.dev/?id=image-cdn.tik.porn/video/1576/1576975/tryptic.jpg?ver=4,Jangan lewatkan keseruan ini! Update setiap hari. #fyp #viral #trending,1576975,DL7P6H
79df3h-sashasavage-menggoda-dan-payudara-besar-pakaian-dalam-seksi-1656208,[79DF3H] Sashasavage Menggoda dan Payudara Besar Pakaian Dalam Seksi,https://cdn.adidssd7.workers.dev/?id=image-cdn.tik.porn/video/1656/1656208/tryptic.jpg?ver=4,Video paling menarik hari ini. Bikin makin betah nonton. #fyp #viral #trending,1656208,79DF3H
6e8htp-dillion-harper-di-povd-blowjob-dan-big-dick-pov-1656,[6E8HTP] Dillion Harper di POVD Blowjob dan Big Dick POV,https://cdn.adidssd7.workers.dev/?id=image-cdn.tik.porn/video/1/1656/tryptic.jpg?ver=3,Tonton sampai habis ya! Kualitas terbaik cuma di sini. #fyp #viral #trending,1656,6E8HTP
dsbjvg-satu-malam-berdiri-atau-akankah-kamu-meniduriku-lebih-dari-sekali-1654430,[DSBJVG] Satu malam berdiri atau akankah kamu meniduriku lebih dari sekali?,https://cdn.adidssd7.workers.dev/?id=image-cdn.tik.porn/video/1654/1654430/tryptic.jpg?ver=4,Video paling menarik hari ini. Kualitas terbaik cuma di sini. #fyp #viral #trending,1654430,DSBJVG
bvq83y-povd-blowjob-dan-pov-big-dick-brunette-xxx-porno-1654,[BVQ83Y] POVD : Blowjob dan POV Big Dick Brunette xxx porno,https://cdn.adidssd7.workers.dev/?id=image-cdn.tik.porn/video/1/1654/tryptic.jpg?ver=3,Video paling menarik hari ini. Bikin makin betah nonton. #fyp #viral #trending,1654,BVQ83Y
u49c8s-sakuramoon-sextoys-dan-curvy-film-nsfw-tebal-hd-1649866,[U49C8S] SakuraMoon Sextoys dan Curvy & film nsfw tebal hd,https://cdn.adidssd7.workers.dev/?id=image-cdn.tik.porn/video/1649/1649866/tryptic.jpg?ver=4,Video paling menarik hari ini. Bikin makin betah nonton. #fyp #viral #trending,1649866,U49C8S
t2ndbv-21sextury-blowjob-dan-brunette-small-tits-teen-1649,[T2NDBV] 21Sextury : Blowjob dan Brunette Small Tits Teen,https://cdn.adidssd7.workers.dev/?id=image-cdn.tik.porn/video/1/1649/tryptic.jpg?ver=3,Video paling menarik hari ini. Kualitas terbaik cuma di sini. #fyp #viral #trending,1649,T2NDBV
luxrsa-kau-akan-lebih-mencintaiku-di-tempat-tidur-1647717,[LUXRSA] Kau akan lebih mencintaiku di tempat tidur,https://cdn.adidssd7.workers.dev/?id=image-cdn.tik.porn/video/1647/1647717/tryptic.jpg?ver=4,Tonton sampai habis ya! Kualitas terbaik cuma di sini. #fyp #viral #trending,1647717,LUXRSA
7prtxh-mofos-blowjob-dan-pov-brunette-video-porno-gratis-1647,[7PRTXH] Mofos : Blowjob dan POV Brunette video porno gratis,https://cdn.adidssd7.workers.dev/?id=image-cdn.tik.porn/video/1/1647/tryptic.jpg?ver=5,Video paling menarik hari ini. Bikin makin betah nonton. #fyp #viral #trending,1647,7PRTXH
rl7jpq-purple-dragon-wanita-masturbasi-dan-berambut-pirang-panas-1646030,[RL7JPQ] Purple_ Dragon Wanita Masturbasi dan Berambut Pirang panas,https://cdn.adidssd7.workers.dev/?id=image-cdn.tik.porn/video/1646/1646030/tryptic.jpg?ver=4,Video paling menarik hari ini. Kualitas terbaik cuma di sini. #fyp #viral #trending,1646030,RL7JPQ
562wge-dillion-harper-di-fantasy-hd-blowjob-dan-brunette-1646,[562WGE] Dillion Harper di Fantasy HD Blowjob dan Brunette,https://cdn.adidssd7.workers.dev/?id=image-cdn.tik.porn/video/1/1646/tryptic.jpg?ver=7,Video paling menarik hari ini. Kualitas terbaik cuma di sini. #fyp #viral #trending,1646,562WGE
zfjqv5-luciamorris-menggoda-dan-stoking-pirang-pantat-besar-1641417,[ZFJQV5] Luciamorris Menggoda dan Stoking Pirang Pantat Besar,https://cdn.adidssd7.workers.dev/?id=image-cdn.tik.porn/video/1641/1641417/tryptic.jpg?ver=4,Tonton sampai habis ya! Kualitas terbaik cuma di sini. #fyp #viral #trending,1641417,ZFJQV5
8jqvap-malaikat-jahat-blowjob-dan-payudara-besar-milf-bertiga-1641,[8JQVAP] Malaikat Jahat: Blowjob dan Payudara Besar MILF BERTIGA,https://cdn.adidssd7.workers.dev/?id=image-cdn.tik.porn/video/1/1641/tryptic.jpg?ver=3,Video paling menarik hari ini. Kualitas terbaik cuma di sini. #fyp #viral #trending,1641,8JQVAP
936u7a-anda-akan-ingin-duduk-untuk-yang-satu-ini-asia-brunette-payudara-besar-solo-menggoda-1642383,[936U7A] Anda akan ingin duduk untuk yang satu ini... 🍑💦 #Asia #Brunette # Payudara Besar #Solo #Menggoda,https://cdn.adidssd7.workers.dev/?id=image-cdn.tik.porn/video/1642/1642383/tryptic.jpg?ver=4,Jangan lewatkan keseruan ini! Update setiap hari. #fyp #viral #trending,1642383,936U7A
952sra-malaikat-jahat-blowjob-dan-brunette-threesome-milf-1642,[952SRA] Malaikat Jahat: Blowjob dan Brunette Threesome MILF,https://cdn.adidssd7.workers.dev/?id=image-cdn.tik.porn/video/1/1642/tryptic.jpg?ver=7,Video paling menarik hari ini. Bikin makin betah nonton. #fyp #viral #trending,1642,952SRA
xgwnkb-sofaaaaaaaaaa-menggoda-dan-mencukur-memek-film-porno-1631155,[XGWNKB] Sofaaaaaaaaaa Menggoda dan Mencukur Memek film porno,https://cdn.adidssd7.workers.dev/?id=image-cdn.tik.porn/video/1631/1631155/tryptic.jpg?ver=4,Tonton sampai habis ya! Kualitas terbaik cuma di sini. #fyp #viral #trending,1631155,XGWNKB
tv67uh-brazzers-blowjob-dan-brunette-payudara-kecil-hd-xxx-1631,[TV67UH] Brazzers : Blowjob dan Brunette Payudara Kecil hd xxx,https://cdn.adidssd7.workers.dev/?id=image-cdn.tik.porn/video/1/1631/tryptic.jpg?ver=7,Tonton sampai habis ya! Kualitas terbaik cuma di sini. #fyp #viral #trending,1631,TV67UH
cl7jpy-merasa-sangat-panas-malam-ini-1631687,[CL7JPY] Merasa sangat panas malam ini.,https://cdn.adidssd7.workers.dev/?id=image-cdn.tik.porn/video/1631/1631687/tryptic.jpg?ver=4,Tonton sampai habis ya! Kualitas terbaik cuma di sini. #fyp #viral #trending,1631687,CL7JPY
ahs673-aku-memakai-stoking-dan-membelai-kakiku-yang-ramping-memikirkanmu-dan-sentuhanmu-natural-big-tits-sexy-nude-blonde-feet-porn-1632030,[AHS673] Aku memakai stoking dan membelai kakiku yang ramping memikirkanmu dan sentuhanmu #Natural Big Tits #Sexy #Nude #Blonde #Feet Porn,https://cdn.adidssd7.workers.dev/?id=image-cdn.tik.porn/video/1632/1632030/tryptic.jpg?ver=4,Jangan lewatkan keseruan ini! Update setiap hari. #fyp #viral #trending,1632030,AHS673
ebdx5s-brazzers-blowjob-dan-milf-brunette-payudara-kecil-1632,[EBDX5S] Brazzers : Blowjob dan MILF Brunette Payudara Kecil,https://cdn.adidssd7.workers.dev/?id=image-cdn.tik.porn/video/1/1632/tryptic.jpg?ver=3,Jangan lewatkan keseruan ini! Update setiap hari. #fyp #viral #trending,1632,EBDX5S
de4fns-mia-khalifa-gadis-koboi-terbalik-dan-rambut-coklat-arab-xxx-1818265,[DE4FNS] Mia Khalifa Gadis Koboi Terbalik dan Rambut Coklat Arab xxx,https://cdn.adidssd7.workers.dev/?id=image-cdn.tik.porn/video/1818/1818265/tryptic.jpg?ver=2,Tonton sampai habis ya! Kualitas terbaik cuma di sini. #fyp #viral #trending,1818265,DE4FNS
lchnme-katy-jayne-oleh-pure-mature-blowjob-dan-pov-hot-xxx-1818,[LCHNME] Katy Jayne oleh Pure Mature Blowjob dan POV hot xxx,https://cdn.adidssd7.workers.dev/?id=image-cdn.tik.porn/video/1/1818/tryptic.jpg?ver=3,Video paling menarik hari ini. Bikin makin betah nonton. #fyp #viral #trending,1818,LCHNME
39jdna-horny-fuck-untuk-pirang-seksi-1289975,[39JDNA] Horny fuck untuk pirang seksi,https://cdn.adidssd7.workers.dev/?id=image-cdn.tik.porn/video/1289/1289975/tryptic.jpg?ver=4,Tonton sampai habis ya! Kualitas terbaik cuma di sini. #fyp #viral #trending,1289975,39JDNA
hzg69l-mofos-blowjob-dan-pov-cfnm-big-dick-brunette-hd-1289,[HZG69L] Mofos : Blowjob dan POV CFNM Big Dick Brunette hd,https://cdn.adidssd7.workers.dev/?id=image-cdn.tik.porn/video/1/1289/tryptic.jpg?ver=3,Video paling menarik hari ini. Kualitas terbaik cuma di sini. #fyp #viral #trending,1289,HZG69L
nur4p7-brazzers-muncrat-dan-stoking-milf-payudara-besar-8,[NUR4P7] Brazzers : Muncrat dan Stoking MILF Payudara Besar,https://cdn.adidssd7.workers.dev/?id=image-cdn.tik.porn/video/0/8/tryptic.jpg?ver=5,Video paling menarik hari ini. Bikin makin betah nonton. #fyp #viral #trending,8,NUR4P7
5cmbys-jackie-lin-di-nuru-massage-oil-dan-brunette-asian-208,[5CMBYS] Jackie Lin di Nuru Massage Oil dan Brunette Asian,https://cdn.adidssd7.workers.dev/?id=image-cdn.tik.porn/video/0/208/tryptic.jpg?ver=3,Video paling menarik hari ini. Kualitas terbaik cuma di sini. #fyp #viral #trending,208,5CMBYS
mabtrv-mia-malkova-di-brazzers-blowjob-dan-milf-film-hd-1616,[MABTRV] Mia Malkova di Brazzers Blowjob dan MILF film hd,https://cdn.adidssd7.workers.dev/?id=image-cdn.tik.porn/video/1/1616/tryptic.jpg?ver=3,Video paling menarik hari ini. Kualitas terbaik cuma di sini. #fyp #viral #trending,1616,MABTRV
vuxqrz-angel-del-rey-oleh-evil-angel-saliva-dan-small-tits-144,[VUXQRZ] Angel Del Rey oleh Evil Angel Saliva dan Small Tits,https://cdn.adidssd7.workers.dev/?id=image-cdn.tik.porn/video/0/144/tryptic.jpg?ver=3,Video paling menarik hari ini. Kualitas terbaik cuma di sini. #fyp #viral #trending,144,VUXQRZ
4guxm7-cerah-lucu-di-studi-fuck-hardcore-porno-gratis-138,[4GUXM7] Cerah Lucu di Studi Fuck hardcore porno gratis,https://cdn.adidssd7.workers.dev/?id=image-cdn.tik.porn/video/0/138/tryptic.jpg?ver=5,Video paling menarik hari ini. Bikin makin betah nonton. #fyp #viral #trending,138,4GUXM7
74qvgf-visi-harmoni-pakaian-dalam-vagina-ganda-dan-seksi-131,[74QVGF] Visi Harmoni: Pakaian Dalam Vagina Ganda dan Seksi,https://cdn.adidssd7.workers.dev/?id=image-cdn.tik.porn/video/0/131/tryptic.jpg?ver=3,Video paling menarik hari ini. Bikin makin betah nonton. #fyp #viral #trending,131,74QVGF
jzdxcg-holly-michaels-oleh-passion-hd-menjilat-bola-hot-hd-133,[JZDXCG] Holly Michaels oleh Passion HD Menjilat Bola hot hd,https://cdn.adidssd7.workers.dev/?id=image-cdn.tik.porn/video/0/133/tryptic.jpg?ver=5,Video paling menarik hari ini. Kualitas terbaik cuma di sini. #fyp #viral #trending,133,JZDXCG
3ghux2-proxy-paige-di-rocco-siffredi-prod-video-seks-xxx-150,[3GHUX2] Proxy Paige di Rocco Siffredi Prod video seks xxx,https://cdn.adidssd7.workers.dev/?id=image-cdn.tik.porn/video/0/150/tryptic.jpg?ver=7,Video paling menarik hari ini. Kualitas terbaik cuma di sini. #fyp #viral #trending,150,3GHUX2
qdtrcg-peta-jensen-di-brazzers-blowjob-film-porno-gratis-1391,[QDTRCG] Peta Jensen di Brazzers Blowjob film porno gratis,https://cdn.adidssd7.workers.dev/?id=image-cdn.tik.porn/video/1/1391/tryptic.jpg?ver=3,Video paling menarik hari ini. Kualitas terbaik cuma di sini. #fyp #viral #trending,1391,QDTRCG
swl8m9-casting-pribadi-x-blowjob-dan-pov-casting-porno-1153,[SWL8M9] Casting Pribadi X : Blowjob dan POV Casting Porno,https://cdn.adidssd7.workers.dev/?id=image-cdn.tik.porn/video/1/1153/tryptic.jpg?ver=5,Jangan lewatkan keseruan ini! Update setiap hari. #fyp #viral #trending,1153,SWL8M9
486bgd-elektra-rose-di-punish-teens-blowjob-dan-cfnm-xxx-725,[486BGD] Elektra Rose di Punish Teens Blowjob dan CFNM XXX,https://cdn.adidssd7.workers.dev/?id=image-cdn.tik.porn/video/0/725/tryptic.jpg?ver=3,Tonton sampai habis ya! Kualitas terbaik cuma di sini. #fyp #viral #trending,725,486BGD
zwtxjs-malaikat-jahat-anal-doggystyle-dan-milf-big-ass-xxx-254,[ZWTXJS] Malaikat Jahat: Anal Doggystyle dan MILF Big Ass xxx,https://cdn.adidssd7.workers.dev/?id=image-cdn.tik.porn/video/0/254/tryptic.jpg?ver=5,Jangan lewatkan keseruan ini! Update setiap hari. #fyp #viral #trending,254,ZWTXJS
6t82xj-remaja-tak-berdaya-cambuk-dan-kekerasan-seks-hardcore-251,[6T82XJ] Remaja Tak Berdaya: Cambuk dan Kekerasan Seks Hardcore,https://cdn.adidssd7.workers.dev/?id=image-cdn.tik.porn/video/0/251/tryptic.jpg?ver=3,Tonton sampai habis ya! Kualitas terbaik cuma di sini. #fyp #viral #trending,251,6T82XJ
vbytn9-pijat-nuru-blowjob-dan-dewasa-big-dick-hd-xxx-1821,[VBYTN9] Pijat Nuru: Blowjob dan Dewasa Big Dick hd xxx,https://cdn.adidssd7.workers.dev/?id=image-cdn.tik.porn/video/1/1821/tryptic.jpg?ver=3,Video paling menarik hari ini. Bikin makin betah nonton. #fyp #viral #trending,1821,VBYTN9
8nz3vs-aubrey-addams-oleh-evil-angel-blowjob-dan-threesome-683,[8NZ3VS] Aubrey Addams oleh Evil Angel Blowjob dan Threesome,https://cdn.adidssd7.workers.dev/?id=image-cdn.tik.porn/video/0/683/tryptic.jpg?ver=5,Jangan lewatkan keseruan ini! Update setiap hari. #fyp #viral #trending,683,8NZ3VS
t5kbsm-lunabellamy-perempuan-masturbasi-dan-film-hd-telanjang-1821681,[T5KBSM] LunaBellamy Perempuan Masturbasi dan Film HD Telanjang,https://cdn.adidssd7.workers.dev/?id=image-cdn.tik.porn/video/1821/1821681/tryptic.jpg?ver=2,Tonton sampai habis ya! Kualitas terbaik cuma di sini. #fyp #viral #trending,1821681,T5KBSM
lb8xpv-blowjob-dewasa-dan-luar-ruangan-rambut-merah-bertiga-lucu-683866,[LB8XPV] Blowjob Dewasa dan Luar Ruangan Rambut Merah Bertiga Lucu,https://cdn.adidssd7.workers.dev/?id=image-cdn.tik.porn/video/683/683866/tryptic.jpg?ver=3,Video paling menarik hari ini. Kualitas terbaik cuma di sini. #fyp #viral #trending,683866,LB8XPV
x2lpwj-pelacur-pantat-besar-menyebalkan-penis-besar-dan-mengendarainya-1672980,[X2LPWJ] # Pelacur Pantat Besar menyebalkan penis besar dan mengendarainya,https://cdn.adidssd7.workers.dev/?id=image-cdn.tik.porn/video/1672/1672980/tryptic.jpg?ver=4,Video paling menarik hari ini. Bikin makin betah nonton. #fyp #viral #trending,1672980,X2LPWJ
2mktdg-hard-x-blowjob-dan-blonde-big-dick-milf-hd-film-1672,[2MKTDG] Hard X : Blowjob dan Blonde Big Dick MILF hd film,https://cdn.adidssd7.workers.dev/?id=image-cdn.tik.porn/video/1/1672/tryptic.jpg?ver=3,Tonton sampai habis ya! Kualitas terbaik cuma di sini. #fyp #viral #trending,1672,2MKTDG
wlnqb8-aku-menaruh-sesuatu-yang-kamu-suka-dan-bermain-dengan-dildo-1650195,[WLNQB8] Aku menaruh Sesuatu yang kamu suka dan bermain dengan dildo,https://cdn.adidssd7.workers.dev/?id=image-cdn.tik.porn/video/1650/1650195/tryptic.jpg?ver=4,Video paling menarik hari ini. Bikin makin betah nonton. #fyp #viral #trending,1650195,WLNQB8
pj2xy6-brazzers-blowjob-dan-milf-blonde-dewasa-hd-seksi-1650,[PJ2XY6] Brazzers : Blowjob dan MILF Blonde Dewasa hd seksi,https://cdn.adidssd7.workers.dev/?id=image-cdn.tik.porn/video/1/1650/tryptic.jpg?ver=3,Video paling menarik hari ini. Bikin makin betah nonton. #fyp #viral #trending,1650,PJ2XY6
wqxyds-gadis-bosan-merasa-lucu-sayang-1685748,[WQXYDS] Gadis bosan merasa lucu sayang,https://cdn.adidssd7.workers.dev/?id=image-cdn.tik.porn/video/1685/1685748/tryptic.jpg?ver=4,Tonton sampai habis ya! Kualitas terbaik cuma di sini. #fyp #viral #trending,1685748,WQXYDS
xe9uyr-kagney-linn-karter-oleh-brazzers-blowjob-gratis-hot-1685,[XE9UYR] Kagney Linn Karter oleh Brazzers Blowjob gratis hot,https://cdn.adidssd7.workers.dev/?id=image-cdn.tik.porn/video/1/1685/tryptic.jpg?ver=5,Tonton sampai habis ya! Kualitas terbaik cuma di sini. #fyp #viral #trending,1685,XE9UYR
89xz45-zuribellarose-bercinta-dengannya-natural-big-tits-1644721,[89XZ45] @Zuribellarose bercinta dengannya #Natural Big Tits,https://cdn.adidssd7.workers.dev/?id=image-cdn.tik.porn/video/1644/1644721/tryptic.jpg?ver=4,Jangan lewatkan keseruan ini! Update setiap hari. #fyp #viral #trending,1644721,89XZ45
zkqvpm-dillion-harper-oleh-fantasy-hd-blowjob-dan-big-dick-1644,[ZKQVPM] Dillion Harper oleh Fantasy HD Blowjob dan Big Dick,https://cdn.adidssd7.workers.dev/?id=image-cdn.tik.porn/video/1/1644/tryptic.jpg?ver=7,Video paling menarik hari ini. Bikin makin betah nonton. #fyp #viral #trending,1644,ZKQVPM
g8rpex-remaja-pirang-paling-bertanduk-saat-ini-1661479,[G8RPEX] Remaja pirang paling bertanduk saat ini,https://cdn.adidssd7.workers.dev/?id=image-cdn.tik.porn/video/1661/1661479/tryptic.jpg?ver=4,Video paling menarik hari ini. Bikin makin betah nonton. #fyp #viral #trending,1661479,G8RPEX
dpte2x-dillion-harper-oleh-pornpros-blowjob-dan-pov-xxx-hd-1661,[DPTE2X] Dillion Harper oleh PornPros Blowjob dan POV xxx hd,https://cdn.adidssd7.workers.dev/?id=image-cdn.tik.porn/video/1/1661/tryptic.jpg?ver=5,Jangan lewatkan keseruan ini! Update setiap hari. #fyp #viral #trending,1661,DPTE2X
5p3lbq-foxy-di-oleh-21sextury-blowjob-dan-brunette-hd-gratis-815,[5P3LBQ] Foxy Di oleh 21Sextury Blowjob dan Brunette hd gratis,https://cdn.adidssd7.workers.dev/?id=image-cdn.tik.porn/video/0/815/tryptic.jpg?ver=3,Video paling menarik hari ini. Kualitas terbaik cuma di sini. #fyp #viral #trending,815,5P3LBQ
r38uqp-malaikat-jahat-blowjob-dan-milf-black-big-dick-tube-1242,[R38UQP] Malaikat Jahat: Blowjob dan MILF Black Big Dick tube,https://cdn.adidssd7.workers.dev/?id=image-cdn.tik.porn/video/1/1242/tryptic.jpg?ver=3,Video paling menarik hari ini. Bikin makin betah nonton. #fyp #viral #trending,1242,R38UQP
wkhzd8-charley-chase-oleh-brazzers-blowjob-dan-big-boobs-415,[WKHZD8] Charley Chase oleh Brazzers Blowjob dan Big Boobs,https://cdn.adidssd7.workers.dev/?id=image-cdn.tik.porn/video/0/415/tryptic.jpg?ver=3,Video paling menarik hari ini. Bikin makin betah nonton. #fyp #viral #trending,415,WKHZD8
tcd8w3-seksi-porno-sextoys-dan-lucu-dicukur-pussy-rambut-merah-301904,[TCD8W3] Seksi porno Sextoys dan Lucu Dicukur Pussy Rambut Merah,https://cdn.adidssd7.workers.dev/?id=image-cdn.tik.porn/video/301/301904/tryptic.jpg?ver=3,Jangan lewatkan keseruan ini! Update setiap hari. #fyp #viral #trending,301904,TCD8W3
usypbd-studi-persetan-blowjob-dan-remaja-big-dick-brunette-1224,[USYPBD] Studi Persetan: Blowjob dan Remaja Big Dick Brunette,https://cdn.adidssd7.workers.dev/?id=image-cdn.tik.porn/video/1/1224/tryptic.jpg?ver=5,Video paling menarik hari ini. Kualitas terbaik cuma di sini. #fyp #viral #trending,1224,USYPBD
fcmszp-bermain-denganku-dengan-cara-yang-sama-1224385,[FCMSZP] Bermain denganku dengan cara yang sama,https://cdn.adidssd7.workers.dev/?id=image-cdn.tik.porn/video/1224/1224385/tryptic.jpg?ver=4,Video paling menarik hari ini. Bikin makin betah nonton. #fyp #viral #trending,1224385,FCMSZP
aqxefg-kesepakatan-adalah-kesepakatan-persetan-gadisku-jika-timnya-kalah-1672959,[AQXEFG] Kesepakatan adalah kesepakatan! Persetan gadisku jika timnya kalah,https://cdn.adidssd7.workers.dev/?id=image-cdn.tik.porn/video/1672/1672959/tryptic.jpg?ver=4,Video paling menarik hari ini. Kualitas terbaik cuma di sini. #fyp #viral #trending,1672959,AQXEFG
kl7cwd-madison-ivy-oleh-malaikat-jahat-menjilati-kaki-orang-dewasa-gratis-6,[KL7CWD] Madison Ivy oleh Malaikat Jahat Menjilati Kaki orang dewasa gratis,https://cdn.adidssd7.workers.dev/?id=image-cdn.tik.porn/video/0/6/tryptic.jpg?ver=5,Jangan lewatkan keseruan ini! Update setiap hari. #fyp #viral #trending,6,KL7CWD
uflapq-tushy-reverse-cowgirl-anal-dan-brunette-amatir-6915,[UFLAPQ] Tushy : Reverse Cowgirl Anal dan Brunette Amatir,https://cdn.adidssd7.workers.dev/?id=image-cdn.tik.porn/video/6/6915/tryptic.jpg?ver=3,Video paling menarik hari ini. Bikin makin betah nonton. #fyp #viral #trending,6915,UFLAPQ
3mfdgc-film-seksi-dewasa-deepthroat-dan-indian-amateur-pov-823852,[3MFDGC] Film seksi dewasa Deepthroat dan Indian Amateur POV,https://cdn.adidssd7.workers.dev/?id=image-cdn.tik.porn/video/823/823852/tryptic.jpg?ver=3,Jangan lewatkan keseruan ini! Update setiap hari. #fyp #viral #trending,823852,3MFDGC
yj49pa-mstx-blowjob-dan-brunette-pov-casting-porno-sex-1790,[YJ49PA] MSTX : Blowjob dan Brunette POV Casting Porno sex,https://cdn.adidssd7.workers.dev/?id=image-cdn.tik.porn/video/1/1790/tryptic.jpg?ver=3,Jangan lewatkan keseruan ini! Update setiap hari. #fyp #viral #trending,1790,YJ49PA
7a3ycb-youlovemadss-anal-porno-dan-petite-18-remaja-bocor-1790748,[7A3YCB] Youlovemadss Anal Porno dan Petite 18+ Remaja Bocor,https://cdn.adidssd7.workers.dev/?id=image-cdn.tik.porn/video/1790/1790748/tryptic.jpg?ver=2,Tonton sampai habis ya! Kualitas terbaik cuma di sini. #fyp #viral #trending,1790748,7A3YCB
d37mfu-leana-lovings-cum-pada-tabung-pussy-dan-threesome-pov-1830249,[D37MFU] Leana Lovings Cum pada tabung Pussy dan Threesome POV,https://cdn.adidssd7.workers.dev/?id=image-cdn.tik.porn/video/1830/1830249/tryptic.jpg?ver=2,Jangan lewatkan keseruan ini! Update setiap hari. #fyp #viral #trending,1830249,D37MFU
5w3jyp-berapa-lama-kamu-bisa-menangani-ejekanku-pussy-dicukur-payudara-besar-pantat-besar-pawg-brunette-menggoda-1689822,[5W3JYP] Berapa lama kamu bisa menangani ejekanku? 😏# Pussy Dicukur # Payudara Besar # Pantat Besar #PAWG #Brunette #Menggoda,https://cdn.adidssd7.workers.dev/?id=image-cdn.tik.porn/video/1689/1689822/tryptic.jpg?ver=4,Video paling menarik hari ini. Kualitas terbaik cuma di sini. #fyp #viral #trending,1689822,5W3JYP
6yue3r-piper-perri-oleh-blacks-on-blondes-blowjob-nsfw-panas-1689,[6YUE3R] Piper Perri oleh Blacks On Blondes Blowjob nsfw panas,https://cdn.adidssd7.workers.dev/?id=image-cdn.tik.porn/video/1/1689/tryptic.jpg?ver=3,Video paling menarik hari ini. Kualitas terbaik cuma di sini. #fyp #viral #trending,1689,6YUE3R
cz8369-maukah-kau-mencengkeram-pinggulku-dan-memukulku-seperti-gadis-nakal-1687715,[CZ8369] Maukah kau mencengkeram pinggulku dan memukulku seperti gadis nakal?,https://cdn.adidssd7.workers.dev/?id=image-cdn.tik.porn/video/1687/1687715/tryptic.jpg?ver=4,Video paling menarik hari ini. Kualitas terbaik cuma di sini. #fyp #viral #trending,1687715,CZ8369
qmrfxg-juicyjuless-sextoys-dan-brunette-solo-film-telanjang-1686707,[QMRFXG] Juicyjuless Sextoys dan Brunette Solo Film telanjang,https://cdn.adidssd7.workers.dev/?id=image-cdn.tik.porn/video/1686/1686707/tryptic.jpg?ver=4,Tonton sampai habis ya! Kualitas terbaik cuma di sini. #fyp #viral #trending,1686707,QMRFXG
qf5xh2-mia-malkova-oleh-pretty-dirty-blowjob-and-blonde-1686,[QF5XH2] Mia Malkova oleh Pretty Dirty Blowjob and Blonde,https://cdn.adidssd7.workers.dev/?id=image-cdn.tik.porn/video/1/1686/tryptic.jpg?ver=7,Jangan lewatkan keseruan ini! Update setiap hari. #fyp #viral #trending,1686,QF5XH2
bgvdzt-jam-3-pagi-dan-masih-terjaga-dan-terlalu-terangsang-1683326,[BGVDZT] jam 3 pagi dan masih terjaga dan terlalu terangsang 🌙,https://cdn.adidssd7.workers.dev/?id=image-cdn.tik.porn/video/1683/1683326/tryptic.jpg?ver=4,Jangan lewatkan keseruan ini! Update setiap hari. #fyp #viral #trending,1683326,BGVDZT
d27wz9-kagney-linn-karter-oleh-brazzers-blowjob-dan-milf-1683,[D27WZ9] Kagney Linn Karter oleh Brazzers Blowjob dan MILF,https://cdn.adidssd7.workers.dev/?id=image-cdn.tik.porn/video/1/1683/tryptic.jpg?ver=5,Jangan lewatkan keseruan ini! Update setiap hari. #fyp #viral #trending,1683,D27WZ9
xcnk8d-pussy-mengambil-dildo-saya-sekarang-sayang-1677838,[XCNK8D] Pussy mengambil dildo saya sekarang sayang,https://cdn.adidssd7.workers.dev/?id=image-cdn.tik.porn/video/1677/1677838/tryptic.jpg?ver=4,Jangan lewatkan keseruan ini! Update setiap hari. #fyp #viral #trending,1677838,XCNK8D
a2hsm3-pussy-ketat-dan-puting-gagahku-menunggumu-1512358,[A2HSM3] Pussy ketat dan puting gagahku menunggumu,https://cdn.adidssd7.workers.dev/?id=image-cdn.tik.porn/video/1512/1512358/tryptic.jpg?ver=4,Tonton sampai habis ya! Kualitas terbaik cuma di sini. #fyp #viral #trending,1512358,A2HSM3
79hgza-miniloonaa-boob-grab-dan-shaved-pussy-leaked-nsfw-900971,[79HGZA] Miniloonaa Boob Grab dan Shaved Pussy Leaked NSFW,https://cdn.adidssd7.workers.dev/?id=image-cdn.tik.porn/video/900/900971/tryptic.jpg?ver=3,Video paling menarik hari ini. Kualitas terbaik cuma di sini. #fyp #viral #trending,900971,79HGZA
6vpxat-teamskeet-blowjob-dan-payudara-besar-berambut-pirang-lesbian-900,[6VPXAT] TeamSkeet : Blowjob dan Payudara Besar Berambut Pirang Lesbian,https://cdn.adidssd7.workers.dev/?id=image-cdn.tik.porn/video/0/900/tryptic.jpg?ver=3,Tonton sampai habis ya! Kualitas terbaik cuma di sini. #fyp #viral #trending,900,6VPXAT
vukmgz-vanessa-rhd-menggoda-dan-stoking-18-remaja-xxx-hd-1739592,[VUKMGZ] Vanessa.rhd Menggoda dan Stoking 18+ Remaja xxx hd,https://cdn.adidssd7.workers.dev/?id=image-cdn.tik.porn/video/1739/1739592/tryptic.jpg?ver=6,Video paling menarik hari ini. Kualitas terbaik cuma di sini. #fyp #viral #trending,1739592,VUKMGZ
axzmrl-old-goes-young-blowjob-dan-outdoor-hd-nsfw-seksi-1739,[AXZMRL] Old Goes Young : Blowjob dan Outdoor hd nsfw seksi,https://cdn.adidssd7.workers.dev/?id=image-cdn.tik.porn/video/1/1739/tryptic.jpg?ver=3,Video paling menarik hari ini. Bikin makin betah nonton. #fyp #viral #trending,1739,AXZMRL
qjpuv2-kecantikan-asia-cocok-untuk-seks-anal-yang-menakjubkan-1199591,[QJPUV2] Kecantikan Asia cocok untuk seks anal yang menakjubkan,https://cdn.adidssd7.workers.dev/?id=image-cdn.tik.porn/video/1199/1199591/tryptic.jpg?ver=4,Video paling menarik hari ini. Bikin makin betah nonton. #fyp #viral #trending,1199591,QJPUV2
lkb2q5-persetan-atau-dipecat-blowjob-dan-payudara-besar-pirang-porno-1199,[LKB2Q5] Persetan Atau Dipecat : Blowjob dan Payudara Besar Pirang porno,https://cdn.adidssd7.workers.dev/?id=image-cdn.tik.porn/video/1/1199/tryptic.jpg?ver=3,Video paling menarik hari ini. Kualitas terbaik cuma di sini. #fyp #viral #trending,1199,LKB2Q5
4tvwgf-mulanvuittonvip-doggystyle-dan-bocor-pawg-sex-hd-873860,[4TVWGF] Mulanvuittonvip Doggystyle dan Bocor PAWG sex hd,https://cdn.adidssd7.workers.dev/?id=image-cdn.tik.porn/video/873/873860/tryptic.jpg?ver=3,Jangan lewatkan keseruan ini! Update setiap hari. #fyp #viral #trending,873860,4TVWGF
26tajk-ally-tate-dengan-peyton-coast-di-lubed-blowjob-tube-873,[26TAJK] Ally Tate dengan Peyton Coast di Lubed Blowjob tube,https://cdn.adidssd7.workers.dev/?id=image-cdn.tik.porn/video/0/873/tryptic.jpg?ver=7,Jangan lewatkan keseruan ini! Update setiap hari. #fyp #viral #trending,873,26TAJK
vmbwxp-porno-luar-ruang-remaja-bocor-pirang-pov-blowjob-1347095,[VMBWXP] # Porno Luar Ruang #Remaja #Bocor #Pirang #POV #Blowjob,https://cdn.adidssd7.workers.dev/?id=image-cdn.tik.porn/video/1347/1347095/tryptic.jpg?ver=4,Tonton sampai habis ya! Kualitas terbaik cuma di sini. #fyp #viral #trending,1347095,VMBWXP
masu49-jezabel-vessir-oleh-we-fuck-black-girls-hd-porn-sex-4386,[MASU49] Jezabel Vessir oleh We Fuck Black Girls hd porn sex,https://cdn.adidssd7.workers.dev/?id=image-cdn.tik.porn/video/4/4386/tryptic.jpg?ver=3,Video paling menarik hari ini. Kualitas terbaik cuma di sini. #fyp #viral #trending,4386,MASU49
javnqt-malaikat-jahat-anal-dan-pussy-dicukur-big-ass-milf-4,[JAVNQT] Malaikat Jahat: Anal dan Pussy Dicukur Big Ass MILF,https://cdn.adidssd7.workers.dev/?id=image-cdn.tik.porn/video/0/4/tryptic.jpg?ver=3,Video paling menarik hari ini. Kualitas terbaik cuma di sini. #fyp #viral #trending,4,JAVNQT
cl67wm-busty-ebony-menunjukkan-natural-big-tits---nya-1702758,[CL67WM] Busty ebony menunjukkan #Natural Big Tits - nya,https://cdn.adidssd7.workers.dev/?id=image-cdn.tik.porn/video/1702/1702758/tryptic.jpg?ver=4,Video paling menarik hari ini. Kualitas terbaik cuma di sini. #fyp #viral #trending,1702758,CL67WM
dlcqwz-piper-perri-oleh-blacked-raw-blowjob-dan-big-dick-1702,[DLCQWZ] Piper Perri oleh Blacked Raw Blowjob dan Big Dick,https://cdn.adidssd7.workers.dev/?id=image-cdn.tik.porn/video/1/1702/tryptic.jpg?ver=5,Tonton sampai habis ya! Kualitas terbaik cuma di sini. #fyp #viral #trending,1702,DLCQWZ
b6qtzw-masturbasi-wanita-isisxox-dan-payudara-besar-alami-1173369,[B6QTZW] Masturbasi Wanita Isisxox dan Payudara Besar Alami,https://cdn.adidssd7.workers.dev/?id=image-cdn.tik.porn/video/1173/1173369/tryptic.jpg?ver=4,Jangan lewatkan keseruan ini! Update setiap hari. #fyp #viral #trending,1173369,B6QTZW
2kna9f-saya-dan-remaja-asia-saya-gf-suka-bercinta-1371434,[2KNA9F] Saya dan remaja asia saya GF suka bercinta,https://cdn.adidssd7.workers.dev/?id=image-cdn.tik.porn/video/1371/1371434/tryptic.jpg?ver=4,Tonton sampai habis ya! Kualitas terbaik cuma di sini. #fyp #viral #trending,1371434,2KNA9F
p386ks-romi-rain-oleh-blacked-blowjob-dan-brunette-hd-film-1371,[P386KS] Romi Rain oleh Blacked Blowjob dan Brunette hd film,https://cdn.adidssd7.workers.dev/?id=image-cdn.tik.porn/video/1/1371/tryptic.jpg?ver=3,Video paling menarik hari ini. Kualitas terbaik cuma di sini. #fyp #viral #trending,1371,P386KS
zfnpt6-tushy-klip-seks-misionaris-anal-dan-brunette-hd-8236,[ZFNPT6] Tushy : Klip seks misionaris Anal dan Brunette hd,https://cdn.adidssd7.workers.dev/?id=image-cdn.tik.porn/video/8/8236/tryptic.jpg?ver=5,Video paling menarik hari ini. Kualitas terbaik cuma di sini. #fyp #viral #trending,8236,ZFNPT6
7l896m-stassyscorpio-menampilkan-payudara-dan-rambut-coklat-hardcore-1698649,[7L896M] Stassyscorpio Menampilkan Payudara dan Rambut Coklat hardcore,https://cdn.adidssd7.workers.dev/?id=image-cdn.tik.porn/video/1698/1698649/tryptic.jpg?ver=4,Video paling menarik hari ini. Kualitas terbaik cuma di sini. #fyp #viral #trending,1698649,7L896M
gqynx8-evelyngoddess-menggoda-dan-nude-tattoo-porn-hd-xxx-1696969,[GQYNX8] Evelyngoddess Menggoda dan Nude Tattoo Porn hd xxx,https://cdn.adidssd7.workers.dev/?id=image-cdn.tik.porn/video/1696/1696969/tryptic.jpg?ver=4,Video paling menarik hari ini. Kualitas terbaik cuma di sini. #fyp #viral #trending,1696969,GQYNX8
up4tgk-tori-black-oleh-ztod-blowjob-dan-brunette-xxx-porno-1696,[UP4TGK] Tori Black oleh ZTOD Blowjob dan Brunette xxx porno,https://cdn.adidssd7.workers.dev/?id=image-cdn.tik.porn/video/1/1696/tryptic.jpg?ver=7,Jangan lewatkan keseruan ini! Update setiap hari. #fyp #viral #trending,1696,UP4TGK
5x4km8-menarik-top-up-saya-karena-saya-bosan-dan-ingin-melihat-payudara-saya-sekali-1693154,[5X4KM8] Menarik top up saya karena saya bosan dan ingin melihat payudara saya sekali,https://cdn.adidssd7.workers.dev/?id=image-cdn.tik.porn/video/1693/1693154/tryptic.jpg?ver=4,Video paling menarik hari ini. Bikin makin betah nonton. #fyp #viral #trending,1693154,5X4KM8
gdvn9q-brandi-love-oleh-pure-mature-blowjob-dan-blonde-sex-1693,[GDVN9Q] Brandi Love oleh Pure Mature Blowjob dan Blonde sex,https://cdn.adidssd7.workers.dev/?id=image-cdn.tik.porn/video/1/1693/tryptic.jpg?ver=3,Jangan lewatkan keseruan ini! Update setiap hari. #fyp #viral #trending,1693,GDVN9Q
3nbv9p-persetan-denganku-di-dekat-jendela-menggoda-brunette-solo-seksi-telanjang-1691754,[3NBV9P] Persetan denganku di dekat jendela #Menggoda #Brunette #Solo #Seksi #Telanjang,https://cdn.adidssd7.workers.dev/?id=image-cdn.tik.porn/video/1691/1691754/tryptic.jpg?ver=4,Video paling menarik hari ini. Bikin makin betah nonton. #fyp #viral #trending,1691754,3NBV9P
xvb2uj-piper-perri-di-blacks-on-blondes-blowjob-xxx-seksi-1691,[XVB2UJ] Piper Perri di Blacks On Blondes Blowjob xxx seksi,https://cdn.adidssd7.workers.dev/?id=image-cdn.tik.porn/video/1/1691/tryptic.jpg?ver=3,Jangan lewatkan keseruan ini! Update setiap hari. #fyp #viral #trending,1691,XVB2UJ
sndru3-alyalya-menggoda-dan-rambut-coklat-stoking-solo-seksi-1689948,[SNDRU3] Alyalya Menggoda dan Rambut Coklat Stoking Solo Seksi,https://cdn.adidssd7.workers.dev/?id=image-cdn.tik.porn/video/1689/1689948/tryptic.jpg?ver=4,Video paling menarik hari ini. Kualitas terbaik cuma di sini. #fyp #viral #trending,1689948,SNDRU3
wtgv75-apa-pendapatmu-tentang-banci-berbulu-1556976,[WTGV75] Apa pendapatmu tentang banci berbulu?,https://cdn.adidssd7.workers.dev/?id=image-cdn.tik.porn/video/1556/1556976/tryptic.jpg?ver=4,Tonton sampai habis ya! Kualitas terbaik cuma di sini. #fyp #viral #trending,1556976,WTGV75
ejxf8p-teamskeet-blowjob-dan-redhead-big-ass-asia-xxx-1434,[EJXF8P] TeamSkeet : Blowjob dan Redhead Big Ass Asia xxx,https://cdn.adidssd7.workers.dev/?id=image-cdn.tik.porn/video/1/1434/tryptic.jpg?ver=3,Video paling menarik hari ini. Kualitas terbaik cuma di sini. #fyp #viral #trending,1434,EJXF8P
3n5vbl-ashleybambi-menggoda-dan-berambut-coklat-remaja-lucu-seksi-1434364,[3N5VBL] AshleyBambi Menggoda dan Berambut Coklat Remaja Lucu Seksi,https://cdn.adidssd7.workers.dev/?id=image-cdn.tik.porn/video/1434/1434364/tryptic.jpg?ver=4,Video paling menarik hari ini. Bikin makin betah nonton. #fyp #viral #trending,1434364,3N5VBL
f5ndq8-raja-realitas-blowjob-dan-payudara-besar-pirang-seksi-1801,[F5NDQ8] Raja Realitas: Blowjob dan Payudara Besar Pirang seksi,https://cdn.adidssd7.workers.dev/?id=image-cdn.tik.porn/video/1/1801/tryptic.jpg?ver=3,Jangan lewatkan keseruan ini! Update setiap hari. #fyp #viral #trending,1801,F5NDQ8
6ukz5v-penggemar-ini-harus-menggunakan-dildo-bbc-karena-penisnya-tidak-cukup-besar-untuk-meniduriku-1801283,[6UKZ5V] Penggemar ini harus menggunakan dildo BBC karena penisnya tidak cukup besar untuk meniduriku🤣,https://cdn.adidssd7.workers.dev/?id=image-cdn.tik.porn/video/1801/1801283/tryptic.jpg?ver=3,Tonton sampai habis ya! Kualitas terbaik cuma di sini. #fyp #viral #trending,1801283,6UKZ5V
72aw8s-kumohon-manjakan-dan-rawat-aku-1706846,[72AW8S] Kumohon manjakan dan rawat aku,https://cdn.adidssd7.workers.dev/?id=image-cdn.tik.porn/video/1706/1706846/tryptic.jpg?ver=4,Tonton sampai habis ya! Kualitas terbaik cuma di sini. #fyp #viral #trending,1706846,72AW8S
6tkcbx-clemenceaudiard-menggoda-dan-solo-redhead-porn-xxx-1703297,[6TKCBX] ClemenceAudiard Menggoda dan Solo Redhead Porn xxx,https://cdn.adidssd7.workers.dev/?id=image-cdn.tik.porn/video/1703/1703297/tryptic.jpg?ver=4,Video paling menarik hari ini. Bikin makin betah nonton. #fyp #viral #trending,1703297,6TKCBX
w7uc8d-alice-march-oleh-fantasy-hd-blowjob-dan-brunette-hd-1703,[W7UC8D] Alice March oleh Fantasy HD Blowjob dan Brunette hd,https://cdn.adidssd7.workers.dev/?id=image-cdn.tik.porn/video/1/1703/tryptic.jpg?ver=5,Video paling menarik hari ini. Bikin makin betah nonton. #fyp #viral #trending,1703,W7UC8D
jlc2gh-ingin-tahu-apa-yang-aku-sembunyikan-di-balik-rok-imut-ini-1701589,[JLC2GH] Ingin tahu apa yang aku sembunyikan di balik rok imut ini? 💋,https://cdn.adidssd7.workers.dev/?id=image-cdn.tik.porn/video/1701/1701589/tryptic.jpg?ver=4,Tonton sampai habis ya! Kualitas terbaik cuma di sini. #fyp #viral #trending,1701589,JLC2GH
lczqb5-angela-white-oleh-blacked-raw-blowjob-film-xxx-tube-1701,[LCZQB5] Angela White oleh Blacked Raw Blowjob film xxx tube,https://cdn.adidssd7.workers.dev/?id=image-cdn.tik.porn/video/1/1701/tryptic.jpg?ver=5,Jangan lewatkan keseruan ini! Update setiap hari. #fyp #viral #trending,1701,LCZQB5
hn2fwq-pacar-saya-tidak-tahu-saya-melakukan-ini-hari-ini-stoking-solo-menggoda-1700441,[HN2FWQ] Pacar saya tidak tahu saya melakukan ini hari ini #Stoking #Solo #Menggoda,https://cdn.adidssd7.workers.dev/?id=image-cdn.tik.porn/video/1700/1700441/tryptic.jpg?ver=4,Jangan lewatkan keseruan ini! Update setiap hari. #fyp #viral #trending,1700441,HN2FWQ
9d6zbk-holly-hendrix-at-holed-blowjob-and-pov-brunette-1700,[9D6ZBK] Holly Hendrix at Holed Blowjob and POV Brunette,https://cdn.adidssd7.workers.dev/?id=image-cdn.tik.porn/video/1/1700/tryptic.jpg?ver=3,Jangan lewatkan keseruan ini! Update setiap hari. #fyp #viral #trending,1700,9D6ZBK
gfdnaw-wanna-see-how-flexible-i-am-babe-1698334,[GFDNAW] Wanna see how flexible I am babe?,https://cdn.adidssd7.workers.dev/?id=image-cdn.tik.porn/video/1698/1698334/tryptic.jpg?ver=4,Jangan lewatkan keseruan ini! Update setiap hari. #fyp #viral #trending,1698334,GFDNAW
xucvhe-evil-angel-blowjob-and-brunette-big-dick-gratis-788,[XUCVHE] Evil Angel : Blowjob and Brunette Big Dick gratis,https://cdn.adidssd7.workers.dev/?id=image-cdn.tik.porn/video/0/788/tryptic.jpg?ver=5,Jangan lewatkan keseruan ini! Update setiap hari. #fyp #viral #trending,788,XUCVHE
v8dax6-creampie-and-pov-sextape-big-ass-brunette-nude-788719,[V8DAX6] Creampie and POV Sextape Big Ass Brunette Nude,https://cdn.adidssd7.workers.dev/?id=image-cdn.tik.porn/video/788/788719/tryptic.jpg?ver=3,Video paling menarik hari ini. Kualitas terbaik cuma di sini. #fyp #viral #trending,788719,V8DAX6
bxupyl-kagney-linn-karter-at-mofos-blowjob-and-big-dick-1010,[BXUPYL] Kagney Linn Karter at Mofos Blowjob and Big Dick,https://cdn.adidssd7.workers.dev/?id=image-cdn.tik.porn/video/1/1010/tryptic.jpg?ver=3,Tonton sampai habis ya! Kualitas terbaik cuma di sini. #fyp #viral #trending,1010,BXUPYL
2xzjyu-coupleflage-cumshot-and-redhead-nurse-glasses-xxx-1010948,[2XZJYU] Coupleflage Cumshot and Redhead Nurse Glasses xxx,https://cdn.adidssd7.workers.dev/?id=image-cdn.tik.porn/video/1010/1010948/tryptic.jpg?ver=4,Video paling menarik hari ini. Bikin makin betah nonton. #fyp #viral #trending,1010948,2XZJYU
jz745g-gratis-hardcore-movie-teasing-and-nude-sexy-funny-301897,[JZ745G] Gratis hardcore movie Teasing and Nude Sexy Funny,https://cdn.adidssd7.workers.dev/?id=image-cdn.tik.porn/video/301/301897/tryptic.jpg?ver=3,Tonton sampai habis ya! Kualitas terbaik cuma di sini. #fyp #viral #trending,301897,JZ745G
985pyh-hd-film-deepthroat-and-brunette-amateur-big-boobs-375887,[985PYH] Hd film Deepthroat and Brunette Amateur Big Boobs,https://cdn.adidssd7.workers.dev/?id=image-cdn.tik.porn/video/375/375887/tryptic.jpg?ver=3,Video paling menarik hari ini. Bikin makin betah nonton. #fyp #viral #trending,375887,985PYH
jhqx9l-fingering-my-soaked-pussy-solo-female-masturbation-1716891,[JHQX9L] Fingering my soaked pussy #Solo #Female Masturbation,https://cdn.adidssd7.workers.dev/?id=image-cdn.tik.porn/video/1716/1716891/tryptic.jpg?ver=4,Video paling menarik hari ini. Kualitas terbaik cuma di sini. #fyp #viral #trending,1716891,JHQX9L
uyf2mp-clubsweethearts-blowjob-and-outdoor-hairy-pussy-1716,[UYF2MP] ClubSweethearts : Blowjob and Outdoor Hairy Pussy,https://cdn.adidssd7.workers.dev/?id=image-cdn.tik.porn/video/1/1716/tryptic.jpg?ver=5,Jangan lewatkan keseruan ini! Update setiap hari. #fyp #viral #trending,1716,UYF2MP
jwryx5-spread-my-legs-in-front-of-the-mirror-because-i-was-just-too-bored-tonight-1714560,[JWRYX5] Spread my legs in front of the mirror because i was just too bored tonight,https://cdn.adidssd7.workers.dev/?id=image-cdn.tik.porn/video/1714/1714560/tryptic.jpg?ver=4,Jangan lewatkan keseruan ini! Update setiap hari. #fyp #viral #trending,1714560,JWRYX5
cfn85z-melissalee-showing-boobs-and-natural-big-tits-hd-1710003,[CFN85Z] Melissalee Showing Boobs and Natural Big Tits hd,https://cdn.adidssd7.workers.dev/?id=image-cdn.tik.porn/video/1710/1710003/tryptic.jpg?ver=4,Video paling menarik hari ini. Kualitas terbaik cuma di sini. #fyp #viral #trending,1710003,CFN85Z
7w4rxm-julia-roca-by-fantasy-hd-blowjob-and-brunette-hot-1710,[7W4RXM] Julia Roca by Fantasy HD Blowjob and Brunette hot,https://cdn.adidssd7.workers.dev/?id=image-cdn.tik.porn/video/1/1710/tryptic.jpg?ver=7,Tonton sampai habis ya! Kualitas terbaik cuma di sini. #fyp #viral #trending,1710,7W4RXM
yz2msb-midnight-and-just-really-needing-to-touch-myself-tonight-1711452,[YZ2MSB] Midnight and just really needing to touch myself tonight 😈,https://cdn.adidssd7.workers.dev/?id=image-cdn.tik.porn/video/1711/1711452/tryptic.jpg?ver=4,Video paling menarik hari ini. Bikin makin betah nonton. #fyp #viral #trending,1711452,YZ2MSB
ahn34k-fantasy-hd-blowjob-and-milf-big-dick-pov-xxx-hd-1711,[AHN34K] Fantasy HD : Blowjob and MILF Big Dick POV xxx hd,https://cdn.adidssd7.workers.dev/?id=image-cdn.tik.porn/video/1/1711/tryptic.jpg?ver=3,Jangan lewatkan keseruan ini! Update setiap hari. #fyp #viral #trending,1711,AHN34K
bjtk6c-2am-and-i-m-just-here-playing-with-my-pussy-1706944,[BJTK6C] 2am and i’m just here playing with my pussy 💋,https://cdn.adidssd7.workers.dev/?id=image-cdn.tik.porn/video/1706/1706944/tryptic.jpg?ver=4,Video paling menarik hari ini. Kualitas terbaik cuma di sini. #fyp #viral #trending,1706944,BJTK6C
cnm63k-tiny-4k-blowjob-and-blonde-small-tits-big-dick-1781,[CNM63K] Tiny 4K : Blowjob and Blonde Small Tits Big Dick,https://cdn.adidssd7.workers.dev/?id=image-cdn.tik.porn/video/1/1781/tryptic.jpg?ver=5,Tonton sampai habis ya! Kualitas terbaik cuma di sini. #fyp #viral #trending,1781,CNM63K
bzwlxt-anyone-here-who-can-do-beter-than-this-tiny-dick-fan-i-had-to-call-my-friend-with-a-bbc-dildo-instead-1781998,[BZWLXT] Anyone here who can do beter than this tiny dick fan? I had to call my friend with a BBC dildo instead💀,https://cdn.adidssd7.workers.dev/?id=image-cdn.tik.porn/video/1781/1781998/tryptic.jpg?ver=3,Jangan lewatkan keseruan ini! Update setiap hari. #fyp #viral #trending,1781998,BZWLXT
xgrfzs-lana-rhoades-at-hard-x-spooning-anal-and-hardcore-187356,[XGRFZS] Lana Rhoades at Hard X Spooning Anal and Hardcore,https://cdn.adidssd7.workers.dev/?id=image-cdn.tik.porn/video/187/187356/tryptic.jpg?ver=6,Video paling menarik hari ini. Bikin makin betah nonton. #fyp #viral #trending,187356,XGRFZS
yh6mjw-louise-vip-sextoys-and-solo-naked-big-ass-film-hd-1734986,[YH6MJW] Louise_vip Sextoys and Solo Naked Big Ass film hd,https://cdn.adidssd7.workers.dev/?id=image-cdn.tik.porn/video/1734/1734986/tryptic.jpg?ver=3,Video paling menarik hari ini. Kualitas terbaik cuma di sini. #fyp #viral #trending,1734986,YH6MJW
8vj7wx-fantasy-hd-blowjob-and-teen-blonde-big-boobs-hd-1734,[8VJ7WX] Fantasy HD : Blowjob and Teen Blonde Big Boobs hd,https://cdn.adidssd7.workers.dev/?id=image-cdn.tik.porn/video/1/1734/tryptic.jpg?ver=3,Tonton sampai habis ya! Kualitas terbaik cuma di sini. #fyp #viral #trending,1734,8VJ7WX
mr3dte-mikki69-teasing-and-tattoo-porn-naked-film-xxx-hd-1728924,[MR3DTE] Mikki69 Teasing and Tattoo Porn Naked film xxx hd,https://cdn.adidssd7.workers.dev/?id=image-cdn.tik.porn/video/1728/1728924/tryptic.jpg?ver=3,Tonton sampai habis ya! Kualitas terbaik cuma di sini. #fyp #viral #trending,1728924,MR3DTE
2f9nz4-brazzers-blowjob-and-big-dick-milf-brunette-sex-1728,[2F9NZ4] Brazzers : Blowjob and Big Dick MILF Brunette sex,https://cdn.adidssd7.workers.dev/?id=image-cdn.tik.porn/video/1/1728/tryptic.jpg?ver=5,Video paling menarik hari ini. Kualitas terbaik cuma di sini. #fyp #viral #trending,1728,2F9NZ4
h5qj36-obsessed-with-how-this-smooth-toy-feels-inside-me-1724766,[H5QJ36] Obsessed with how this smooth toy feels inside me 💕.,https://cdn.adidssd7.workers.dev/?id=image-cdn.tik.porn/video/1724/1724766/tryptic.jpg?ver=4,Video paling menarik hari ini. Bikin makin betah nonton. #fyp #viral #trending,1724766,H5QJ36
6reg4n-fantasy-hd-blowjob-and-asian-brunette-cfnm-nsfw-1724,[6REG4N] Fantasy HD : Blowjob and Asian Brunette CFNM nsfw,https://cdn.adidssd7.workers.dev/?id=image-cdn.tik.porn/video/1/1724/tryptic.jpg?ver=5,Video paling menarik hari ini. Bikin makin betah nonton. #fyp #viral #trending,1724,6REG4N
epbcj3-mimipolina-teasing-and-solo-petite-blonde-nude-hd-1723303,[EPBCJ3] MimiPolina Teasing and Solo Petite Blonde Nude hd,https://cdn.adidssd7.workers.dev/?id=image-cdn.tik.porn/video/1723/1723303/tryptic.jpg?ver=4,Tonton sampai habis ya! Kualitas terbaik cuma di sini. #fyp #viral #trending,1723303,EPBCJ3
nw2kq4-3am-and-bored-as-hell-staring-at-my-reflection-1719012,[NW2KQ4] 3am and bored as hell staring at my reflection 😈,https://cdn.adidssd7.workers.dev/?id=image-cdn.tik.porn/video/1719/1719012/tryptic.jpg?ver=4,Video paling menarik hari ini. Bikin makin betah nonton. #fyp #viral #trending,1719012,NW2KQ4
xadul2-fantasy-hd-blowjob-and-brunette-cfnm-teen-porno-1719,[XADUL2] Fantasy HD : Blowjob and Brunette CFNM Teen porno,https://cdn.adidssd7.workers.dev/?id=image-cdn.tik.porn/video/1/1719/tryptic.jpg?ver=5,Video paling menarik hari ini. Kualitas terbaik cuma di sini. #fyp #viral #trending,1719,XADUL2
zkuhga-private-blowjob-and-big-boobs-hairy-pussy-nsfw-679,[ZKUHGA] Private : Blowjob and Big Boobs Hairy Pussy nsfw,https://cdn.adidssd7.workers.dev/?id=image-cdn.tik.porn/video/0/679/tryptic.jpg?ver=3,Video paling menarik hari ini. Bikin makin betah nonton. #fyp #viral #trending,679,ZKUHGA
xdk97f-adult-full-length-and-pov-big-ass-asian-big-dick-679596,[XDK97F] Adult Full Length and POV Big Ass Asian Big Dick,https://cdn.adidssd7.workers.dev/?id=image-cdn.tik.porn/video/679/679596/tryptic.jpg?ver=3,Video paling menarik hari ini. Bikin makin betah nonton. #fyp #viral #trending,679596,XDK97F
yl6fhs-sex-hd-cowgirl-and-hairy-pussy-amateur-pov-indian-924715,[YL6FHS] Sex hd Cowgirl and Hairy Pussy Amateur POV Indian,https://cdn.adidssd7.workers.dev/?id=image-cdn.tik.porn/video/924/924715/tryptic.jpg?ver=4,Jangan lewatkan keseruan ini! Update setiap hari. #fyp #viral #trending,924715,YL6FHS
qd267e-dillion-harper-at-povd-bouncing-boobs-clips-porno-11162,[QD267E] Dillion Harper at POVD Bouncing Boobs clips porno,https://cdn.adidssd7.workers.dev/?id=image-cdn.tik.porn/video/11/11162/tryptic.jpg?ver=3,Video paling menarik hari ini. Bikin makin betah nonton. #fyp #viral #trending,11162,QD267E
b5vlyc-dirty-doctor-blowjob-and-teen-brunette-sex-porn-682,[B5VLYC] Dirty Doctor : Blowjob and Teen Brunette sex porn,https://cdn.adidssd7.workers.dev/?id=image-cdn.tik.porn/video/0/682/tryptic.jpg?ver=5,Video paling menarik hari ini. Kualitas terbaik cuma di sini. #fyp #viral #trending,682,B5VLYC
wgu839-hd-doggystyle-and-petite-pov-interracial-big-dick-682361,[WGU839] Hd Doggystyle and Petite POV Interracial Big Dick,https://cdn.adidssd7.workers.dev/?id=image-cdn.tik.porn/video/682/682361/tryptic.jpg?ver=3,Video paling menarik hari ini. Kualitas terbaik cuma di sini. #fyp #viral #trending,682361,WGU839
93jns7-bent-over-and-feeling-like-a-total-slut-tonight-1752241,[93JNS7] Bent over and feeling like a total slut tonight 🔥,https://cdn.adidssd7.workers.dev/?id=image-cdn.tik.porn/video/1752/1752241/tryptic.jpg?ver=3,Tonton sampai habis ya! Kualitas terbaik cuma di sini. #fyp #viral #trending,1752241,93JNS7
zvmly7-christiana-cinn-at-tushy-blowjob-and-milf-film-hd-1752,[ZVMLY7] Christiana Cinn at Tushy Blowjob and MILF film hd,https://cdn.adidssd7.workers.dev/?id=image-cdn.tik.porn/video/1/1752/tryptic.jpg?ver=3,Video paling menarik hari ini. Bikin makin betah nonton. #fyp #viral #trending,1752,ZVMLY7
upcbjf-lunarivy-feet-porn-and-shaved-pussy-18-teen-sexy-1754054,[UPCBJF] LunarIvy Feet Porn and Shaved Pussy 18+ Teen Sexy,https://cdn.adidssd7.workers.dev/?id=image-cdn.tik.porn/video/1754/1754054/tryptic.jpg?ver=3,Jangan lewatkan keseruan ini! Update setiap hari. #fyp #viral #trending,1754054,UPCBJF
hkev42-family-strokes-blowjob-and-step-family-big-dick-1754,[HKEV42] Family Strokes : Blowjob and Step Family Big Dick,https://cdn.adidssd7.workers.dev/?id=image-cdn.tik.porn/video/1/1754/tryptic.jpg?ver=3,Tonton sampai habis ya! Kualitas terbaik cuma di sini. #fyp #viral #trending,1754,HKEV42
ht7g5l-way-too-horny-to-be-sleeping-alone-1744219,[HT7G5L] Way too horny to be sleeping alone 😈,https://cdn.adidssd7.workers.dev/?id=image-cdn.tik.porn/video/1744/1744219/tryptic.jpg?ver=3,Jangan lewatkan keseruan ini! Update setiap hari. #fyp #viral #trending,1744219,HT7G5L
w3tcv2-tiny-4k-blowjob-and-big-ass-small-tits-sex-film-1744,[W3TCV2] Tiny 4K : Blowjob and Big Ass Small Tits sex film,https://cdn.adidssd7.workers.dev/?id=image-cdn.tik.porn/video/1/1744/tryptic.jpg?ver=3,Tonton sampai habis ya! Kualitas terbaik cuma di sini. #fyp #viral #trending,1744,W3TCV2
7yw9fk-cutemiaevans-teasing-and-small-tits-brunette-nsfw-1743001,[7YW9FK] Cutemiaevans Teasing and Small Tits Brunette nsfw,https://cdn.adidssd7.workers.dev/?id=image-cdn.tik.porn/video/1743/1743001/tryptic.jpg?ver=3,Tonton sampai habis ya! Kualitas terbaik cuma di sini. #fyp #viral #trending,1743001,7YW9FK
nmjrpd-kamynamy-teasing-and-nude-brunette-sexy-stockings-1742133,[NMJRPD] KamyNamy Teasing and Nude Brunette Sexy Stockings,https://cdn.adidssd7.workers.dev/?id=image-cdn.tik.porn/video/1742/1742133/tryptic.jpg?ver=3,Jangan lewatkan keseruan ini! Update setiap hari. #fyp #viral #trending,1742133,NMJRPD
wemkxh-21sextreme-blowjob-and-grandma-blonde-film-sexy-1293,[WEMKXH] 21Sextreme : Blowjob and Grandma Blonde film sexy,https://cdn.adidssd7.workers.dev/?id=image-cdn.tik.porn/video/1/1293/tryptic.jpg?ver=5,Tonton sampai habis ya! Kualitas terbaik cuma di sini. #fyp #viral #trending,1293,WEMKXH
w5merb-hot-pissing-and-nude-big-ass-fetish-porn-brunette-1293475,[W5MERB] Hot Pissing and Nude Big Ass Fetish Porn Brunette,https://cdn.adidssd7.workers.dev/?id=image-cdn.tik.porn/video/1293/1293475/tryptic.jpg?ver=4,Jangan lewatkan keseruan ini! Update setiap hari. #fyp #viral #trending,1293475,W5MERB
d3lbw4-liza-del-sierra-at-21sextury-blowjob-and-brunette-424,[D3LBW4] Liza Del Sierra at 21Sextury Blowjob and Brunette,https://cdn.adidssd7.workers.dev/?id=image-cdn.tik.porn/video/0/424/tryptic.jpg?ver=3,Jangan lewatkan keseruan ini! Update setiap hari. #fyp #viral #trending,424,D3LBW4
cujyzl-xxx-sexy-orgasm-and-big-dick-hardcore-interracial-424187,[CUJYZL] Xxx sexy Orgasm and Big Dick Hardcore Interracial,https://cdn.adidssd7.workers.dev/?id=image-cdn.tik.porn/video/424/424187/tryptic.jpg?ver=3,Tonton sampai habis ya! Kualitas terbaik cuma di sini. #fyp #viral #trending,424187,CUJYZL
le6bc3-sex-hd-anal-gaping-and-milf-big-boobs-step-family-374417,[LE6BC3] Sex hd Anal Gaping and MILF Big Boobs Step Family,https://cdn.adidssd7.workers.dev/?id=image-cdn.tik.porn/video/374/374417/tryptic.jpg?ver=3,Tonton sampai habis ya! Kualitas terbaik cuma di sini. #fyp #viral #trending,374417,LE6BC3
ezl8sq-alexis-texas-at-pornpros-blowjob-and-milf-blonde-421,[EZL8SQ] Alexis Texas at PornPros Blowjob and MILF Blonde,https://cdn.adidssd7.workers.dev/?id=image-cdn.tik.porn/video/0/421/tryptic.jpg?ver=3,Video paling menarik hari ini. Bikin makin betah nonton. #fyp #viral #trending,421,EZL8SQ
7jqfsp-xxx-video-tube-doggystyle-and-pov-big-ass-421891,[7JQFSP] Xxx video tube Doggystyle and POV Big Ass,https://cdn.adidssd7.workers.dev/?id=image-cdn.tik.porn/video/421/421891/tryptic.jpg?ver=3,Jangan lewatkan keseruan ini! Update setiap hari. #fyp #viral #trending,421891,7JQFSP
xhyg4j-lia69airi-showing-boobs-and-blonde-solo-porn-tube-1761313,[XHYG4J] Lia69Airi Showing Boobs and Blonde Solo porn tube,https://cdn.adidssd7.workers.dev/?id=image-cdn.tik.porn/video/1761/1761313/tryptic.jpg?ver=3,Video paling menarik hari ini. Bikin makin betah nonton. #fyp #viral #trending,1761313,XHYG4J
6hgs5m-mia-malkova-by-blacked-blowjob-and-cfnm-blonde-1761,[6HGS5M] Mia Malkova by Blacked Blowjob and CFNM Blonde,https://cdn.adidssd7.workers.dev/?id=image-cdn.tik.porn/video/1/1761/tryptic.jpg?ver=3,Tonton sampai habis ya! Kualitas terbaik cuma di sini. #fyp #viral #trending,1761,6HGS5M
jhrge9-julia404foxy-showing-boobs-and-small-tits-solo-1757827,[JHRGE9] Julia404foxy Showing Boobs and Small Tits Solo,https://cdn.adidssd7.workers.dev/?id=image-cdn.tik.porn/video/1757/1757827/tryptic.jpg?ver=3,Tonton sampai habis ya! Kualitas terbaik cuma di sini. #fyp #viral #trending,1757827,JHRGE9
w5uade-victoria-junes-at-blacked-blowjob-and-latina-hot-1757,[W5UADE] Victoria junes  at Blacked Blowjob and Latina hot,https://cdn.adidssd7.workers.dev/?id=image-cdn.tik.porn/video/1/1757/tryptic.jpg?ver=5,Video paling menarik hari ini. Bikin makin betah nonton. #fyp #viral #trending,1757,W5UADE
blt6dx-ellieelthie-teasing-and-shaved-pussy-nude-petite-1753109,[BLT6DX] Ellieelthie Teasing and Shaved Pussy Nude Petite,https://cdn.adidssd7.workers.dev/?id=image-cdn.tik.porn/video/1753/1753109/tryptic.jpg?ver=3,Video paling menarik hari ini. Bikin makin betah nonton. #fyp #viral #trending,1753109,BLT6DX
jntdh9-christiana-cinn-at-tushy-blowjob-and-big-boobs-1753,[JNTDH9] Christiana Cinn at Tushy Blowjob and Big Boobs,https://cdn.adidssd7.workers.dev/?id=image-cdn.tik.porn/video/1/1753/tryptic.jpg?ver=3,Video paling menarik hari ini. Kualitas terbaik cuma di sini. #fyp #viral #trending,1753,JNTDH9
x92qam-nikaname-showing-boobs-and-sexy-solo-nude-blonde-1754194,[X92QAM] NikaName Showing Boobs and Sexy Solo Nude Blonde,https://cdn.adidssd7.workers.dev/?id=image-cdn.tik.porn/video/1754/1754194/tryptic.jpg?ver=3,Video paling menarik hari ini. Bikin makin betah nonton. #fyp #viral #trending,1754194,X92QAM
a5mcf2-loving-how-this-red-lace-feels-on-me-1750232,[A5MCF2] Loving how this red lace feels on me 💋🔥,https://cdn.adidssd7.workers.dev/?id=image-cdn.tik.porn/video/1750/1750232/tryptic.jpg?ver=3,Tonton sampai habis ya! Kualitas terbaik cuma di sini. #fyp #viral #trending,1750232,A5MCF2
flb4ua-reality-kings-blowjob-and-threesome-milf-sex-hd-1750,[FLB4UA] Reality Kings : Blowjob and Threesome MILF sex hd,https://cdn.adidssd7.workers.dev/?id=image-cdn.tik.porn/video/1/1750/tryptic.jpg?ver=3,Video paling menarik hari ini. Bikin makin betah nonton. #fyp #viral #trending,1750,FLB4UA
e83npg-asa-akira-at-nuru-massage-massage-and-brunette-213,[E83NPG] Asa Akira at Nuru Massage Massage and Brunette,https://cdn.adidssd7.workers.dev/?id=image-cdn.tik.porn/video/0/213/tryptic.jpg?ver=3,Tonton sampai habis ya! Kualitas terbaik cuma di sini. #fyp #viral #trending,213,E83NPG
qn2fbk-mandingo-with-jojo-kiss-doggystyle-movie-porno-hd-213256,[QN2FBK] Mandingo with Jojo Kiss Doggystyle movie porno hd,https://cdn.adidssd7.workers.dev/?id=image-cdn.tik.porn/video/213/213256/tryptic.jpg?ver=8,Video paling menarik hari ini. Kualitas terbaik cuma di sini. #fyp #viral #trending,213256,QN2FBK
tpf43a-blowjob-and-big-boobs-big-dick-hentai-uncensored-277082,[TPF43A] Blowjob and Big Boobs Big Dick Hentai Uncensored,https://cdn.adidssd7.workers.dev/?id=image-cdn.tik.porn/video/277/277082/tryptic.jpg?ver=3,Jangan lewatkan keseruan ini! Update setiap hari. #fyp #viral #trending,277082,TPF43A
sfbjtq-laundry-days-with-a-twist-of-wild-1790139,[SFBJTQ] Laundry days with a twist of wild,https://cdn.adidssd7.workers.dev/?id=image-cdn.tik.porn/video/1790/1790139/tryptic.jpg?ver=3,Jangan lewatkan keseruan ini! Update setiap hari. #fyp #viral #trending,1790139,SFBJTQ
xzh8r4-felt-horny-after-the-shower-so-i-pulled-this-big-dildo-to-cum-1430304,[XZH8R4] Felt horny after the shower so I pulled this big dildo to cum,https://cdn.adidssd7.workers.dev/?id=image-cdn.tik.porn/video/1430/1430304/tryptic.jpg?ver=4,Jangan lewatkan keseruan ini! Update setiap hari. #fyp #viral #trending,1430304,XZH8R4
be9sdk-tainster-pissing-on-men-and-blonde-stockings-hd-197,[BE9SDK] Tainster : Pissing on Men and Blonde Stockings hd,https://cdn.adidssd7.workers.dev/?id=image-cdn.tik.porn/video/0/197/tryptic.jpg?ver=5,Jangan lewatkan keseruan ini! Update setiap hari. #fyp #viral #trending,197,BE9SDK
dlfh7m-dani-daniels-squirt-and-violent-sex-xxx-clips-hot-197384,[DLFH7M] Dani Daniels Squirt and Violent Sex xxx clips hot,https://cdn.adidssd7.workers.dev/?id=image-cdn.tik.porn/video/197/197384/tryptic.jpg?ver=4,Video paling menarik hari ini. Kualitas terbaik cuma di sini. #fyp #viral #trending,197384,DLFH7M
k8ajrv-doggystyle-with-sweetheartxo21-1787017-1787017,[K8AJRV] Doggystyle with Sweetheartxo21 (1787017),https://cdn.adidssd7.workers.dev/?id=image-cdn.tik.porn/video/1787/1787017/tryptic.jpg?ver=2,Jangan lewatkan keseruan ini! Update setiap hari. #fyp #viral #trending,1787017,K8AJRV
q6h9ja-tiny-4k-blowjob-and-teen-small-tits-threesome-1787,[Q6H9JA] Tiny 4K : Blowjob and Teen Small Tits Threesome,https://cdn.adidssd7.workers.dev/?id=image-cdn.tik.porn/video/1/1787/tryptic.jpg?ver=3,Video paling menarik hari ini. Bikin makin betah nonton. #fyp #viral #trending,1787,Q6H9JA
hqtgps-teasing-with-emily-sullivan-1765660-1765660,[HQTGPS] Teasing with Emily Sullivan (1765660),https://cdn.adidssd7.workers.dev/?id=image-cdn.tik.porn/video/1765/1765660/tryptic.jpg?ver=2,Video paling menarik hari ini. Kualitas terbaik cuma di sini. #fyp #viral #trending,1765660,HQTGPS
sg6nqk-female-masturbation-with-pixei-1746935-1746935,[SG6NQK] Female Masturbation with Pixei (1746935),https://cdn.adidssd7.workers.dev/?id=image-cdn.tik.porn/video/1746/1746935/tryptic.jpg?ver=2,Video paling menarik hari ini. Kualitas terbaik cuma di sini. #fyp #viral #trending,1746935,SG6NQK
a4zep2-aria-freckl-sextoys-and-shaved-pussy-redhead-porn-1758877,[A4ZEP2] Aria_freckl Sextoys and Shaved Pussy Redhead Porn,https://cdn.adidssd7.workers.dev/?id=image-cdn.tik.porn/video/1758/1758877/tryptic.jpg?ver=3,Video paling menarik hari ini. Bikin makin betah nonton. #fyp #viral #trending,1758877,A4ZEP2
zu4h7x-this-blue-dress-has-a-secret-1760235,[ZU4H7X] This blue dress has a secret..,https://cdn.adidssd7.workers.dev/?id=image-cdn.tik.porn/video/1760/1760235/tryptic.jpg?ver=3,Video paling menarik hari ini. Kualitas terbaik cuma di sini. #fyp #viral #trending,1760235,ZU4H7X
ls6fju-mia-malkova-by-blacked-blowjob-and-interracial-1760,[LS6FJU] Mia Malkova by Blacked Blowjob and Interracial,https://cdn.adidssd7.workers.dev/?id=image-cdn.tik.porn/video/1/1760/tryptic.jpg?ver=5,Tonton sampai habis ya! Kualitas terbaik cuma di sini. #fyp #viral #trending,1760,LS6FJU
t4egkm-tiny-body-huge-personality-endless-tattoos-dm-if-you-like-the-combo-1763910,[T4EGKM] Tiny body huge personality endless tattoos. dm if you like the combo,https://cdn.adidssd7.workers.dev/?id=image-cdn.tik.porn/video/1763/1763910/tryptic.jpg?ver=3,Tonton sampai habis ya! Kualitas terbaik cuma di sini. #fyp #viral #trending,1763910,T4EGKM
b6ylft-mia-malkova-at-blacked-blowjob-and-blonde-black-1763,[B6YLFT] Mia Malkova at Blacked Blowjob and Blonde Black,https://cdn.adidssd7.workers.dev/?id=image-cdn.tik.porn/video/1/1763/tryptic.jpg?ver=3,Video paling menarik hari ini. Kualitas terbaik cuma di sini. #fyp #viral #trending,1763,B6YLFT
fvbedn-i-wanna-ride-so-you-so-bad-like-i-m-riding-this-dildo-1703948,[FVBEDN] I wanna ride so you so bad like I'm riding this dildo,https://cdn.adidssd7.workers.dev/?id=image-cdn.tik.porn/video/1703/1703948/tryptic.jpg?ver=4,Video paling menarik hari ini. Bikin makin betah nonton. #fyp #viral #trending,1703948,FVBEDN
qftz4v-doggystyle-and-big-ass-interracial-big-dick-pov-701408,[QFTZ4V] Doggystyle and Big Ass Interracial Big Dick POV,https://cdn.adidssd7.workers.dev/?id=image-cdn.tik.porn/video/701/701408/tryptic.jpg?ver=3,Video paling menarik hari ini. Bikin makin betah nonton. #fyp #viral #trending,701408,QFTZ4V
2c6pwe-patriciahot-bouncing-boobs-and-nude-hot-sexy-film-1763378,[2C6PWE] PatriciaHot Bouncing Boobs and Nude hot sexy film,https://cdn.adidssd7.workers.dev/?id=image-cdn.tik.porn/video/1763/1763378/tryptic.jpg?ver=3,Jangan lewatkan keseruan ini! Update setiap hari. #fyp #viral #trending,1763378,2C6PWE
3r6qks-hormones-are-crazy-belly-is-huge-and-i-m-not-holding-back-anymore-1763847,[3R6QKS] Hormones are crazy belly is huge and i’m not holding back anymore,https://cdn.adidssd7.workers.dev/?id=image-cdn.tik.porn/video/1763/1763847/tryptic.jpg?ver=3,Video paling menarik hari ini. Bikin makin betah nonton. #fyp #viral #trending,1763847,3R6QKS
epnxv5-velvetvices-showing-boobs-and-curvy-thick-nude-1759745,[EPNXV5] Velvetvices Showing Boobs and Curvy & Thick Nude,https://cdn.adidssd7.workers.dev/?id=image-cdn.tik.porn/video/1759/1759745/tryptic.jpg?ver=3,Video paling menarik hari ini. Bikin makin betah nonton. #fyp #viral #trending,1759745,EPNXV5
8zcgs9-blacked-blowjob-and-big-dick-brunette-adult-xxx-1759,[8ZCGS9] Blacked : Blowjob and Big Dick Brunette adult xxx,https://cdn.adidssd7.workers.dev/?id=image-cdn.tik.porn/video/1/1759/tryptic.jpg?ver=5,Video paling menarik hari ini. Bikin makin betah nonton. #fyp #viral #trending,1759,8ZCGS9
74umnt-oh-no-i-slipped-o-funny-782713,[74UMNT] Oh no I slipped! :O #Funny,https://cdn.adidssd7.workers.dev/?id=image-cdn.tik.porn/video/782/782713/tryptic.jpg?ver=3,Video paling menarik hari ini. Kualitas terbaik cuma di sini. #fyp #viral #trending,782713,74UMNT
6xt89c-sofivirgin-showing-boobs-and-brunette-asian-video-1767998,[6XT89C] Sofivirgin Showing Boobs and Brunette Asian video,https://cdn.adidssd7.workers.dev/?id=image-cdn.tik.porn/video/1767/1767998/tryptic.jpg?ver=3,Tonton sampai habis ya! Kualitas terbaik cuma di sini. #fyp #viral #trending,1767998,6XT89C
3y4sd7-blacked-blowjob-and-black-interracial-blonde-hd-1767,[3Y4SD7] Blacked : Blowjob and Black Interracial Blonde hd,https://cdn.adidssd7.workers.dev/?id=image-cdn.tik.porn/video/1/1767/tryptic.jpg?ver=7,Jangan lewatkan keseruan ini! Update setiap hari. #fyp #viral #trending,1767,3Y4SD7
y4tpmc-monicawolf-female-masturbation-and-big-ass-free-1769286,[Y4TPMC] Monicawolf Female Masturbation and Big Ass free,https://cdn.adidssd7.workers.dev/?id=image-cdn.tik.porn/video/1769/1769286/tryptic.jpg?ver=3,Video paling menarik hari ini. Bikin makin betah nonton. #fyp #viral #trending,1769286,Y4TPMC
nl3svp-this-cutie-will-never-allow-you-to-pull-out-1770987,[NL3SVP] This cutie will never allow you to pull out,https://cdn.adidssd7.workers.dev/?id=image-cdn.tik.porn/video/1770/1770987/tryptic.jpg?ver=3,Tonton sampai habis ya! Kualitas terbaik cuma di sini. #fyp #viral #trending,1770987,NL3SVP
sfv4he-fresh-out-the-shower-feeling-needy-1784308,[SFV4HE] Fresh out the shower feeling needy,https://cdn.adidssd7.workers.dev/?id=image-cdn.tik.porn/video/1784/1784308/tryptic.jpg?ver=3,Video paling menarik hari ini. Kualitas terbaik cuma di sini. #fyp #viral #trending,1784308,SFV4HE
6chkst-tiny-4k-blowjob-and-small-tits-blonde-soft-teen-1784,[6CHKST] Tiny 4K : Blowjob and Small Tits Blonde Soft Teen,https://cdn.adidssd7.workers.dev/?id=image-cdn.tik.porn/video/1/1784/tryptic.jpg?ver=3,Tonton sampai habis ya! Kualitas terbaik cuma di sini. #fyp #viral #trending,1784,6CHKST
dbkpmq-lisacollinssw-oil-and-sexy-lingerie-small-tits-hd-1765114,[DBKPMQ] Lisacollinssw Oil and Sexy Lingerie Small Tits hd,https://cdn.adidssd7.workers.dev/?id=image-cdn.tik.porn/video/1765/1765114/tryptic.jpg?ver=3,Tonton sampai habis ya! Kualitas terbaik cuma di sini. #fyp #viral #trending,1765114,DBKPMQ
zjtdcf-i-m-the-kinda-girl-you-finish-in-1779947,[ZJTDCF] I’m the kinda girl you finish in,https://cdn.adidssd7.workers.dev/?id=image-cdn.tik.porn/video/1779/1779947/tryptic.jpg?ver=3,Tonton sampai habis ya! Kualitas terbaik cuma di sini. #fyp #viral #trending,1779947,ZJTDCF
x4ldhy-digital-playground-blowjob-and-big-boobs-blonde-1779,[X4LDHY] Digital Playground : Blowjob and Big Boobs Blonde,https://cdn.adidssd7.workers.dev/?id=image-cdn.tik.porn/video/1/1779/tryptic.jpg?ver=3,Video paling menarik hari ini. Bikin makin betah nonton. #fyp #viral #trending,1779,X4LDHY
htay8q-ivanochka-teasing-and-natural-big-tits-brunette-1-1775250,[HTAY8Q] Ivanochka Teasing and Natural Big Tits Brunette 1,https://cdn.adidssd7.workers.dev/?id=image-cdn.tik.porn/video/1775/1775250/tryptic.jpg?ver=3,Video paling menarik hari ini. Bikin makin betah nonton. #fyp #viral #trending,1775250,HTAY8Q
ezahvm-my-tits-always-get-the-attention-1772926,[EZAHVM] My tits always get the attention,https://cdn.adidssd7.workers.dev/?id=image-cdn.tik.porn/video/1772/1772926/tryptic.jpg?ver=3,Video paling menarik hari ini. Kualitas terbaik cuma di sini. #fyp #viral #trending,1772926,EZAHVM
sdtb86-i-love-being-a-slut-and-tonight-will-be-a-really-good-night-1771778,[SDTB86] I love being a slut and tonight will be a really good night,https://cdn.adidssd7.workers.dev/?id=image-cdn.tik.porn/video/1771/1771778/tryptic.jpg?ver=3,Video paling menarik hari ini. Bikin makin betah nonton. #fyp #viral #trending,1771778,SDTB86
n6hycr-ariella-ferrera-at-brazzers-blowjob-and-big-boobs-1771,[N6HYCR] Ariella Ferrera at Brazzers Blowjob and Big Boobs,https://cdn.adidssd7.workers.dev/?id=image-cdn.tik.porn/video/1/1771/tryptic.jpg?ver=3,Video paling menarik hari ini. Bikin makin betah nonton. #fyp #viral #trending,1771,N6HYCR
72cq4n-today-i-m-feeling-way-too-naughty-in-these-boots-1777462,[72CQ4N] Today I'm feeling way too naughty in these boots ;),https://cdn.adidssd7.workers.dev/?id=image-cdn.tik.porn/video/1777/1777462/tryptic.jpg?ver=3,Video paling menarik hari ini. Bikin makin betah nonton. #fyp #viral #trending,1777462,72CQ4N
wg3dl7-digital-playground-blowjob-and-big-boobs-hd-sex-1777,[WG3DL7] Digital Playground : Blowjob and Big Boobs hd sex,https://cdn.adidssd7.workers.dev/?id=image-cdn.tik.porn/video/1/1777/tryptic.jpg?ver=5,Tonton sampai habis ya! Kualitas terbaik cuma di sini. #fyp #viral #trending,1777,WG3DL7
prubze-licalicalica-showing-boobs-and-nude-small-tits-1782103,[PRUBZE] Licalicalica Showing Boobs and Nude Small Tits,https://cdn.adidssd7.workers.dev/?id=image-cdn.tik.porn/video/1782/1782103/tryptic.jpg?ver=3,Tonton sampai habis ya! Kualitas terbaik cuma di sini. #fyp #viral #trending,1782103,PRUBZE
rzch9b-would-you-love-to-motorboat-these-beauties-bouncing-boobs-brunette-bbw-natural-big-tits-naked-1782768,[RZCH9B] Would you love to motorboat these beauties? #Bouncing Boobs #Brunette #BBW #Natural Big Tits #Naked,https://cdn.adidssd7.workers.dev/?id=image-cdn.tik.porn/video/1782/1782768/tryptic.jpg?ver=3,Video paling menarik hari ini. Kualitas terbaik cuma di sini. #fyp #viral #trending,1782768,RZCH9B
g7jd4v-elinamissss-teasing-and-brunette-stockings-nude-1781592,[G7JD4V] Elinamissss Teasing and Brunette Stockings Nude,https://cdn.adidssd7.workers.dev/?id=image-cdn.tik.porn/video/1781/1781592/tryptic.jpg?ver=3,Video paling menarik hari ini. Kualitas terbaik cuma di sini. #fyp #viral #trending,1781592,G7JD4V
mv6xnq-i-wish-i-can-show-you-these-everyday-3-1780395,[MV6XNQ] I wish I can show you these everyday <3,https://cdn.adidssd7.workers.dev/?id=image-cdn.tik.porn/video/1780/1780395/tryptic.jpg?ver=3,Tonton sampai habis ya! Kualitas terbaik cuma di sini. #fyp #viral #trending,1780395,MV6XNQ
ayr4dp-scoutkate-striptease-and-brunette-solo-big-ass-1779422,[AYR4DP] Scoutkate Striptease and Brunette Solo Big Ass,https://cdn.adidssd7.workers.dev/?id=image-cdn.tik.porn/video/1779/1779422/tryptic.jpg?ver=3,Tonton sampai habis ya! Kualitas terbaik cuma di sini. #fyp #viral #trending,1779422,AYR4DP
tz8kvh-elliebunny-flexible-and-naked-shaved-pussy-hd-xxx-1789761,[TZ8KVH] Elliebunny Flexible and Naked Shaved Pussy hd xxx,https://cdn.adidssd7.workers.dev/?id=image-cdn.tik.porn/video/1789/1789761/tryptic.jpg?ver=3,Video paling menarik hari ini. Kualitas terbaik cuma di sini. #fyp #viral #trending,1789761,TZ8KVH
vbrjnp-tiny-4k-blowjob-and-blonde-teen-film-clips-nsfw-1789,[VBRJNP] Tiny 4K : Blowjob and Blonde Teen film clips nsfw,https://cdn.adidssd7.workers.dev/?id=image-cdn.tik.porn/video/1/1789/tryptic.jpg?ver=5,Tonton sampai habis ya! Kualitas terbaik cuma di sini. #fyp #viral #trending,1789,VBRJNP
762hja-jadiexbaddie-feet-porn-and-brunette-solo-adult-hd-1788578,[762HJA] Jadiexbaddie Feet Porn and Brunette Solo adult hd,https://cdn.adidssd7.workers.dev/?id=image-cdn.tik.porn/video/1788/1788578/tryptic.jpg?ver=3,Tonton sampai habis ya! Kualitas terbaik cuma di sini. #fyp #viral #trending,1788578,762HJA
kv9st3-tiny-4k-blowjob-and-big-boobs-brunette-asian-hd-1788,[KV9ST3] Tiny 4K : Blowjob and Big Boobs Brunette Asian hd,https://cdn.adidssd7.workers.dev/?id=image-cdn.tik.porn/video/1/1788/tryptic.jpg?ver=3,Tonton sampai habis ya! Kualitas terbaik cuma di sini. #fyp #viral #trending,1788,KV9ST3
sd4ytp-why-do-u-make-simple-things-glow-like-that-1787633,[SD4YTP] Why do u make simple things glow like that 🐰,https://cdn.adidssd7.workers.dev/?id=image-cdn.tik.porn/video/1787/1787633/tryptic.jpg?ver=3,Video paling menarik hari ini. Kualitas terbaik cuma di sini. #fyp #viral #trending,1787633,SD4YTP
ajn8rt-who-wanna-join-to-me-in-this-warm-bath-1787150,[AJN8RT] Who wanna join to me in this warm bath?,https://cdn.adidssd7.workers.dev/?id=image-cdn.tik.porn/video/1787/1787150/tryptic.jpg?ver=3,Jangan lewatkan keseruan ini! Update setiap hari. #fyp #viral #trending,1787150,AJN8RT
buyfel-aliceinked-bouncing-boobs-and-blonde-solo-hd-film-1783153,[BUYFEL] Aliceinked Bouncing Boobs and Blonde Solo hd film,https://cdn.adidssd7.workers.dev/?id=image-cdn.tik.porn/video/1783/1783153/tryptic.jpg?ver=3,Jangan lewatkan keseruan ini! Update setiap hari. #fyp #viral #trending,1783153,BUYFEL
4xpkyu-tiny-4k-blowjob-and-small-tits-blonde-outdoor-1783,[4XPKYU] Tiny 4K : Blowjob and Small Tits Blonde Outdoor,https://cdn.adidssd7.workers.dev/?id=image-cdn.tik.porn/video/1/1783/tryptic.jpg?ver=5,Jangan lewatkan keseruan ini! Update setiap hari. #fyp #viral #trending,1783,4XPKYU
wgtc8a-sophie-rain-twerk-and-compilation-hardcore-porn-349182,[WGTC8A] Sophie Rain Twerk and Compilation Hardcore Porn,https://cdn.adidssd7.workers.dev/?id=image-cdn.tik.porn/video/349/349182/tryptic.jpg?ver=3,Video paling menarik hari ini. Bikin makin betah nonton. #fyp #viral #trending,349182,WGTC8A
94dgn5-ariadollsnow-boob-grab-and-blonde-petite-1788529,[94DGN5] Ariadollsnow Boob Grab and Blonde Petite,https://cdn.adidssd7.workers.dev/?id=image-cdn.tik.porn/video/1788/1788529/tryptic.jpg?ver=3,Tonton sampai habis ya! Kualitas terbaik cuma di sini. #fyp #viral #trending,1788529,94DGN5
h3vxlt-missfrogg-teasing-and-nude-sexy-big-ass-blonde-1792596,[H3VXLT] Missfrogg Teasing and Nude Sexy Big Ass Blonde,https://cdn.adidssd7.workers.dev/?id=image-cdn.tik.porn/video/1792/1792596/tryptic.jpg?ver=3,Video paling menarik hari ini. Bikin makin betah nonton. #fyp #viral #trending,1792596,H3VXLT
d59b4s-dillion-harper-by-mofos-blowjob-and-big-ass-clips-1792,[D59B4S] Dillion Harper by Mofos Blowjob and Big Ass clips,https://cdn.adidssd7.workers.dev/?id=image-cdn.tik.porn/video/1/1792/tryptic.jpg?ver=5,Video paling menarik hari ini. Kualitas terbaik cuma di sini. #fyp #viral #trending,1792,D59B4S
gm7zac-katerina-23-bouncing-boobs-and-nude-curvy-thick-1790776,[GM7ZAC] Katerina_23 Bouncing Boobs and Nude Curvy & Thick,https://cdn.adidssd7.workers.dev/?id=image-cdn.tik.porn/video/1790/1790776/tryptic.jpg?ver=3,Video paling menarik hari ini. Kualitas terbaik cuma di sini. #fyp #viral #trending,1790776,GM7ZAC
fer6mh-obsessed-with-how-this-cute-little-plaid-skirt-fits-upskirt-female-masturbation-solo-blonde-1788515,[FER6MH] Obsessed with how this cute little plaid skirt fits. 🎀 #Upskirt #Female Masturbation #Solo #Blonde,https://cdn.adidssd7.workers.dev/?id=image-cdn.tik.porn/video/1788/1788515/tryptic.jpg?ver=3,Jangan lewatkan keseruan ini! Update setiap hari. #fyp #viral #trending,1788515,FER6MH
w3al87-mofos-blowjob-and-brunette-threesome-big-dick-960,[W3AL87] Mofos : Blowjob and Brunette Threesome Big Dick,https://cdn.adidssd7.workers.dev/?id=image-cdn.tik.porn/video/0/960/tryptic.jpg?ver=3,Jangan lewatkan keseruan ini! Update setiap hari. #fyp #viral #trending,960,W3AL87
bwva83-hot-clips-doggystyle-and-creamy-pussy-amateur-pov-960954,[BWVA83] Hot clips Doggystyle and Creamy Pussy Amateur POV,https://cdn.adidssd7.workers.dev/?id=image-cdn.tik.porn/video/960/960954/tryptic.jpg?ver=4,Jangan lewatkan keseruan ini! Update setiap hari. #fyp #viral #trending,960954,BWVA83
yg52bx-julietbby-female-masturbation-and-petite-1798399,[YG52BX] Julietbby Female Masturbation and Petite,https://cdn.adidssd7.workers.dev/?id=image-cdn.tik.porn/video/1798/1798399/tryptic.jpg?ver=3,Jangan lewatkan keseruan ini! Update setiap hari. #fyp #viral #trending,1798399,YG52BX
tbnk9u-teamskeet-blowjob-and-blonde-uniforms-porno-xxx-1798,[TBNK9U] TeamSkeet : Blowjob and Blonde Uniforms porno xxx,https://cdn.adidssd7.workers.dev/?id=image-cdn.tik.porn/video/1/1798/tryptic.jpg?ver=3,Video paling menarik hari ini. Bikin makin betah nonton. #fyp #viral #trending,1798,TBNK9U
hp4cbn-haileyberryy-teasing-and-brunette-naked-movie-sex-1794045,[HP4CBN] HaileyBerryy Teasing and Brunette Naked movie sex,https://cdn.adidssd7.workers.dev/?id=image-cdn.tik.porn/video/1794/1794045/tryptic.jpg?ver=3,Video paling menarik hari ini. Kualitas terbaik cuma di sini. #fyp #viral #trending,1794045,HP4CBN
9f38up-dillion-harper-by-mofos-blowjob-and-big-dick-pov-1794,[9F38UP] Dillion Harper by Mofos Blowjob and Big Dick POV,https://cdn.adidssd7.workers.dev/?id=image-cdn.tik.porn/video/1/1794/tryptic.jpg?ver=5,Jangan lewatkan keseruan ini! Update setiap hari. #fyp #viral #trending,1794,9F38UP
34uqwc-flashing-outside-gets-my-heart-racing-every-time-1795032,[34UQWC] Flashing outside gets my heart racing every time,https://cdn.adidssd7.workers.dev/?id=image-cdn.tik.porn/video/1795/1795032/tryptic.jpg?ver=3,Tonton sampai habis ya! Kualitas terbaik cuma di sini. #fyp #viral #trending,1795032,34UQWC
7r6jfb-sashariver-teasing-and-solo-shaved-pussy-blonde-1794507,[7R6JFB] Sashariver Teasing and Solo Shaved Pussy Blonde,https://cdn.adidssd7.workers.dev/?id=image-cdn.tik.porn/video/1794/1794507/tryptic.jpg?ver=3,Tonton sampai habis ya! Kualitas terbaik cuma di sini. #fyp #viral #trending,1794507,7R6JFB
haymn3-yummylolaa-teasing-and-small-tits-solo-nude-sexy-1792344,[HAYMN3] YummyLolaa Teasing and Small Tits Solo Nude Sexy,https://cdn.adidssd7.workers.dev/?id=image-cdn.tik.porn/video/1792/1792344/tryptic.jpg?ver=3,Jangan lewatkan keseruan ini! Update setiap hari. #fyp #viral #trending,1792344,HAYMN3
p86gsy-soft-slow-and-incredibly-sensual-breast-play-with-my-hands-all-over-my-chest-join-my-onlyfans-1804622,[P86GSY] Soft slow and incredibly sensual breast play with my hands all over my chest. Join my OnlyFans,https://cdn.adidssd7.workers.dev/?id=image-cdn.tik.porn/video/1804/1804622/tryptic.jpg?ver=2,Tonton sampai habis ya! Kualitas terbaik cuma di sini. #fyp #viral #trending,1804622,P86GSY
zhg6re-digital-playground-blowjob-and-teen-blonde-film-1804,[ZHG6RE] Digital Playground : Blowjob and Teen Blonde film,https://cdn.adidssd7.workers.dev/?id=image-cdn.tik.porn/video/1/1804/tryptic.jpg?ver=5,Video paling menarik hari ini. Bikin makin betah nonton. #fyp #viral #trending,1804,ZHG6RE
mc9u48-rinfoster-teasing-and-tattoo-porn-shaved-pussy-hd-1801906,[MC9U48] RinFoster Teasing and Tattoo Porn Shaved Pussy hd,https://cdn.adidssd7.workers.dev/?id=image-cdn.tik.porn/video/1801/1801906/tryptic.jpg?ver=3,Tonton sampai habis ya! Kualitas terbaik cuma di sini. #fyp #viral #trending,1801906,MC9U48
b97f3x-jessicalittlee-striptease-and-upskirt-brunette-hd-1801815,[B97F3X] Jessicalittlee Striptease and Upskirt Brunette hd,https://cdn.adidssd7.workers.dev/?id=image-cdn.tik.porn/video/1801/1801815/tryptic.jpg?ver=3,Video paling menarik hari ini. Bikin makin betah nonton. #fyp #viral #trending,1801815,B97F3X
sgqdaf-ksyushameow-showing-boobs-and-petite-small-tits-2-1802515,[SGQDAF] KsyushaMeow Showing Boobs and Petite Small Tits 2,https://cdn.adidssd7.workers.dev/?id=image-cdn.tik.porn/video/1802/1802515/tryptic.jpg?ver=3,Video paling menarik hari ini. Kualitas terbaik cuma di sini. #fyp #viral #trending,1802515,SGQDAF
xjk3ns-reality-kings-blowjob-and-big-boobs-threesome-1802,[XJK3NS] Reality Kings : Blowjob and Big Boobs Threesome,https://cdn.adidssd7.workers.dev/?id=image-cdn.tik.porn/video/1/1802/tryptic.jpg?ver=3,Video paling menarik hari ini. Kualitas terbaik cuma di sini. #fyp #viral #trending,1802,XJK3NS
m8t2p7-am-i-sexy-for-you-teasing-brunette-1800198,[M8T2P7] Am I sexy for you? #Teasing #Brunette,https://cdn.adidssd7.workers.dev/?id=image-cdn.tik.porn/video/1800/1800198/tryptic.jpg?ver=3,Video paling menarik hari ini. Kualitas terbaik cuma di sini. #fyp #viral #trending,1800198,M8T2P7
82tzdp-reality-kings-blowjob-and-blonde-teen-brunette-1800,[82TZDP] Reality Kings : Blowjob and Blonde Teen Brunette,https://cdn.adidssd7.workers.dev/?id=image-cdn.tik.porn/video/1/1800/tryptic.jpg?ver=3,Video paling menarik hari ini. Kualitas terbaik cuma di sini. #fyp #viral #trending,1800,82TZDP
7vjplu-marica-hase-by-evil-angel-blowjob-and-asian-movie-761,[7VJPLU] Marica Hase by Evil Angel Blowjob and Asian movie,https://cdn.adidssd7.workers.dev/?id=image-cdn.tik.porn/video/0/761/tryptic.jpg?ver=5,Video paling menarik hari ini. Bikin makin betah nonton. #fyp #viral #trending,761,7VJPLU
xl3ge7-poppillouizz-creampie-and-pov-pawg-interracial-761496,[XL3GE7] Poppillouizz Creampie and POV PAWG Interracial,https://cdn.adidssd7.workers.dev/?id=image-cdn.tik.porn/video/761/761496/tryptic.jpg?ver=2,Video paling menarik hari ini. Kualitas terbaik cuma di sini. #fyp #viral #trending,761496,XL3GE7
xd7h5l-elmoongirl-boob-grab-and-brunette-film-tube-movie-1806491,[XD7H5L] Elmoongirl Boob Grab and Brunette film tube movie,https://cdn.adidssd7.workers.dev/?id=image-cdn.tik.porn/video/1806/1806491/tryptic.jpg?ver=2,Video paling menarik hari ini. Kualitas terbaik cuma di sini. #fyp #viral #trending,1806491,XD7H5L
4ndj7e-august-taylor-with-jordi-polla-hardcore-sex-adult-1806,[4NDJ7E] August Taylor with Jordi Polla hardcore sex adult,https://cdn.adidssd7.workers.dev/?id=image-cdn.tik.porn/video/1/1806/tryptic.jpg?ver=5,Video paling menarik hari ini. Bikin makin betah nonton. #fyp #viral #trending,1806,4NDJ7E
ywh3as-bored-and-just-wanting-to-play-with-myself-while-wearing-my-favorite-yellow-set-1802599,[YWH3AS] Bored and just wanting to play with myself while wearing my favorite yellow set,https://cdn.adidssd7.workers.dev/?id=image-cdn.tik.porn/video/1802/1802599/tryptic.jpg?ver=3,Video paling menarik hari ini. Bikin makin betah nonton. #fyp #viral #trending,1802599,YWH3AS
py4rh9-rianna-female-masturbation-and-18-teen-brunette-1799939,[PY4RH9] Rianna Female Masturbation and 18+ Teen Brunette,https://cdn.adidssd7.workers.dev/?id=image-cdn.tik.porn/video/1799/1799939/tryptic.jpg?ver=3,Video paling menarik hari ini. Bikin makin betah nonton. #fyp #viral #trending,1799939,PY4RH9
vw6ztq-teamskeet-blowjob-and-teen-blonde-uniforms-free-1799,[VW6ZTQ] TeamSkeet : Blowjob and Teen Blonde Uniforms free,https://cdn.adidssd7.workers.dev/?id=image-cdn.tik.porn/video/1/1799/tryptic.jpg?ver=5,Video paling menarik hari ini. Kualitas terbaik cuma di sini. #fyp #viral #trending,1799,VW6ZTQ
h9vubs-solazola-teasing-and-brunette-shaved-pussy-petite-1804671,[H9VUBS] SolaZola Teasing and Brunette Shaved Pussy Petite,https://cdn.adidssd7.workers.dev/?id=image-cdn.tik.porn/video/1804/1804671/tryptic.jpg?ver=2,Video paling menarik hari ini. Bikin makin betah nonton. #fyp #viral #trending,1804671,H9VUBS
93cxfm-tinymia-boob-grab-and-sexy-small-tits-brunette-hd-1809739,[93CXFM] TinyMia Boob Grab and Sexy Small Tits Brunette hd,https://cdn.adidssd7.workers.dev/?id=image-cdn.tik.porn/video/1809/1809739/tryptic.jpg?ver=2,Video paling menarik hari ini. Bikin makin betah nonton. #fyp #viral #trending,1809739,93CXFM
k6gxef-kayla-kayden-at-digital-playground-blowjob-gratis-1809,[K6GXEF] Kayla Kayden at Digital Playground Blowjob gratis,https://cdn.adidssd7.workers.dev/?id=image-cdn.tik.porn/video/1/1809/tryptic.jpg?ver=3,Video paling menarik hari ini. Bikin makin betah nonton. #fyp #viral #trending,1809,K6GXEF
c8bds9-darianaa-teasing-and-shaved-pussy-small-tits-tube-1805770,[C8BDS9] Darianaa Teasing and Shaved Pussy Small Tits tube,https://cdn.adidssd7.workers.dev/?id=image-cdn.tik.porn/video/1805/1805770/tryptic.jpg?ver=2,Tonton sampai habis ya! Kualitas terbaik cuma di sini. #fyp #viral #trending,1805770,C8BDS9
4hm3fx-digital-playground-blowjob-and-blonde-porn-sexy-1805,[4HM3FX] Digital Playground : Blowjob and Blonde porn sexy,https://cdn.adidssd7.workers.dev/?id=image-cdn.tik.porn/video/1/1805/tryptic.jpg?ver=5,Video paling menarik hari ini. Bikin makin betah nonton. #fyp #viral #trending,1805,4HM3FX
ptnf85-julcypeach-teasing-and-nude-redhead-porn-solo-xxx-1806673,[PTNF85] Julcypeach Teasing and Nude Redhead Porn Solo xxx,https://cdn.adidssd7.workers.dev/?id=image-cdn.tik.porn/video/1806/1806673/tryptic.jpg?ver=2,Tonton sampai habis ya! Kualitas terbaik cuma di sini. #fyp #viral #trending,1806673,PTNF85
ltnj7k-alinaromass-teasing-and-petite-solo-brunette-nude-1808073,[LTNJ7K] Alinaromass Teasing and Petite Solo Brunette Nude,https://cdn.adidssd7.workers.dev/?id=image-cdn.tik.porn/video/1808/1808073/tryptic.jpg?ver=2,Video paling menarik hari ini. Bikin makin betah nonton. #fyp #viral #trending,1808073,LTNJ7K
ckmpv6-digital-playground-blowjob-and-milf-brunette-hd-1808,[CKMPV6] Digital Playground : Blowjob and MILF Brunette hd,https://cdn.adidssd7.workers.dev/?id=image-cdn.tik.porn/video/1/1808/tryptic.jpg?ver=5,Jangan lewatkan keseruan ini! Update setiap hari. #fyp #viral #trending,1808,CKMPV6
yr9kx8-what-if-i-just-spread-it-wide-open-for-you-1808038,[YR9KX8] What if I just spread it wide open for you? 😈,https://cdn.adidssd7.workers.dev/?id=image-cdn.tik.porn/video/1808/1808038/tryptic.jpg?ver=2,Jangan lewatkan keseruan ini! Update setiap hari. #fyp #viral #trending,1808038,YR9KX8
pmvjat-megan-rain-by-tushy-double-penetration-porno-porn-178997,[PMVJAT] Megan Rain by Tushy Double Penetration porno porn,https://cdn.adidssd7.workers.dev/?id=image-cdn.tik.porn/video/178/178997/tryptic.jpg?ver=7,Video paling menarik hari ini. Bikin makin betah nonton. #fyp #viral #trending,178997,PMVJAT
7x5c9s-i-wish-i-would-became-all-naked-for-you-everyday-1809081,[7X5C9S] I wish I would became all naked for you everyday,https://cdn.adidssd7.workers.dev/?id=image-cdn.tik.porn/video/1809/1809081/tryptic.jpg?ver=2,Video paling menarik hari ini. Kualitas terbaik cuma di sini. #fyp #viral #trending,1809081,7X5C9S
d8cbpe-ztod-blowjob-and-teen-big-dick-blonde-porn-sexy-1146,[D8CBPE] ZTOD : Blowjob and Teen Big Dick Blonde porn sexy,https://cdn.adidssd7.workers.dev/?id=image-cdn.tik.porn/video/1/1146/tryptic.jpg?ver=5,Video paling menarik hari ini. Kualitas terbaik cuma di sini. #fyp #viral #trending,1146,D8CBPE
8kvcuq-nsfw-squirting-and-pov-threesome-leaked-big-boobs-1146209,[8KVCUQ] Nsfw Squirting and POV Threesome Leaked Big Boobs,https://cdn.adidssd7.workers.dev/?id=image-cdn.tik.porn/video/1146/1146209/tryptic.jpg?ver=4,Video paling menarik hari ini. Bikin makin betah nonton. #fyp #viral #trending,1146209,8KVCUQ
e7kvnh-hd-missionary-and-natural-big-tits-indian-amateur-338710,[E7KVNH] Hd Missionary and Natural Big Tits Indian Amateur,https://cdn.adidssd7.workers.dev/?id=image-cdn.tik.porn/video/338/338710/tryptic.jpg?ver=3,Jangan lewatkan keseruan ini! Update setiap hari. #fyp #viral #trending,338710,E7KVNH
jc6xvd-hd-movie-cum-licking-and-shaved-pussy-lesbian-pov-1153069,[JC6XVD] Hd movie Cum Licking and Shaved Pussy Lesbian POV,https://cdn.adidssd7.workers.dev/?id=image-cdn.tik.porn/video/1153/1153069/tryptic.jpg?ver=4,Jangan lewatkan keseruan ini! Update setiap hari. #fyp #viral #trending,1153069,JC6XVD
sudjh8-skylar-vox-by-blacked-raw-cowgirl-and-threesome-480523,[SUDJH8] Skylar Vox by Blacked Raw Cowgirl and Threesome,https://cdn.adidssd7.workers.dev/?id=image-cdn.tik.porn/video/480/480523/tryptic.jpg?ver=3,Video paling menarik hari ini. Bikin makin betah nonton. #fyp #viral #trending,480523,SUDJH8
3reqxw-hd-anal-gaping-and-pov-fetish-milf-brunette-funny-364827,[3REQXW] Hd Anal Gaping and POV Fetish MILF Brunette Funny,https://cdn.adidssd7.workers.dev/?id=image-cdn.tik.porn/video/364/364827/tryptic.jpg?ver=3,Jangan lewatkan keseruan ini! Update setiap hari. #fyp #viral #trending,364827,3REQXW
bq5t4w-porno-cumshot-and-blonde-shaved-pussy-tattoo-porn-1132272,[BQ5T4W] Porno Cumshot and Blonde Shaved Pussy Tattoo Porn,https://cdn.adidssd7.workers.dev/?id=image-cdn.tik.porn/video/1132/1132272/tryptic.jpg?ver=4,Jangan lewatkan keseruan ini! Update setiap hari. #fyp #viral #trending,1132272,BQ5T4W
b3neds-angela-white-with-kissa-sins-squirt-and-threesome-221051,[B3NEDS] Angela White with Kissa Sins Squirt and Threesome,https://cdn.adidssd7.workers.dev/?id=image-cdn.tik.porn/video/221/221051/tryptic.jpg?ver=5,Video paling menarik hari ini. Bikin makin betah nonton. #fyp #viral #trending,221051,B3NEDS
falzyc-syren-de-mer-at-moms-bang-teens-blowjob-sex-adult-1842,[FALZYC] Syren De Mer at Moms Bang Teens Blowjob sex adult,https://cdn.adidssd7.workers.dev/?id=image-cdn.tik.porn/video/1/1842/tryptic.jpg?ver=3,Video paling menarik hari ini. Bikin makin betah nonton. #fyp #viral #trending,1842,FALZYC
3epxs2-sexy-redhead-fucks-at-bar-and-loves-when-people-watch-1842744,[3EPXS2] Sexy redhead fucks at bar and loves when people watch,https://cdn.adidssd7.workers.dev/?id=image-cdn.tik.porn/video/1842/1842744/tryptic.jpg?ver=2,Video paling menarik hari ini. Kualitas terbaik cuma di sini. #fyp #viral #trending,1842744,3EPXS2
ygwv95-fuck-me-hard-and-cum-on-my-ass-in-pov-1359632,[YGWV95] Fuck me hard and cum on my ass in pov,https://cdn.adidssd7.workers.dev/?id=image-cdn.tik.porn/video/1359/1359632/tryptic.jpg?ver=4,Tonton sampai habis ya! Kualitas terbaik cuma di sini. #fyp #viral #trending,1359632,YGWV95
lke3p8-brazzers-blowjob-and-sexy-lingerie-big-dick-hot-1359,[LKE3P8] Brazzers : Blowjob and Sexy Lingerie Big Dick hot,https://cdn.adidssd7.workers.dev/?id=image-cdn.tik.porn/video/1/1359/tryptic.jpg?ver=3,Video paling menarik hari ini. Kualitas terbaik cuma di sini. #fyp #viral #trending,1359,LKE3P8
fd234w-this-tiny-dick-fan-tried-but-without-enough-size-to-fuck-us-we-had-to-grab-a-bbc-dildo-to-fuck-me-and-my-friend-instead-1774424,[FD234W] This tiny dick fan tried but without enough size to fuck us we had to grab a BBC dildo to fuck me and my friend instead💀,https://cdn.adidssd7.workers.dev/?id=image-cdn.tik.porn/video/1774/1774424/tryptic.jpg?ver=3,Jangan lewatkan keseruan ini! Update setiap hari. #fyp #viral #trending,1774424,FD234W
me72q3-fuck-studies-ass-fingering-and-teen-video-movie-171,[ME72Q3] Fuck Studies : Ass Fingering and Teen video movie,https://cdn.adidssd7.workers.dev/?id=image-cdn.tik.porn/video/0/171/tryptic.jpg?ver=5,Video paling menarik hari ini. Kualitas terbaik cuma di sini. #fyp #viral #trending,171,ME72Q3
scregv-stella-cox-by-evil-angel-blowjob-and-pov-sex-film-835,[SCREGV] Stella Cox by Evil Angel Blowjob and POV sex film,https://cdn.adidssd7.workers.dev/?id=image-cdn.tik.porn/video/0/835/tryptic.jpg?ver=3,Video paling menarik hari ini. Kualitas terbaik cuma di sini. #fyp #viral #trending,835,SCREGV
fc9rjd-passion-hd-blowjob-and-big-dick-brunette-arab-407,[FC9RJD] Passion HD : Blowjob and Big Dick Brunette Arab,https://cdn.adidssd7.workers.dev/?id=image-cdn.tik.porn/video/0/407/tryptic.jpg?ver=5,Video paling menarik hari ini. Kualitas terbaik cuma di sini. #fyp #viral #trending,407,FC9RJD
lwezma-cute-sunny-by-fuck-studies-lifted-anal-tube-porno-10,[LWEZMA] Cute Sunny by Fuck Studies Lifted Anal tube porno,https://cdn.adidssd7.workers.dev/?id=image-cdn.tik.porn/video/0/10/tryptic.jpg?ver=5,Tonton sampai habis ya! Kualitas terbaik cuma di sini. #fyp #viral #trending,10,LWEZMA
bkq2l3-lisa-ann-by-evil-angel-blowjob-and-big-boobs-milf-941,[BKQ2L3] Lisa Ann by Evil Angel Blowjob and Big Boobs MILF,https://cdn.adidssd7.workers.dev/?id=image-cdn.tik.porn/video/0/941/tryptic.jpg?ver=5,Jangan lewatkan keseruan ini! Update setiap hari. #fyp #viral #trending,941,BKQ2L3
bmnz9e-evil-angel-reverse-cowgirl-anal-and-pov-big-ass-283,[BMNZ9E] Evil Angel : Reverse Cowgirl Anal and POV Big Ass,https://cdn.adidssd7.workers.dev/?id=image-cdn.tik.porn/video/0/283/tryptic.jpg?ver=5,Tonton sampai habis ya! Kualitas terbaik cuma di sini. #fyp #viral #trending,283,BMNZ9E
rgbzu2-abella-bahaya-di-tushy-blowjob-dan-brunette-porno-1288,[RGBZU2] Abella Bahaya di Tushy Blowjob dan Brunette porno,https://cdn.adidssd7.workers.dev/?id=image-cdn.tik.porn/video/1/1288/tryptic.jpg?ver=3,Video paling menarik hari ini. Kualitas terbaik cuma di sini. #fyp #viral #trending,1288,RGBZU2
4qyswz-little-kitty-perempuan-masturbasi-dan-stoking-5-1288750,[4QYSWZ] Little_Kitty Perempuan Masturbasi dan Stoking 5,https://cdn.adidssd7.workers.dev/?id=image-cdn.tik.porn/video/1288/1288750/tryptic.jpg?ver=4,Video paling menarik hari ini. Kualitas terbaik cuma di sini. #fyp #viral #trending,1288750,4QYSWZ
fzjq4s-film-soficrush-finger-in-mouth-dan-sexy-18-teen-1190435,[FZJQ4S] Film SofiCrush Finger in Mouth dan Sexy 18+ Teen,https://cdn.adidssd7.workers.dev/?id=image-cdn.tik.porn/video/1190/1190435/tryptic.jpg?ver=4,Jangan lewatkan keseruan ini! Update setiap hari. #fyp #viral #trending,1190435,FZJQ4S
p39bhc-jessa-rhodes-di-brazzers-blowjob-dan-big-boobs-hd-1190,[P39BHC] Jessa Rhodes di Brazzers Blowjob dan Big Boobs hd,https://cdn.adidssd7.workers.dev/?id=image-cdn.tik.porn/video/1/1190/tryptic.jpg?ver=3,Video paling menarik hari ini. Bikin makin betah nonton. #fyp #viral #trending,1190,P39BHC
v8s35t-madisongrey-menggoda-dan-mencukur-pussy-pirang-seksi-1053410,[V8S35T] MadisonGrey Menggoda dan Mencukur Pussy Pirang Seksi,https://cdn.adidssd7.workers.dev/?id=image-cdn.tik.porn/video/1053/1053410/tryptic.jpg?ver=4,Jangan lewatkan keseruan ini! Update setiap hari. #fyp #viral #trending,1053410,V8S35T
qwfspn-mofos-blowjob-dan-cfnm-brunette-pov-hd-porn-xxx-1053,[QWFSPN] Mofos : Blowjob dan CFNM Brunette POV hd porn xxx,https://cdn.adidssd7.workers.dev/?id=image-cdn.tik.porn/video/1/1053/tryptic.jpg?ver=3,Tonton sampai habis ya! Kualitas terbaik cuma di sini. #fyp #viral #trending,1053,QWFSPN
3nd5yq-carlamarini-sextoys-dan-shaved-pussy-free-xxx-hot-1004109,[3ND5YQ] CarlaMarini Sextoys dan Shaved Pussy free xxx hot,https://cdn.adidssd7.workers.dev/?id=image-cdn.tik.porn/video/1004/1004109/tryptic.jpg?ver=4,Jangan lewatkan keseruan ini! Update setiap hari. #fyp #viral #trending,1004109,3ND5YQ
cqjfn5-aku-mengalami-pantat-yang-sempurna-1201887,[CQJFN5] Aku mengalami pantat yang sempurna,https://cdn.adidssd7.workers.dev/?id=image-cdn.tik.porn/video/1201/1201887/tryptic.jpg?ver=4,Jangan lewatkan keseruan ini! Update setiap hari. #fyp #viral #trending,1201887,CQJFN5
f2vtqx-trailer-adegan-seks-terbaik-saya-1201880,[F2VTQX] Trailer adegan seks terbaik saya,https://cdn.adidssd7.workers.dev/?id=image-cdn.tik.porn/video/1201/1201880/tryptic.jpg?ver=4,Video paling menarik hari ini. Bikin makin betah nonton. #fyp #viral #trending,1201880,F2VTQX
qj564c-aku-menjadi-gadis-kotor-yang-membuat-video-ini-untukmu-1201873,[QJ564C] Aku menjadi gadis kotor yang membuat video ini untukmu,https://cdn.adidssd7.workers.dev/?id=image-cdn.tik.porn/video/1201/1201873/tryptic.jpg?ver=4,Video paling menarik hari ini. Bikin makin betah nonton. #fyp #viral #trending,1201873,QJ564C
rl5xah-bola-jauh-di-dalam-pantatku-1201866,[RL5XAH] Bola jauh di dalam pantatku,https://cdn.adidssd7.workers.dev/?id=image-cdn.tik.porn/video/1201/1201866/tryptic.jpg?ver=4,Jangan lewatkan keseruan ini! Update setiap hari. #fyp #viral #trending,1201866,RL5XAH
hderlj-lia-grace-menggoda-dan-memek-cukur-seks-pirang-xxx-1219464,[HDERLJ] Lia_ Grace Menggoda dan Memek Cukur Seks pirang xxx,https://cdn.adidssd7.workers.dev/?id=image-cdn.tik.porn/video/1219/1219464/tryptic.jpg?ver=4,Video paling menarik hari ini. Kualitas terbaik cuma di sini. #fyp #viral #trending,1219464,HDERLJ
9b5cus-18-virgin-sex-blowjob-dan-big-dick-teen-blonde-1219,[9B5CUS] 18 Virgin Sex : Blowjob dan Big Dick Teen Blonde,https://cdn.adidssd7.workers.dev/?id=image-cdn.tik.porn/video/1/1219/tryptic.jpg?ver=3,Tonton sampai habis ya! Kualitas terbaik cuma di sini. #fyp #viral #trending,1219,9B5CUS
gspmaw-dibunny-menggoda-dan-brunette-payudara-besar-tube-porno-1215355,[GSPMAW] DiBunny Menggoda dan Brunette Payudara Besar tube porno,https://cdn.adidssd7.workers.dev/?id=image-cdn.tik.porn/video/1215/1215355/tryptic.jpg?ver=4,Jangan lewatkan keseruan ini! Update setiap hari. #fyp #viral #trending,1215355,GSPMAW
84t6v9-realitas-kings-blowjob-dan-milf-big-dick-gratis-hd-1215,[84T6V9] Realitas Kings : Blowjob dan MILF Big Dick gratis hd,https://cdn.adidssd7.workers.dev/?id=image-cdn.tik.porn/video/1/1215/tryptic.jpg?ver=3,Jangan lewatkan keseruan ini! Update setiap hari. #fyp #viral #trending,1215,84T6V9
l86924-whitekristy-perempuan-masturbasi-dan-stoking-hot-1310506,[L86924] Whitekristy Perempuan Masturbasi dan Stoking hot,https://cdn.adidssd7.workers.dev/?id=image-cdn.tik.porn/video/1310/1310506/tryptic.jpg?ver=4,Video paling menarik hari ini. Kualitas terbaik cuma di sini. #fyp #viral #trending,1310506,L86924
sbv3fn-21naturals-blowjob-dan-film-seks-big-dick-blonde-1310,[SBV3FN] 21Naturals : Blowjob dan film seks Big Dick Blonde,https://cdn.adidssd7.workers.dev/?id=image-cdn.tik.porn/video/1/1310/tryptic.jpg?ver=5,Tonton sampai habis ya! Kualitas terbaik cuma di sini. #fyp #viral #trending,1310,SBV3FN
m8tavk-shyemilybaby-menunjukkan-payudara-dan-rambut-coklat-hot-sex-1305963,[M8TAVK] Shyemilybaby Menunjukkan Payudara dan Rambut Coklat hot sex,https://cdn.adidssd7.workers.dev/?id=image-cdn.tik.porn/video/1305/1305963/tryptic.jpg?ver=4,Jangan lewatkan keseruan ini! Update setiap hari. #fyp #viral #trending,1305963,M8TAVK
ugnx2d-bambi-brooks-oleh-family-strokes-klip-blowjob-seksi-1305,[UGNX2D] Bambi Brooks oleh Family Strokes Klip blowjob seksi,https://cdn.adidssd7.workers.dev/?id=image-cdn.tik.porn/video/1/1305/tryptic.jpg?ver=5,Jangan lewatkan keseruan ini! Update setiap hari. #fyp #viral #trending,1305,UGNX2D
fd6cwz-little-kitty-menggoda-dan-stoking-pantat-besar-telanjang-1288743,[FD6CWZ] Little_Kitty Menggoda dan Stoking Pantat Besar Telanjang,https://cdn.adidssd7.workers.dev/?id=image-cdn.tik.porn/video/1288/1288743/tryptic.jpg?ver=4,Tonton sampai habis ya! Kualitas terbaik cuma di sini. #fyp #viral #trending,1288743,FD6CWZ
qcy9u8-elizabetth-menggoda-dan-pakaian-dalam-seksi-telanjang-1281736,[QCY9U8] Elizabetth Menggoda dan Pakaian Dalam Seksi Telanjang,https://cdn.adidssd7.workers.dev/?id=image-cdn.tik.porn/video/1281/1281736/tryptic.jpg?ver=4,Jangan lewatkan keseruan ini! Update setiap hari. #fyp #viral #trending,1281736,QCY9U8
r9s2yd-bridgette-b-di-pure-mature-blowjob-dan-big-dick-1281,[R9S2YD] Bridgette B di Pure Mature Blowjob dan Big Dick,https://cdn.adidssd7.workers.dev/?id=image-cdn.tik.porn/video/1/1281/tryptic.jpg?ver=3,Jangan lewatkan keseruan ini! Update setiap hari. #fyp #viral #trending,1281,R9S2YD
lcm7ps-lesanamild-blowjob-dan-18-teen-pov-brunette-nsfw-1266469,[LCM7PS] LesanaMild Blowjob dan 18+ Teen POV Brunette nsfw,https://cdn.adidssd7.workers.dev/?id=image-cdn.tik.porn/video/1266/1266469/tryptic.jpg?ver=4,Video paling menarik hari ini. Bikin makin betah nonton. #fyp #viral #trending,1266469,LCM7PS
p4lmfd-edengonewilde-panjang-penuh-dan-rambut-coklat-bocor-panas-1210938,[P4LMFD] Edengonewilde Panjang Penuh dan Rambut Coklat Bocor panas,https://cdn.adidssd7.workers.dev/?id=image-cdn.tik.porn/video/1210/1210938/tryptic.jpg?ver=4,Video paling menarik hari ini. Bikin makin betah nonton. #fyp #viral #trending,1210938,P4LMFD
uxmb3a-secretshelly1-menampilkan-payudara-dan-xxx-dewasa-mungil-1364567,[UXMB3A] Secretshelly1 Menampilkan Payudara dan xxx dewasa mungil,https://cdn.adidssd7.workers.dev/?id=image-cdn.tik.porn/video/1364/1364567/tryptic.jpg?ver=4,Video paling menarik hari ini. Kualitas terbaik cuma di sini. #fyp #viral #trending,1364567,UXMB3A
7qvdby-remaja-suka-kontol-besar-blowjob-dan-remaja-kontol-besar-1364,[7QVDBY] Remaja Suka Kontol Besar : Blowjob dan Remaja Kontol Besar,https://cdn.adidssd7.workers.dev/?id=image-cdn.tik.porn/video/1/1364/tryptic.jpg?ver=5,Video paling menarik hari ini. Kualitas terbaik cuma di sini. #fyp #viral #trending,1364,7QVDBY
t4dnjg-marinettevip-pussy-menganga-dan-telanjang-seks-porno-seksi-1361347,[T4DNJG] Marinettevip Pussy Menganga dan Telanjang seks porno seksi,https://cdn.adidssd7.workers.dev/?id=image-cdn.tik.porn/video/1361/1361347/tryptic.jpg?ver=4,Video paling menarik hari ini. Bikin makin betah nonton. #fyp #viral #trending,1361347,T4DNJG
fuhj7z-miablooom-showing-boobs-and-petite-18-teen-porno-1348537,[FUHJ7Z] Miablooom Showing Boobs and Petite 18+ Teen porno,https://cdn.adidssd7.workers.dev/?id=image-cdn.tik.porn/video/1348/1348537/tryptic.jpg?ver=4,Tonton sampai habis ya! Kualitas terbaik cuma di sini. #fyp #viral #trending,1348537,FUHJ7Z
pxlque-ana-foxxx-oleh-mr-pov-blowjob-dan-pov-interracial-1348,[PXLQUE] Ana Foxxx oleh Mr POV Blowjob dan POV INTERRACIAL,https://cdn.adidssd7.workers.dev/?id=image-cdn.tik.porn/video/1/1348/tryptic.jpg?ver=3,Tonton sampai habis ya! Kualitas terbaik cuma di sini. #fyp #viral #trending,1348,PXLQUE
dr7sj2-remaja-asia-mungil-ditumbuk-di-berbagai-posisi-1317730,[DR7SJ2] Remaja Asia mungil ditumbuk di berbagai posisi,https://cdn.adidssd7.workers.dev/?id=image-cdn.tik.porn/video/1317/1317730/tryptic.jpg?ver=4,Video paling menarik hari ini. Bikin makin betah nonton. #fyp #viral #trending,1317730,DR7SJ2
9fz3nu-milaclark7-menampilkan-payudara-dan-18-teen-brunette-hd-1337267,[9FZ3NU] Milaclark7 Menampilkan Payudara dan 18+ Teen Brunette hd,https://cdn.adidssd7.workers.dev/?id=image-cdn.tik.porn/video/1337/1337267/tryptic.jpg?ver=4,Jangan lewatkan keseruan ini! Update setiap hari. #fyp #viral #trending,1337267,9FZ3NU
4n8d7s-reality-kings-blowjob-dan-blonde-big-dick-teen-1337,[4N8D7S] Reality Kings : Blowjob dan Blonde Big Dick Teen,https://cdn.adidssd7.workers.dev/?id=image-cdn.tik.porn/video/1/1337/tryptic.jpg?ver=3,Tonton sampai habis ya! Kualitas terbaik cuma di sini. #fyp #viral #trending,1337,4N8D7S
9h8tku-rorryree-striptease-dan-nude-glasses-porn-hd-tube-1323624,[9H8TKU] RorryRee Striptease dan Nude Glasses Porn hd tube,https://cdn.adidssd7.workers.dev/?id=image-cdn.tik.porn/video/1323/1323624/tryptic.jpg?ver=4,Tonton sampai habis ya! Kualitas terbaik cuma di sini. #fyp #viral #trending,1323624,9H8TKU
9zgdwb-adalyn-wanita-masturbasi-dan-stoking-telanjang-hot-1413350,[9ZGDWB] Adalyn Wanita Masturbasi dan Stoking Telanjang hot,https://cdn.adidssd7.workers.dev/?id=image-cdn.tik.porn/video/1413/1413350/tryptic.jpg?ver=4,Video paling menarik hari ini. Kualitas terbaik cuma di sini. #fyp #viral #trending,1413350,9ZGDWB
flkhsg-adriana-chechik-di-reality-kings-blowjob-dan-milf-1413,[FLKHSG] Adriana Chechik di Reality Kings Blowjob dan MILF,https://cdn.adidssd7.workers.dev/?id=image-cdn.tik.porn/video/1/1413/tryptic.jpg?ver=3,Tonton sampai habis ya! Kualitas terbaik cuma di sini. #fyp #viral #trending,1413,FLKHSG
8wqau3-apakah-saya-cocok-untuk-pria-berusia-di-atas-29-tahun-remaja-rambut-coklat-pussy-dicukur-1408415,[8WQAU3] Apakah saya cocok untuk pria berusia di atas 29 tahun? #Remaja #Rambut Coklat # Pussy Dicukur,https://cdn.adidssd7.workers.dev/?id=image-cdn.tik.porn/video/1408/1408415/tryptic.jpg?ver=4,Video paling menarik hari ini. Bikin makin betah nonton. #fyp #viral #trending,1408415,8WQAU3
9hwfnu-nina-elle-di-moms-bang-teens-blowjob-dan-teen-hot-1408,[9HWFNU] Nina Elle di Moms Bang Teens Blowjob dan Teen hot,https://cdn.adidssd7.workers.dev/?id=image-cdn.tik.porn/video/1/1408/tryptic.jpg?ver=3,Jangan lewatkan keseruan ini! Update setiap hari. #fyp #viral #trending,1408,9HWFNU
v3at2f-rambut-merah-terangsang-suka-turun-pada-ayam-yang-mengisapnya-kering-1390075,[V3AT2F] Rambut merah terangsang suka turun pada ayam yang mengisapnya kering,https://cdn.adidssd7.workers.dev/?id=image-cdn.tik.porn/video/1390/1390075/tryptic.jpg?ver=4,Video paling menarik hari ini. Kualitas terbaik cuma di sini. #fyp #viral #trending,1390075,V3AT2F
mtk8dw-bridgette-b-di-brazzers-blowjob-dan-big-boobs-xxx-1390,[MTK8DW] Bridgette B di Brazzers Blowjob dan Big Boobs xxx,https://cdn.adidssd7.workers.dev/?id=image-cdn.tik.porn/video/1/1390/tryptic.jpg?ver=5,Jangan lewatkan keseruan ini! Update setiap hari. #fyp #viral #trending,1390,MTK8DW
dgwb2p-apakah-kamu-bisa-menjilat-pantatku-pada-kencan-pertama-brunette-sexy-solo-1395171,[DGWB2P] Apakah kamu bisa menjilat pantatku pada kencan pertama? #Brunette #Sexy #Solo,https://cdn.adidssd7.workers.dev/?id=image-cdn.tik.porn/video/1395/1395171/tryptic.jpg?ver=4,Jangan lewatkan keseruan ini! Update setiap hari. #fyp #viral #trending,1395171,DGWB2P
nsbwfj-kudengar-kau-mencari-camilan-1359688,[NSBWFJ] Kudengar kau mencari camilan,https://cdn.adidssd7.workers.dev/?id=image-cdn.tik.porn/video/1359/1359688/tryptic.jpg?ver=4,Video paling menarik hari ini. Kualitas terbaik cuma di sini. #fyp #viral #trending,1359688,NSBWFJ
6cb2zx-veola-sextoy-di-mulut-dan-payudara-besar-alami-1370083,[6CB2ZX] Veola Sextoy di mulut dan Payudara Besar Alami,https://cdn.adidssd7.workers.dev/?id=image-cdn.tik.porn/video/1370/1370083/tryptic.jpg?ver=4,Tonton sampai habis ya! Kualitas terbaik cuma di sini. #fyp #viral #trending,1370083,6CB2ZX
3wecqs-romi-rain-oleh-blacked-blowjob-dan-big-ass-hd-porno-1370,[3WECQS] Romi Rain oleh Blacked Blowjob dan Big Ass hd porno,https://cdn.adidssd7.workers.dev/?id=image-cdn.tik.porn/video/1/1370/tryptic.jpg?ver=7,Video paling menarik hari ini. Kualitas terbaik cuma di sini. #fyp #viral #trending,1370,3WECQS
a2mgyn-saya-pikir-anda-akan-menyukai-apa-yang-saya-miliki-untuk-anda-1438781,[A2MGYN] Saya pikir Anda akan menyukai apa yang saya miliki untuk Anda,https://cdn.adidssd7.workers.dev/?id=image-cdn.tik.porn/video/1438/1438781/tryptic.jpg?ver=4,Video paling menarik hari ini. Bikin makin betah nonton. #fyp #viral #trending,1438781,A2MGYN
8rxnzp-mofos-blowjob-dan-blonde-pov-film-remaja-luar-ruangan-1438,[8RXNZP] Mofos : Blowjob dan Blonde POV Film Remaja Luar Ruangan,https://cdn.adidssd7.workers.dev/?id=image-cdn.tik.porn/video/1/1438/tryptic.jpg?ver=3,Jangan lewatkan keseruan ini! Update setiap hari. #fyp #viral #trending,1438,8RXNZP
kyhwan-mengendarai-mainan-favoritku-dari-belakang-apakah-kamu-mengawasi-dari-dekat-1433216,[KYHWAN] Mengendarai mainan favoritku dari belakang apakah kamu mengawasi dari dekat? 😈,https://cdn.adidssd7.workers.dev/?id=image-cdn.tik.porn/video/1433/1433216/tryptic.jpg?ver=4,Video paling menarik hari ini. Bikin makin betah nonton. #fyp #viral #trending,1433216,KYHWAN
nhque3-vixenx-blowjob-dan-pov-brunette-big-boobs-film-1433,[NHQUE3] VixenX : Blowjob dan POV Brunette Big Boobs film,https://cdn.adidssd7.workers.dev/?id=image-cdn.tik.porn/video/1/1433/tryptic.jpg?ver=3,Video paling menarik hari ini. Bikin makin betah nonton. #fyp #viral #trending,1433,NHQUE3
4yqsa9-seductive-xenia-menggoda-dan-pussy-dicukur-seksi-xxx-1433972,[4YQSA9] Seductive_xenia Menggoda dan Pussy Dicukur Seksi xxx,https://cdn.adidssd7.workers.dev/?id=image-cdn.tik.porn/video/1433/1433972/tryptic.jpg?ver=4,Video paling menarik hari ini. Bikin makin betah nonton. #fyp #viral #trending,1433972,4YQSA9
yxvrds-mila-shake-ass-fingering-dan-pornografi-hamil-telanjang-1433937,[YXVRDS] Mila_Shake Ass Fingering dan Pornografi Hamil Telanjang,https://cdn.adidssd7.workers.dev/?id=image-cdn.tik.porn/video/1433/1433937/tryptic.jpg?ver=4,Jangan lewatkan keseruan ini! Update setiap hari. #fyp #viral #trending,1433937,YXVRDS
jfmcvt-sofiareyess-menggoda-dan-solo-telanjang-latina-petite-1422947,[JFMCVT] SofiaReyess Menggoda dan Solo Telanjang Latina Petite,https://cdn.adidssd7.workers.dev/?id=image-cdn.tik.porn/video/1422/1422947/tryptic.jpg?ver=4,Video paling menarik hari ini. Kualitas terbaik cuma di sini. #fyp #viral #trending,1422947,JFMCVT
7f2pgs-bff-blowjob-dan-pov-brunette-blonde-film-remaja-1422,[7F2PGS] BFF : Blowjob dan POV Brunette Blonde Film remaja,https://cdn.adidssd7.workers.dev/?id=image-cdn.tik.porn/video/1/1422/tryptic.jpg?ver=3,Video paling menarik hari ini. Kualitas terbaik cuma di sini. #fyp #viral #trending,1422,7F2PGS
wqa58n-nikydandelion-boob-grab-dan-big-boobs-seksi-telanjang-1422135,[WQA58N] Nikydandelion Boob Grab dan Big Boobs Seksi Telanjang,https://cdn.adidssd7.workers.dev/?id=image-cdn.tik.porn/video/1422/1422135/tryptic.jpg?ver=4,Video paling menarik hari ini. Kualitas terbaik cuma di sini. #fyp #viral #trending,1422135,WQA58N
uexhk4-daissy-kaki-porno-dan-solo-sexy-tattoo-porno-xxx-hd-1484099,[UEXHK4] Daissy Kaki Porno dan Solo Sexy Tattoo Porno xxx hd,https://cdn.adidssd7.workers.dev/?id=image-cdn.tik.porn/video/1484/1484099/tryptic.jpg?ver=4,Video paling menarik hari ini. Kualitas terbaik cuma di sini. #fyp #viral #trending,1484099,UEXHK4
8ldujs-lena-paul-oleh-mofos-blowjob-dan-big-boobs-blonde-1484,[8LDUJS] Lena Paul oleh Mofos Blowjob dan Big Boobs Blonde,https://cdn.adidssd7.workers.dev/?id=image-cdn.tik.porn/video/1/1484/tryptic.jpg?ver=7,Video paling menarik hari ini. Kualitas terbaik cuma di sini. #fyp #viral #trending,1484,8LDUJS
2zufal-kira-blaze-menggoda-dan-solo-telanjang-big-ass-sex-xxx-1485639,[2ZUFAL] Kira_Blaze Menggoda dan Solo Telanjang Big Ass sex xxx,https://cdn.adidssd7.workers.dev/?id=image-cdn.tik.porn/video/1485/1485639/tryptic.jpg?ver=4,Jangan lewatkan keseruan ini! Update setiap hari. #fyp #viral #trending,1485639,2ZUFAL
wkpjq9-pingsan-blowjob-dan-big-dick-black-interracial-1485,[WKPJQ9] Pingsan : Blowjob dan Big Dick Black Interracial,https://cdn.adidssd7.workers.dev/?id=image-cdn.tik.porn/video/1/1485/tryptic.jpg?ver=3,Video paling menarik hari ini. Kualitas terbaik cuma di sini. #fyp #viral #trending,1485,WKPJQ9
qah3d6-slykarina-menggoda-dan-rambut-coklat-tato-porno-solo-1481467,[QAH3D6] SlyKarina Menggoda dan Rambut Coklat Tato Porno Solo,https://cdn.adidssd7.workers.dev/?id=image-cdn.tik.porn/video/1481/1481467/tryptic.jpg?ver=4,Video paling menarik hari ini. Kualitas terbaik cuma di sini. #fyp #viral #trending,1481467,QAH3D6
bplvnf-pingsan-blowjob-dan-pirang-seks-antar-ras-remaja-1481,[BPLVNF] Pingsan : Blowjob dan Pirang Seks antar ras Remaja,https://cdn.adidssd7.workers.dev/?id=image-cdn.tik.porn/video/1/1481/tryptic.jpg?ver=7,Video paling menarik hari ini. Bikin makin betah nonton. #fyp #viral #trending,1481,BPLVNF
4cetdj-vinellvoss-boob-grab-dan-solo-brunette-nude-movie-1481369,[4CETDJ] Vinellvoss Boob Grab dan Solo Brunette Nude movie,https://cdn.adidssd7.workers.dev/?id=image-cdn.tik.porn/video/1481/1481369/tryptic.jpg?ver=4,Video paling menarik hari ini. Bikin makin betah nonton. #fyp #viral #trending,1481369,4CETDJ
jsup8y-miakai-kaki-porno-dan-alami-payudara-besar-milf-solo-1461237,[JSUP8Y] Miakai Kaki Porno dan Alami Payudara Besar MILF SOLO,https://cdn.adidssd7.workers.dev/?id=image-cdn.tik.porn/video/1461/1461237/tryptic.jpg?ver=4,Video paling menarik hari ini. Kualitas terbaik cuma di sini. #fyp #viral #trending,1461237,JSUP8Y
bx2reu-jennifer-white-di-tushy-blowjob-dan-brunette-nsfw-1461,[BX2REU] Jennifer White di Tushy Blowjob dan Brunette NSFW,https://cdn.adidssd7.workers.dev/?id=image-cdn.tik.porn/video/1/1461/tryptic.jpg?ver=3,Video paling menarik hari ini. Bikin makin betah nonton. #fyp #viral #trending,1461,BX2REU
tjxle7-juelz-ventura-dengan-mandingo-missionary-nsfw-dewasa-227915,[TJXLE7] Juelz Ventura dengan Mandingo Missionary nsfw dewasa,https://cdn.adidssd7.workers.dev/?id=image-cdn.tik.porn/video/227/227915/tryptic.jpg?ver=7,Jangan lewatkan keseruan ini! Update setiap hari. #fyp #viral #trending,227915,TJXLE7
r74qvn-harley-dean-oleh-teamskeet-blowjob-dan-big-dick-sex-1823,[R74QVN] Harley Dean oleh TeamSkeet Blowjob dan Big Dick sex,https://cdn.adidssd7.workers.dev/?id=image-cdn.tik.porn/video/1/1823/tryptic.jpg?ver=3,Video paling menarik hari ini. Kualitas terbaik cuma di sini. #fyp #viral #trending,1823,R74QVN
p2ey6m-apakah-anda-suka-mencari-rok-payudara-besar-porno-eksibisionis-brunette-porno-luar-ruang-1823431,[P2EY6M] Apakah Anda suka mencari rok? 👀 # Payudara Besar # Porno Eksibisionis #Brunette # Porno Luar Ruang,https://cdn.adidssd7.workers.dev/?id=image-cdn.tik.porn/video/1823/1823431/tryptic.jpg?ver=2,Tonton sampai habis ya! Kualitas terbaik cuma di sini. #fyp #viral #trending,1823431,P2EY6M
t48cag-lilyrush-sextoys-dan-si-rambut-coklat-solo-pantat-besar-telanjang-1521409,[T48CAG] Lilyrush Sextoys dan Si Rambut Coklat Solo Pantat Besar Telanjang,https://cdn.adidssd7.workers.dev/?id=image-cdn.tik.porn/video/1521/1521409/tryptic.jpg?ver=4,Tonton sampai habis ya! Kualitas terbaik cuma di sini. #fyp #viral #trending,1521409,T48CAG
zt5vyg-brazzers-blowjob-dan-outdoor-blonde-hot-hd-seksi-1521,[ZT5VYG] Brazzers : Blowjob dan Outdoor Blonde hot hd seksi,https://cdn.adidssd7.workers.dev/?id=image-cdn.tik.porn/video/1/1521/tryptic.jpg?ver=5,Video paling menarik hari ini. Kualitas terbaik cuma di sini. #fyp #viral #trending,1521,ZT5VYG
yr8m3x-lustyloona-menampilkan-payudara-dan-rambut-coklat-porn-nsfw-1516537,[YR8M3X] LustyLoona Menampilkan Payudara dan Rambut Coklat porn nsfw,https://cdn.adidssd7.workers.dev/?id=image-cdn.tik.porn/video/1516/1516537/tryptic.jpg?ver=4,Video paling menarik hari ini. Bikin makin betah nonton. #fyp #viral #trending,1516537,YR8M3X
2nyrxj-kami-sangat-terangsang-berenang-di-kolam-renang-1517909,[2NYRXJ] Kami sangat terangsang berenang di kolam renang,https://cdn.adidssd7.workers.dev/?id=image-cdn.tik.porn/video/1517/1517909/tryptic.jpg?ver=4,Video paling menarik hari ini. Bikin makin betah nonton. #fyp #viral #trending,1517909,2NYRXJ
lgfk9s-brazzers-blowjob-dan-big-boobs-brunette-milf-hd-1517,[LGFK9S] Brazzers : Blowjob dan Big Boobs Brunette MILF HD,https://cdn.adidssd7.workers.dev/?id=image-cdn.tik.porn/video/1/1517/tryptic.jpg?ver=5,Jangan lewatkan keseruan ini! Update setiap hari. #fyp #viral #trending,1517,LGFK9S
m92r8c-namiko-menggoda-dan-stoking-solo-video-telanjang-seksi-1515578,[M92R8C] Namiko Menggoda dan Stoking Solo Video Telanjang Seksi,https://cdn.adidssd7.workers.dev/?id=image-cdn.tik.porn/video/1515/1515578/tryptic.jpg?ver=4,Tonton sampai habis ya! Kualitas terbaik cuma di sini. #fyp #viral #trending,1515578,M92R8C
y5ulsw-aku-mungkin-kecil-dan-kecil-tapi-aku-masih-bisa-mengguncang-pantat-ini-untukmu-1475951,[Y5ULSW] Aku mungkin kecil dan kecil tapi aku masih bisa mengguncang pantat ini untukmu,https://cdn.adidssd7.workers.dev/?id=image-cdn.tik.porn/video/1475/1475951/tryptic.jpg?ver=4,Video paling menarik hari ini. Kualitas terbaik cuma di sini. #fyp #viral #trending,1475951,Y5ULSW
2yp9sl-porno-katana-oleh-blowjob-pribadi-dan-pirang-asia-1475,[2YP9SL] Porno Katana oleh Blowjob Pribadi dan Pirang Asia,https://cdn.adidssd7.workers.dev/?id=image-cdn.tik.porn/video/1/1475/tryptic.jpg?ver=5,Video paling menarik hari ini. Bikin makin betah nonton. #fyp #viral #trending,1475,2YP9SL
sw2atj-mollyjoi-menggoda-dan-seksi-petite-blonde-18-remaja-1499926,[SW2ATJ] MollyJoi Menggoda dan Seksi Petite Blonde 18+ Remaja,https://cdn.adidssd7.workers.dev/?id=image-cdn.tik.porn/video/1499/1499926/tryptic.jpg?ver=4,Video paling menarik hari ini. Kualitas terbaik cuma di sini. #fyp #viral #trending,1499926,SW2ATJ
frs39m-eva-notty-oleh-digital-playground-blowjob-klip-hot-1499,[FRS39M] Eva Notty oleh Digital Playground Blowjob klip hot,https://cdn.adidssd7.workers.dev/?id=image-cdn.tik.porn/video/1/1499/tryptic.jpg?ver=5,Video paling menarik hari ini. Bikin makin betah nonton. #fyp #viral #trending,1499,FRS39M
tb35ey-angel-wicky-di-21naturals-blowjob-dan-blonde-milf-1824,[TB35EY] Angel Wicky di 21Naturals Blowjob dan Blonde MILF,https://cdn.adidssd7.workers.dev/?id=image-cdn.tik.porn/video/1/1824/tryptic.jpg?ver=5,Video paling menarik hari ini. Bikin makin betah nonton. #fyp #viral #trending,1824,TB35EY
ypc4mf-dia-menggunakan-stroker-yang-kuat-pada-dirinya-real-couple-pov-sextoys-1824936,[YPC4MF] Dia menggunakan stroker yang kuat pada dirinya _Real Couple Pov #Sextoys,https://cdn.adidssd7.workers.dev/?id=image-cdn.tik.porn/video/1824/1824936/tryptic.jpg?ver=2,Jangan lewatkan keseruan ini! Update setiap hari. #fyp #viral #trending,1824936,YPC4MF
rwpka6-princesskiss-menampilkan-payudara-dan-rambut-coklat-solo-gratis-1543011,[RWPKA6] PrincessKiss Menampilkan Payudara dan Rambut Coklat Solo gratis,https://cdn.adidssd7.workers.dev/?id=image-cdn.tik.porn/video/1543/1543011/tryptic.jpg?ver=4,Video paling menarik hari ini. Bikin makin betah nonton. #fyp #viral #trending,1543011,RWPKA6
pg8yuw-jordi-polla-bersama-kianna-dior-di-brazzers-blowjob-1543,[PG8YUW] Jordi Polla bersama Kianna Dior di Brazzers Blowjob,https://cdn.adidssd7.workers.dev/?id=image-cdn.tik.porn/video/1/1543/tryptic.jpg?ver=5,Video paling menarik hari ini. Kualitas terbaik cuma di sini. #fyp #viral #trending,1543,PG8YUW
htev5c-finallyn-cum-in-mouth-and-natural-big-tits-sex-1768558,[HTEV5C] Finallyn Cum in Mouth and Natural Big Tits sex,https://cdn.adidssd7.workers.dev/?id=image-cdn.tik.porn/video/1768/1768558/tryptic.jpg?ver=2,Tonton sampai habis ya! Kualitas terbaik cuma di sini. #fyp #viral #trending,1768558,HTEV5C
mbu5gw-apakah-aku-terlihat-seperti-tipemu-apakah-aku-tipemu-brunette-payudara-kecil-menampilkan-payudara-1537138,[MBU5GW] Apakah aku terlihat seperti tipemu? Apakah aku tipemu? #Brunette # Payudara Kecil #Menampilkan Payudara,https://cdn.adidssd7.workers.dev/?id=image-cdn.tik.porn/video/1537/1537138/tryptic.jpg?ver=4,Tonton sampai habis ya! Kualitas terbaik cuma di sini. #fyp #viral #trending,1537138,MBU5GW
carxts-angela-white-di-brazzers-blowjob-dan-milf-hot-sex-1537,[CARXTS] Angela White di Brazzers Blowjob dan MILF hot sex,https://cdn.adidssd7.workers.dev/?id=image-cdn.tik.porn/video/1/1537/tryptic.jpg?ver=5,Video paling menarik hari ini. Bikin makin betah nonton. #fyp #viral #trending,1537,CARXTS
34f2qr-sofi-foxxxy-menggoda-dan-payudara-besar-alami-seksi-panas-1539049,[34F2QR] Sofi_foxxxy Menggoda dan Payudara Besar Alami seksi panas,https://cdn.adidssd7.workers.dev/?id=image-cdn.tik.porn/video/1539/1539049/tryptic.jpg?ver=4,Video paling menarik hari ini. Kualitas terbaik cuma di sini. #fyp #viral #trending,1539049,34F2QR
gvj7at-brazzers-blowjob-dan-big-dick-brunette-cfnm-pov-1539,[GVJ7AT] Brazzers : Blowjob dan Big Dick Brunette CFNM POV,https://cdn.adidssd7.workers.dev/?id=image-cdn.tik.porn/video/1/1539/tryptic.jpg?ver=5,Video paling menarik hari ini. Bikin makin betah nonton. #fyp #viral #trending,1539,GVJ7AT
ex4ztl-liilash-perempuan-masturbasi-dan-big-ass-sex-porno-1528619,[EX4ZTL] Liilash Perempuan Masturbasi dan Big Ass sex porno,https://cdn.adidssd7.workers.dev/?id=image-cdn.tik.porn/video/1528/1528619/tryptic.jpg?ver=4,Jangan lewatkan keseruan ini! Update setiap hari. #fyp #viral #trending,1528619,EX4ZTL
qmevh3-klip-ellisesugar-showing-boobs-dan-nude-brunette-1526911,[QMEVH3] Klip ElliseSugar Showing Boobs dan Nude Brunette,https://cdn.adidssd7.workers.dev/?id=image-cdn.tik.porn/video/1526/1526911/tryptic.jpg?ver=4,Video paling menarik hari ini. Bikin makin betah nonton. #fyp #viral #trending,1526911,QMEVH3
6l4sfh-jada-stevens-di-brazzers-blowjob-dan-brunette-sex-1526,[6L4SFH] Jada Stevens di Brazzers Blowjob dan Brunette sex,https://cdn.adidssd7.workers.dev/?id=image-cdn.tik.porn/video/1/1526/tryptic.jpg?ver=5,Video paling menarik hari ini. Kualitas terbaik cuma di sini. #fyp #viral #trending,1526,6L4SFH
panu4h-gingerchloe-menggoda-dan-pantat-besar-solo-porno-rambut-merah-1521696,[PANU4H] GingerChloe Menggoda dan Pantat Besar Solo Porno Rambut Merah,https://cdn.adidssd7.workers.dev/?id=image-cdn.tik.porn/video/1521/1521696/tryptic.jpg?ver=4,Video paling menarik hari ini. Bikin makin betah nonton. #fyp #viral #trending,1521696,PANU4H
vxuzng-siapa-yang-sedang-dalam-mood-untuk-sedikit-masalah-brunette-nude-petite-solo-sextoys-1576079,[VXUZNG] Siapa yang sedang dalam mood untuk sedikit masalah? 😏🔥 #Brunette #Nude #Petite #Solo #Sextoys,https://cdn.adidssd7.workers.dev/?id=image-cdn.tik.porn/video/1576/1576079/tryptic.jpg?ver=4,Video paling menarik hari ini. Kualitas terbaik cuma di sini. #fyp #viral #trending,1576079,VXUZNG
r7bpvu-aminasky-sextoys-dan-solo-big-ass-upskirt-hd-gratis-1570108,[R7BPVU] AminaSky Sextoys dan Solo Big Ass Upskirt hd gratis,https://cdn.adidssd7.workers.dev/?id=image-cdn.tik.porn/video/1570/1570108/tryptic.jpg?ver=4,Video paling menarik hari ini. Bikin makin betah nonton. #fyp #viral #trending,1570108,R7BPVU
8ebsmx-cory-chase-oleh-ibu-bang-remaja-blowjob-hot-hd-porn-1570,[8EBSMX] Cory Chase oleh Ibu Bang Remaja Blowjob hot hd porn,https://cdn.adidssd7.workers.dev/?id=image-cdn.tik.porn/video/1/1570/tryptic.jpg?ver=3,Jangan lewatkan keseruan ini! Update setiap hari. #fyp #viral #trending,1570,8EBSMX
zvpfj8-anda-akan-memerah-dari-awal-hingga-akhir-uwu-sexy-naked-petite-solo-shower-sex-1556402,[ZVPFJ8] Anda akan memerah dari awal hingga akhir uwu 💖💋 #Sexy #Naked #Petite #Solo #Shower Sex,https://cdn.adidssd7.workers.dev/?id=image-cdn.tik.porn/video/1556/1556402/tryptic.jpg?ver=4,Video paling menarik hari ini. Bikin makin betah nonton. #fyp #viral #trending,1556402,ZVPFJ8
ltnrjm-amybounce-menunjukkan-payudara-dan-brunette-klip-mungil-1543032,[LTNRJM] AmyBounce Menunjukkan Payudara dan Brunette Klip mungil,https://cdn.adidssd7.workers.dev/?id=image-cdn.tik.porn/video/1543/1543032/tryptic.jpg?ver=4,Video paling menarik hari ini. Kualitas terbaik cuma di sini. #fyp #viral #trending,1543032,LTNRJM
cn597u-semoga-tidak-ada-yang-melihat-saya-masturbasi-di-tepi-pantai-1570941,[CN597U] Semoga tidak ada yang melihat saya masturbasi di tepi pantai,https://cdn.adidssd7.workers.dev/?id=image-cdn.tik.porn/video/1570/1570941/tryptic.jpg?ver=4,Tonton sampai habis ya! Kualitas terbaik cuma di sini. #fyp #viral #trending,1570941,CN597U
4pju82-apakah-kamu-ingin-menyentuh-tubuh-mungilku-sayang-1606179,[4PJU82] Apakah kamu ingin menyentuh tubuh mungilku sayang?,https://cdn.adidssd7.workers.dev/?id=image-cdn.tik.porn/video/1606/1606179/tryptic.jpg?ver=4,Video paling menarik hari ini. Kualitas terbaik cuma di sini. #fyp #viral #trending,1606179,4PJU82
jav8tb-lena-paul-oleh-hard-x-blowjob-dan-big-dick-blonde-1606,[JAV8TB] Lena Paul oleh Hard X Blowjob dan Big Dick Blonde,https://cdn.adidssd7.workers.dev/?id=image-cdn.tik.porn/video/1/1606/tryptic.jpg?ver=3,Video paling menarik hari ini. Bikin makin betah nonton. #fyp #viral #trending,1606,JAV8TB
v6m7ql-bagaimana-perasaanmu-saat-melihat-vagina-ini-1584388,[V6M7QL] Bagaimana perasaanmu saat melihat vagina ini?🥵,https://cdn.adidssd7.workers.dev/?id=image-cdn.tik.porn/video/1584/1584388/tryptic.jpg?ver=4,Video paling menarik hari ini. Kualitas terbaik cuma di sini. #fyp #viral #trending,1584388,V6M7QL
pufkhd-haley-reed-di-tushy-blowjob-dan-threesome-blonde-1584,[PUFKHD] Haley Reed di Tushy Blowjob dan Threesome Blonde,https://cdn.adidssd7.workers.dev/?id=image-cdn.tik.porn/video/1/1584/tryptic.jpg?ver=5,Tonton sampai habis ya! Kualitas terbaik cuma di sini. #fyp #viral #trending,1584,PUFKHD
wjlgyf-setelah-pesta-seks-dengan-ayam-hitam-besar-ini-1537264,[WJLGYF] Setelah pesta seks dengan ayam hitam besar ini,https://cdn.adidssd7.workers.dev/?id=image-cdn.tik.porn/video/1537/1537264/tryptic.jpg?ver=4,Jangan lewatkan keseruan ini! Update setiap hari. #fyp #viral #trending,1537264,WJLGYF
j4mzh2-jari-pantat-kyliefreya-dan-pantat-besar-solo-telanjang-1582750,[J4MZH2] Jari Pantat KylieFreya dan Pantat Besar Solo Telanjang,https://cdn.adidssd7.workers.dev/?id=image-cdn.tik.porn/video/1582/1582750/tryptic.jpg?ver=4,Jangan lewatkan keseruan ini! Update setiap hari. #fyp #viral #trending,1582750,J4MZH2
spgjhv-emmyelfie-teasing-dan-film-solo-nude-shaved-pussy-1582400,[SPGJHV] Emmyelfie Teasing dan film Solo Nude Shaved Pussy,https://cdn.adidssd7.workers.dev/?id=image-cdn.tik.porn/video/1582/1582400/tryptic.jpg?ver=4,Jangan lewatkan keseruan ini! Update setiap hari. #fyp #viral #trending,1582400,SPGJHV
qagnhr-bolehkah-aku-membuatkan-sesuatu-yang-manis-untukmu-sayangku-1618646,[QAGNHR] Bolehkah aku membuatkan sesuatu yang manis untukmu sayangku?,https://cdn.adidssd7.workers.dev/?id=image-cdn.tik.porn/video/1618/1618646/tryptic.jpg?ver=4,Tonton sampai habis ya! Kualitas terbaik cuma di sini. #fyp #viral #trending,1618646,QAGNHR
kbn8ax-angel-wicky-di-brazzers-blowjob-dan-pov-blonde-hd-1618,[KBN8AX] Angel Wicky di Brazzers Blowjob dan POV Blonde hd,https://cdn.adidssd7.workers.dev/?id=image-cdn.tik.porn/video/1/1618/tryptic.jpg?ver=3,Tonton sampai habis ya! Kualitas terbaik cuma di sini. #fyp #viral #trending,1618,KBN8AX
5f9hs6-gadis-koboi-terbaik-di-stoking-dan-sepatu-hak-tinggi-1622454,[5F9HS6] Gadis koboi terbaik di stoking dan sepatu hak tinggi,https://cdn.adidssd7.workers.dev/?id=image-cdn.tik.porn/video/1622/1622454/tryptic.jpg?ver=4,Tonton sampai habis ya! Kualitas terbaik cuma di sini. #fyp #viral #trending,1622454,5F9HS6
z9an7d-my-wifes-mom-blowjob-dan-step-family-blonde-hot-1622,[Z9AN7D] My Wifes Mom : Blowjob dan Step Family Blonde hot,https://cdn.adidssd7.workers.dev/?id=image-cdn.tik.porn/video/1/1622/tryptic.jpg?ver=5,Video paling menarik hari ini. Bikin makin betah nonton. #fyp #viral #trending,1622,Z9AN7D
dtcz7a-bergabunglah-denganku-di-kamar-mandi-dan-aku-akan-membuatmu-merasa-sangat-baik-1599564,[DTCZ7A] Bergabunglah denganku di kamar mandi dan aku akan membuatmu merasa sangat baik,https://cdn.adidssd7.workers.dev/?id=image-cdn.tik.porn/video/1599/1599564/tryptic.jpg?ver=4,Jangan lewatkan keseruan ini! Update setiap hari. #fyp #viral #trending,1599564,DTCZ7A
usq79v-net-video-girls-blowjob-dan-blonde-teen-hd-nsfw-1599,[USQ79V] Net Video Girls : Blowjob dan Blonde Teen hd nsfw,https://cdn.adidssd7.workers.dev/?id=image-cdn.tik.porn/video/1/1599/tryptic.jpg?ver=3,Jangan lewatkan keseruan ini! Update setiap hari. #fyp #viral #trending,1599,USQ79V
dqztbe-bangun-dengan-penis-keras-di-pagi-hari-1581812,[DQZTBE] Bangun dengan penis keras di pagi hari,https://cdn.adidssd7.workers.dev/?id=image-cdn.tik.porn/video/1581/1581812/tryptic.jpg?ver=4,Video paling menarik hari ini. Kualitas terbaik cuma di sini. #fyp #viral #trending,1581812,DQZTBE
fx9nch-yourmightymia-menggoda-dan-payudara-besar-hd-xxx-tube-1611982,[FX9NCH] Yourmightymia Menggoda dan Payudara Besar hd xxx tube,https://cdn.adidssd7.workers.dev/?id=image-cdn.tik.porn/video/1611/1611982/tryptic.jpg?ver=4,Jangan lewatkan keseruan ini! Update setiap hari. #fyp #viral #trending,1611982,FX9NCH
buvjcp-lexygrey10-menggoda-dan-pantat-besar-solo-seksi-porno-panas-1610316,[BUVJCP] Lexygrey10 Menggoda dan Pantat Besar Solo Seksi porno panas,https://cdn.adidssd7.workers.dev/?id=image-cdn.tik.porn/video/1610/1610316/tryptic.jpg?ver=4,Video paling menarik hari ini. Kualitas terbaik cuma di sini. #fyp #viral #trending,1610316,BUVJCP
z7jeg6-hard-x-blowjob-dan-blonde-big-dick-hd-xxx-video-1610,[Z7JEG6] Hard X : Blowjob dan Blonde Big Dick hd xxx video,https://cdn.adidssd7.workers.dev/?id=image-cdn.tik.porn/video/1/1610/tryptic.jpg?ver=7,Video paling menarik hari ini. Bikin makin betah nonton. #fyp #viral #trending,1610,Z7JEG6
u7b4dl-lauradi-striptease-dan-natural-big-tits-video-hot-1632072,[U7B4DL] Lauradi Striptease dan Natural Big Tits video hot,https://cdn.adidssd7.workers.dev/?id=image-cdn.tik.porn/video/1632/1632072/tryptic.jpg?ver=4,Jangan lewatkan keseruan ini! Update setiap hari. #fyp #viral #trending,1632072,U7B4DL
h7xpvy-karishax-menggoda-dan-mencukur-pussy-payudara-kecil-nsfw-1633766,[H7XPVY] KarishaX Menggoda dan Mencukur Pussy Payudara Kecil nsfw,https://cdn.adidssd7.workers.dev/?id=image-cdn.tik.porn/video/1633/1633766/tryptic.jpg?ver=4,Video paling menarik hari ini. Bikin makin betah nonton. #fyp #viral #trending,1633766,H7XPVY
bpqrt5-dillion-harper-di-21sextury-blowjob-dan-threesome-1633,[BPQRT5] Dillion Harper di 21Sextury Blowjob dan Threesome,https://cdn.adidssd7.workers.dev/?id=image-cdn.tik.porn/video/1/1633/tryptic.jpg?ver=3,Video paling menarik hari ini. Kualitas terbaik cuma di sini. #fyp #viral #trending,1633,BPQRT5
fqb97s-katealurer-sextoys-dan-brunette-tabung-pussy-dicukur-1629853,[FQB97S] Katealurer Sextoys dan Brunette tabung Pussy Dicukur,https://cdn.adidssd7.workers.dev/?id=image-cdn.tik.porn/video/1629/1629853/tryptic.jpg?ver=4,Jangan lewatkan keseruan ini! Update setiap hari. #fyp #viral #trending,1629853,FQB97S
lcbr5s-brazzers-blowjob-dan-pov-brunette-big-boobs-hot-1629,[LCBR5S] Brazzers : Blowjob dan POV Brunette Big Boobs hot,https://cdn.adidssd7.workers.dev/?id=image-cdn.tik.porn/video/1/1629/tryptic.jpg?ver=3,Jangan lewatkan keseruan ini! Update setiap hari. #fyp #viral #trending,1629,LCBR5S
yhkbgc-lilygrace-menampilkan-payudara-dan-rambut-coklat-telanjang-seksi-1628635,[YHKBGC] LilyGrace Menampilkan Payudara dan Rambut Coklat Telanjang Seksi,https://cdn.adidssd7.workers.dev/?id=image-cdn.tik.porn/video/1628/1628635/tryptic.jpg?ver=4,Video paling menarik hari ini. Bikin makin betah nonton. #fyp #viral #trending,1628635,YHKBGC
fkg2nq-malaikat-jahat-blowjob-dan-pov-stocking-brunette-1628,[FKG2NQ] Malaikat Jahat: Blowjob dan POV Stocking Brunette,https://cdn.adidssd7.workers.dev/?id=image-cdn.tik.porn/video/1/1628/tryptic.jpg?ver=3,Tonton sampai habis ya! Kualitas terbaik cuma di sini. #fyp #viral #trending,1628,FKG2NQ
emjpu6-ashleybambi-kaki-porno-dan-rambut-coklat-remaja-seksi-solo-1619836,[EMJPU6] AshleyBambi Kaki Porno dan Rambut Coklat Remaja Seksi Solo,https://cdn.adidssd7.workers.dev/?id=image-cdn.tik.porn/video/1619/1619836/tryptic.jpg?ver=4,Video paling menarik hari ini. Kualitas terbaik cuma di sini. #fyp #viral #trending,1619836,EMJPU6
u8mcjb-pornpros-blowjob-dan-brunette-teen-lesbian-gratis-1619,[U8MCJB] PornPros : Blowjob dan Brunette Teen Lesbian gratis,https://cdn.adidssd7.workers.dev/?id=image-cdn.tik.porn/video/1/1619/tryptic.jpg?ver=3,Video paling menarik hari ini. Kualitas terbaik cuma di sini. #fyp #viral #trending,1619,U8MCJB
y6hef4-alinaboobs-perempuan-masturbasi-dan-solo-klip-seks-1619437,[Y6HEF4] Alinaboobs Perempuan Masturbasi dan Solo klip seks,https://cdn.adidssd7.workers.dev/?id=image-cdn.tik.porn/video/1619/1619437/tryptic.jpg?ver=4,Tonton sampai habis ya! Kualitas terbaik cuma di sini. #fyp #viral #trending,1619437,Y6HEF4
trlwjv-so-horny-i-need-to-be-fucked-and-filled-right-now-1647710,[TRLWJV] So horny I need to be fucked and filled right now,https://cdn.adidssd7.workers.dev/?id=image-cdn.tik.porn/video/1647/1647710/tryptic.jpg?ver=4,Video paling menarik hari ini. Kualitas terbaik cuma di sini. #fyp #viral #trending,1647710,TRLWJV
4usght-purple-dragon-footjob-and-shaved-pussy-stockings-1647290,[4USGHT] Purple_Dragon Footjob and Shaved Pussy Stockings,https://cdn.adidssd7.workers.dev/?id=image-cdn.tik.porn/video/1647/1647290/tryptic.jpg?ver=4,Video paling menarik hari ini. Kualitas terbaik cuma di sini. #fyp #viral #trending,1647290,4USGHT
pdcx9n-luciamorris-showing-boobs-and-shaved-pussy-1641599,[PDCX9N] Luciamorris Showing Boobs and Shaved Pussy,https://cdn.adidssd7.workers.dev/?id=image-cdn.tik.porn/video/1641/1641599/tryptic.jpg?ver=4,Video paling menarik hari ini. Bikin makin betah nonton. #fyp #viral #trending,1641599,PDCX9N
wukzte-my-stockings-are-begging-for-attention-tonight-asian-petite-big-boobs-brunette-striptease-1639352,[WUKZTE] My stockings are begging for attention tonight 👠💋 #Asian #Petite #Big Boobs #Brunette #Striptease,https://cdn.adidssd7.workers.dev/?id=image-cdn.tik.porn/video/1639/1639352/tryptic.jpg?ver=4,Video paling menarik hari ini. Bikin makin betah nonton. #fyp #viral #trending,1639352,WUKZTE
mp5qkd-evil-angel-blowjob-and-big-dick-pov-teen-hd-sex-1639,[MP5QKD] Evil Angel : Blowjob and Big Dick POV Teen hd sex,https://cdn.adidssd7.workers.dev/?id=image-cdn.tik.porn/video/1/1639/tryptic.jpg?ver=3,Jangan lewatkan keseruan ini! Update setiap hari. #fyp #viral #trending,1639,MP5QKD
jgfxrd-sofaaaaaaaaaa-teasing-and-blonde-shaved-pussy-hot-1631176,[JGFXRD] Sofaaaaaaaaaa Teasing and Blonde Shaved Pussy hot,https://cdn.adidssd7.workers.dev/?id=image-cdn.tik.porn/video/1631/1631176/tryptic.jpg?ver=4,Video paling menarik hari ini. Bikin makin betah nonton. #fyp #viral #trending,1631176,JGFXRD
