zwsku6-diikat-bayi-asia-dibuat-menyemprotkan-dengan-kekuatan-hpkkkkbe1b0,[ZWSKU6] Diikat bayi Asia dibuat menyemprotkan dengan kekuatan,https://cdn.adidssd7.workers.dev/?id=thumb-cdn77.xvideos-cdn.com/bf49aa9c-684c-46d8-b0cd-c795042ed15a/0/xv_13_t.jpg,Koleksi lengkap video pilihan dengan durasi yang pas untuk Anda.,hpkkkkbe1b0,ZWSKU6
xnbvga-gadis-sekolah-jepang-yang-terangsang-chihiro-nishikawa-memberikan-bj-yang-menakjubkan-di-kelasnya-sambil-mengenakan-seragam-yang-memberikan-anda-pengalaman-yang-tak-terlupakan-ududvdof027,[XNBVGA] Gadis sekolah Jepang yang terangsang Chihiro Nishikawa,https://cdn.adidssd7.workers.dev/?id=thumb-cdn77.xvideos-cdn.com/6add9d7e-e06c-49a9-bae3-4ae1acac25c6/0/xv_11_t.jpg,Koleksi lengkap video pilihan dengan durasi yang pas untuk Anda.,ududvdof027,XNBVGA
ukxsgy-saat-putri-tirinya-absen-ibunya-dipaksa-melakukan-creampie-oleh-pacarnya-shizuka-momoi-uiulhkk0b23,[UKXSGY] Saat Putri Tirinya Absen Ibunya Dipaksa Melakukan Creampie Oleh Pacarnya Shizuka Momoi,https://cdn.adidssd7.workers.dev/?id=thumb-cdn77.xvideos-cdn.com/bb08128d-1257-4734-a948-c92f776371d8/0/xv_15_t.jpg,Jangan lewatkan video menarik yang kami perbarui setiap harinya.,uiulhkk0b23,UKXSGY
6lar3f-vagina-ini-punya-daya-isap-yang-kuat-itu-sudah-pasti-iuolkffe595,[6LAR3F] Vagina ini punya daya isap yang kuat itu sudah pasti,https://cdn.adidssd7.workers.dev/?id=thumb-cdn77.xvideos-cdn.com/1a8a588d-5809-4918-8b91-c5b965f03a72/0/xv_2_t.jpg,Koleksi lengkap video pilihan dengan durasi yang pas untuk Anda.,iuolkffe595,6LAR3F
vu82lt-bibir-penuh-yang-sangat-lucu-kekasih-asia-menjadi-kacau-keras-cpobdk1fdc,[VU82LT] Bibir penuh yang sangat lucu kekasih Asia menjadi kacau keras,https://cdn.adidssd7.workers.dev/?id=thumb-cdn77.xvideos-cdn.com/e8aa0adc-81a8-488a-8ad8-dbc52a520efe/0/xv_18_t.jpg,Jangan lewatkan video menarik yang kami perbarui setiap harinya.,cpobdk1fdc,VU82LT
urkp3y-moe-yoshikawa-mengendarai-ayam-di-dapur-payudaranya-berayun-kficee2a51,[URKP3Y] Moe Yoshikawa mengendarai ayam di dapur payudaranya berayun,https://cdn.adidssd7.workers.dev/?id=thumb-cdn77.xvideos-cdn.com/bbaa34a4-1731-46c2-b057-a6fc67c50c66/0/xv_26_t.jpg,Jangan lewatkan video menarik yang kami perbarui setiap harinya.,kficee2a51,URKP3Y
7zrgqm-rie-tachikawa-ratu-kenikmatan-oral-jepang-memberikan-penampilan-jav-tanpa-sensor-dengan-kendi-raksasa-dan-keterampilan-ahlinya-otfhebm50ec,[7ZRGQM] Rie Tachikawa ratu kenikmatan oral Jepang memberikan penampilan JAV tanpa sensor dengan kendi raksasa dan keterampilan ahlinya.,https://cdn.adidssd7.workers.dev/?id=thumbs-gcore.xvideos-cdn.com/13998dae-2af1-4625-9ebe-d4cf2067b192/0/xv_6_t.jpg,Temukan koleksi video eksklusif terbaru hanya untuk Anda hari ini.,otfhebm50ec,7ZRGQM
afnhr6-istri-asia-creampie-suami-dan-teman-mimvld990,[AFNHR6] Istri Asia Creampie suami dan teman,https://cdn.adidssd7.workers.dev/?id=thumb-cdn77.xvideos-cdn.com/1aa5e695-fb8c-43c3-bb13-6a941c18ae17/0/xv_10_t.jpg,Kami menyajikan konten paling populer yang wajib Anda tonton hari ini.,mimvld990,AFNHR6
4wcphf-siapa-namanya-tolong-halimmd3a4a,[4WCPHF] siapa namanya tolong...,https://cdn.adidssd7.workers.dev/?id=thumb-cdn77.xvideos-cdn.com/c49e75b4-751e-4538-9eb9-92582d2573e4/0/xv_9_t.jpg,Koleksi lengkap video pilihan dengan durasi yang pas untuk Anda.,halimmd3a4a,4WCPHF
4dv6sm-remaja-lucu-bermain-dengan-ayam-hitam-besar-kolckpv799e,[4DV6SM] Remaja lucu bermain dengan ayam hitam besar,https://cdn.adidssd7.workers.dev/?id=thumb-cdn77.xvideos-cdn.com/001e2c9c-778d-474e-ac14-245af91cddd4/0/xv_30_t.jpg,Video yang sedang banyak dibicarakan oleh komunitas saat ini.,kolckpv799e,4DV6SM
3uv2ga-yui-hatano-memberikan-blowjob-mengambil-penis-besar-untuk-final-creampie-oihafvkc284,[3UV2GA] Yui Hatano Memberikan Blowjob Mengambil Penis Besar untuk Final Creampie,https://cdn.adidssd7.workers.dev/?id=thumb-cdn77.xvideos-cdn.com/003b8f44-2c7b-4ea4-8d04-b2b763c97e5d/0/xv_9_t.jpg,Video yang sedang banyak dibicarakan oleh komunitas saat ini.,oihafvkc284,3UV2GA
8zd9qc-orang-tua-mendapatkan-celah-merah-muda-yang-manis-untuk-dibor-hlmedlbfa7e,[8ZD9QC] Orang tua mendapatkan celah merah muda yang manis untuk dibor,https://cdn.adidssd7.workers.dev/?id=thumb-cdn77.xvideos-cdn.com/0076cd31-d57d-4cc9-8aad-62e7ecc5dc6a/0/xv_14_t.jpg,Temukan berbagai kategori menarik dalam video pilihan kami.,hlmedlbfa7e,8ZD9QC
awd5hg-pelacur-asia-membuat-jari-vaginanya-yang-basah-kacau-hlchmade713,[AWD5HG] Pelacur Asia membuat jari vaginanya yang basah kacau,https://cdn.adidssd7.workers.dev/?id=thumb-cdn77.xvideos-cdn.com/021b15d1-126e-4bb2-8ab1-79b426fd22ba/0/xv_3_t.jpg,Koleksi lengkap video pilihan dengan durasi yang pas untuk Anda.,hlchmade713,AWD5HG
8nej9z-vixenplus-brunette-eliza-sangat-membutuhkan-bbc-yang-besar-opicoll0ba5,[8NEJ9Z] VIXENPLUS Brunette Eliza sangat membutuhkan BBC yang besar,https://cdn.adidssd7.workers.dev/?id=thumb-cdn77.xvideos-cdn.com/040e92c1-a0a2-4fc3-9596-df8af3b47462/4/xv_20_t.jpg,Tonton video berkualitas tinggi ini sekarang juga hanya di sini.,opicoll0ba5,8NEJ9Z
gafvut-keluarga-telanjang-jepang-bercinta-satu-sama-lain-athtambb88,[GAFVUT] Keluarga Telanjang Jepang bercinta satu sama lain,https://cdn.adidssd7.workers.dev/?id=thumb-cdn77.xvideos-cdn.com/04355ef6-bb25-4c6d-a5b2-038514d08891/0/xv_23_t.jpg,Video yang sedang banyak dibicarakan oleh komunitas saat ini.,athtambb88,GAFVUT
bh7dwp-dokter-teknologi-sintesis-ji-hkcdvomdfb9,[BH7DWP] -Dokter teknologi sintesis Ji,https://cdn.adidssd7.workers.dev/?id=thumb-cdn77.xvideos-cdn.com/04667cf5-6380-432d-bee7-d7830ac1d418/0/xv_23_t.jpg,Koleksi lengkap video pilihan dengan durasi yang pas untuk Anda.,hkcdvomdfb9,BH7DWP
s6x57h-remaja-jepang-nakal-mendapat-kacau-di-depan-pacarnya-vuhbda8331,[S6X57H] Remaja Jepang nakal mendapat kacau di depan pacarnya,https://cdn.adidssd7.workers.dev/?id=thumb-cdn77.xvideos-cdn.com/048f140f-ad09-4304-a7a9-a4f2735396b4/0/xv_28_t.jpg,Koleksi lengkap video pilihan dengan durasi yang pas untuk Anda.,vuhbda8331,S6X57H
lebh3z-asia-b-himhaombd45,[LEBH3Z] Asia b.,https://cdn.adidssd7.workers.dev/?id=thumb-cdn77.xvideos-cdn.com/0520bab8-3d4c-4796-b34f-21db9fdd3b7c/0/xv_10_t.jpg,Koleksi lengkap video pilihan dengan durasi yang pas untuk Anda.,himhaombd45,LEBH3Z
6jnvqa-petualangan-seks-grup-asia-marin-omi-dengan-blowjobs-dan-creampies-tegar-oopmakaeb23,[6JNVQA] Petualangan Seks Grup Asia Marin Omi dengan Blowjobs dan Creampies Tegar,https://cdn.adidssd7.workers.dev/?id=thumb-cdn77.xvideos-cdn.com/069e521a-0277-4b7d-bfeb-bf0d58c74ef4/3/xv_15_t.jpg,Kami menyajikan konten paling populer yang wajib Anda tonton hari ini.,oopmakaeb23,6JNVQA
lb8guh-beruap-seks-tiga-orang-dengan-terangsang-jepang-perawat-yu-shinohara-di-tempat-kerja-opmbbpc3970,[LB8GUH] Beruap seks tiga orang dengan terangsang jepang perawat yu shinohara di tempat kerja,https://cdn.adidssd7.workers.dev/?id=thumb-cdn77.xvideos-cdn.com/06b3b1e0-a68c-4099-a0dc-2e0210bb79a9/5/xv_30_t.jpg,Nikmati momen terbaik dengan koleksi video trending kami.,opmbbpc3970,LB8GUH
gaphf4-sayang-asia-yang-lucu-menggosok-vaginanya-lalu-meraba-hbcklbf19ae,[GAPHF4] Sayang Asia yang lucu menggosok vaginanya lalu meraba,https://cdn.adidssd7.workers.dev/?id=thumb-cdn77.xvideos-cdn.com/06d66998-e175-46a1-8649-1cdf6b5bf3bf/0/xv_9_t.jpg,Temukan berbagai kategori menarik dalam video pilihan kami.,hbcklbf19ae,GAPHF4
t79p5h-model-panas-pingsan-taylor-sands-membawa-bbc-hiottcva963,[T79P5H] Model Panas Pingsan Taylor Sands Membawa BBC,https://cdn.adidssd7.workers.dev/?id=thumb-cdn77.xvideos-cdn.com/06f79d6a-7743-4603-ad2d-fc488919a104/0/xv_28_t.jpg,Jangan lewatkan video menarik yang kami perbarui setiap harinya.,hiottcva963,T79P5H
kcvh5a-memek-asia-berbulu-menabrak-keras-leiaae254e,[KCVH5A] Memek Asia berbulu menabrak keras,https://cdn.adidssd7.workers.dev/?id=thumb-cdn77.xvideos-cdn.com/070f88b9-0fed-4527-9b19-adf77f3c7952/0/xv_3_t.jpg,Video yang sedang banyak dibicarakan oleh komunitas saat ini.,leiaae254e,KCVH5A
cs549m-shaundamxxx-k-hciiald92b1,[CS549M] SHAUNDAMXXX k. ,https://cdn.adidssd7.workers.dev/?id=thumb-cdn77.xvideos-cdn.com/088bf684-928f-4e58-b773-16a8056029eb/0/xv_13_t.jpg,Koleksi lengkap video pilihan dengan durasi yang pas untuk Anda.,hciiald92b1,CS549M
eh5fcn-sebuah-film-chihiro-nishikawa-yang-melakukan-oral-hook-up-di-ruang-kelas-telah-dikumpulkan-secara-online-ufpcced2030,[EH5FCN] Sebuah film Chihiro Nishikawa yang melakukan oral hook-up di ruang kelas telah dikumpulkan secara online.,https://cdn.adidssd7.workers.dev/?id=thumb-cdn77.xvideos-cdn.com/0939f6dd-24bd-4ce9-b1d9-7d4d20c7022b/0/xv_22_t.jpg,Video pilihan kualitas terbaik yang kami kurasi khusus untuk pengalaman menonton Anda.,ufpcced2030,EH5FCN
45wzfr-sayang-jepang-runa-kobayashi-kacau-tanpa-sensor-kddoomk148b,[45WZFR] Sayang Jepang Runa Kobayashi kacau tanpa sensor,https://cdn.adidssd7.workers.dev/?id=thumb-cdn77.xvideos-cdn.com/09b60ddb-31ff-406a-987b-d35db9bf619d/0/xv_5_t.jpg,Video yang sedang banyak dibicarakan oleh komunitas saat ini.,kddoomk148b,45WZFR
njxbmc-pacarnya-ketahuan-sedang-melakukan-masturbasi-oleh-pacarnya-yang-asia-dan-mereka-memiliki-femdom-yang-lembut-dan-bagus-hmalvif0b72,[NJXBMC] Pacarnya ketahuan sedang melakukan masturbasi oleh pacarnya yang Asia dan mereka memiliki femdom yang lembut dan bagus,https://cdn.adidssd7.workers.dev/?id=thumb-cdn77.xvideos-cdn.com/09f17734-734c-4990-9cd0-cb62836e4d52/0/xv_1_t.jpg,Temukan koleksi video eksklusif terbaru hanya untuk Anda hari ini.,hmalvif0b72,NJXBMC
vtlxha-japanese-mature-ryoko-had-sex-uncensored-kamkcph1556,[VTLXHA] Japanese mature Ryoko had sex uncensored,https://cdn.adidssd7.workers.dev/?id=thumb-cdn77.xvideos-cdn.com/0aec9c81-fc88-42e8-98ab-53faec988adf/0/xv_25_t.jpg,Video pilihan kualitas terbaik yang kami kurasi khusus untuk pengalaman menonton Anda.,kamkcph1556,VTLXHA
ukmbgd-obsesi-pelayaran-carter-blacked-bab-4-dalmokebb5,[UKMBGD] Obsesi Pelayaran Carter BLACKED Bab 4,https://cdn.adidssd7.workers.dev/?id=thumb-cdn77.xvideos-cdn.com/0be882a2-6611-4906-92e6-564c37e52520/0/xv_23_t.jpg,Jangan lewatkan video menarik yang kami perbarui setiap harinya.,dalmokebb5,UKMBGD
gfbwj7-nozomi-hatsuki-melakukan-masturbasi-sampai-dia-menyemprotkan-plkcav08ab,[GFBWJ7] Nozomi Hatsuki Melakukan Masturbasi Sampai Dia Menyemprotkan,https://cdn.adidssd7.workers.dev/?id=thumb-cdn77.xvideos-cdn.com/0ec7ac01-f806-4ff5-b4f5-a34d931e8c05/0/xv_26_t.jpg,Jangan lewatkan video menarik yang kami perbarui setiap harinya.,plkcav08ab,GFBWJ7
zdtqlh-milf-asia-hampir-mencapai-orgasme-terbaik---selengkapnya-di-japanesemamas-com-kmouapd27b1,[ZDTQLH] MILF Asia hampir mencapai orgasme terbaik - Selengkapnya di Japanesemamas com,https://cdn.adidssd7.workers.dev/?id=thumb-cdn77.xvideos-cdn.com/0f58f8cf-7f08-4402-94db-734df2240aaa/0/xv_18_t.jpg,Temukan koleksi video eksklusif terbaru hanya untuk Anda hari ini.,kmouapd27b1,ZDTQLH
jfnkv5-petualangan-jav-intens-dengan-rayuan-amatir-asia-nakal-yui-hatano-oiuedov00e1,[JFNKV5] Petualangan JAV Intens Dengan Rayuan Amatir Asia Nakal Yui Hatano,https://cdn.adidssd7.workers.dev/?id=thumb-cdn77.xvideos-cdn.com/0faa3239-e510-4992-88f5-3d1e0617e287/0/xv_6_t.jpg,Video pilihan kualitas terbaik yang kami kurasi khusus untuk pengalaman menonton Anda.,oiuedov00e1,JFNKV5
fzpe4u-remaja-asia-hinata-tachibana-memberikan-blowjob-mendapat-creampie-dalam-adegan-seks-hardcore-ohbcpoh9b5a,[FZPE4U] Remaja Asia Hinata Tachibana Memberikan Blowjob Mendapat Creampie Dalam Adegan Seks Hardcore,https://cdn.adidssd7.workers.dev/?id=thumb-cdn77.xvideos-cdn.com/106e6823-d7d8-4872-ab27-abc986422de3/0/xv_5_t.jpg,Konten terbaru yang sedang viral dan banyak dicari saat ini.,ohbcpoh9b5a,FZPE4U
2nwa48-remaja-mungil-dan-polos-membuat-vaginanya-yang-basah-kacau-hahadfmafa0,[2NWA48] Remaja mungil dan polos membuat vaginanya yang basah kacau,https://cdn.adidssd7.workers.dev/?id=thumb-cdn77.xvideos-cdn.com/123bfc14-8e96-4902-a811-d0cb3f8f1d7b/0/xv_10_t.jpg,Koleksi lengkap video pilihan dengan durasi yang pas untuk Anda.,hahadfmafa0,2NWA48
cfva7p-remaja-jepang-memberikan-blowjob-menakjubkan-sebelum-pertarungan-seks-tegar-yang-intens-opovlaca465,[CFVA7P] Remaja Jepang Memberikan Blowjob Menakjubkan Sebelum Pertarungan Seks Tegar yang Intens,https://cdn.adidssd7.workers.dev/?id=thumb-cdn77.xvideos-cdn.com/12ad9b99-d3bb-40fc-bf7e-58ee14506ffe/5/xv_18_t.jpg,Video yang sedang banyak dibicarakan oleh komunitas saat ini.,opovlaca465,CFVA7P
ntz89b-rei-kitajima-adegan-bercinta-hebat-dari-pornografi-kantor---lebih-lanjut-di-javhd-net-ikfphloee37,[NTZ89B] Rei Kitajima adegan bercinta hebat dari pornografi kantor - Lebih lanjut di javhd.net,https://cdn.adidssd7.workers.dev/?id=thumb-cdn77.xvideos-cdn.com/14004b37-dc85-438a-9998-36e4be40bdc1/0/xv_29_t.jpg,Temukan berbagai kategori menarik dalam video pilihan kami.,ikfphloee37,NTZ89B
5bx8fd-gadis-asia-memainkan-dirinya-sendiri-dan-bf-kontol-hcdftdf32f2,[5BX8FD] gadis asia memainkan dirinya sendiri dan bf' kontol,https://cdn.adidssd7.workers.dev/?id=thumb-cdn77.xvideos-cdn.com/1433d7a9-ece9-4edd-9780-f727662b4e29/0/xv_1_t.jpg,Jangan lewatkan video menarik yang kami perbarui setiap harinya.,hcdftdf32f2,5BX8FD
sp9gwv-lucu-dan-seksi-nona-ai-okamoto-menunjukkan-kepada-kita-keterampilan-bercinta-payudara-dan-mengisap-ayam-di-adegan-seks-pertama-di-depan-kamera-dengan-perawat-amatir-bercinta-creampie-dan-tembakan-cum-selesai-pt3-ukvipko745e,[SP9GWV] Lucu dan seksi Nona Ai Okamoto menunjukkan kepada kita keterampilan bercinta payudara dan mengisap ayam di adegan seks pertama di depan kamera dengan perawat amatir bercinta creampie dan tembakan cum selesai pt3,https://cdn.adidssd7.workers.dev/?id=thumb-cdn77.xvideos-cdn.com/153e18fd-7e3d-476c-aa9b-e0d9df8ab957/0/xv_22_t.jpg,Temukan koleksi video eksklusif terbaru hanya untuk Anda hari ini.,ukvipko745e,SP9GWV
4vqln5-bintang-porno-remaja-bergairah-saya-tachibana-mendapat-vaginanya-diisi-dengan-air-mani-di-asia-seksi-oppitld8e48,[4VQLN5] Bintang Porno Remaja Bergairah Saya Tachibana Mendapat Vaginanya Diisi Dengan Air Mani di Asia Seksi,https://cdn.adidssd7.workers.dev/?id=thumb-cdn77.xvideos-cdn.com/156186ac-4152-406a-a052-d1893d611178/5/xv_12_t.jpg,Kami menyajikan konten paling populer yang wajib Anda tonton hari ini.,oppitld8e48,4VQLN5
jn6pwk-wanita-kantor-jepang-yang-menakjubkan-memberi-bosnya-pekerjaan-pukulan-yang-panas-vabefeed1d,[JN6PWK] Wanita kantor Jepang yang menakjubkan memberi bosnya pekerjaan pukulan yang panas,https://cdn.adidssd7.workers.dev/?id=thumb-cdn77.xvideos-cdn.com/156b98f9-1d43-40cd-9082-cdbd1e3ab2d5/0/xv_4_t.jpg,Temukan koleksi video eksklusif terbaru hanya untuk Anda hari ini.,vabefeed1d,JN6PWK
l5t93n-ibu-tiri-iafkvad6d7d,[L5T93N] Ibu tiri,https://cdn.adidssd7.workers.dev/?id=thumb-cdn77.xvideos-cdn.com/156ef099-7b55-4224-8d21-282ee86ce659/0/xv_17_t.jpg,Konten terbaru yang sedang viral dan banyak dicari saat ini.,iafkvad6d7d,L5T93N
9nwmtd-guru-jepang-asuka-kyono-mendapat-kacau-tanpa-sensor-kkfbedb1e0f,[9NWMTD] Guru Jepang Asuka Kyono mendapat kacau tanpa sensor,https://cdn.adidssd7.workers.dev/?id=thumb-cdn77.xvideos-cdn.com/15780415-7112-42fc-818a-10c8c67a77a8/0/xv_14_t.jpg,Konten terbaru yang sedang viral dan banyak dicari saat ini.,kkfbedb1e0f,9NWMTD
l958yv-pelacur-jepang-dengan-payudara-kecil-mendapat-air-mani-disemprotkan-pada-tubuhnya-kfvpodh475d,[L958YV] Pelacur Jepang Dengan Payudara Kecil Mendapat Air Mani Disemprotkan Pada Tubuhnya,https://cdn.adidssd7.workers.dev/?id=thumb-cdn77.xvideos-cdn.com/15aa9deb-bbda-412e-8ad1-669238282277/0/xv_2_t.jpg,Kami menyajikan konten paling populer yang wajib Anda tonton hari ini.,kfvpodh475d,L958YV
zmdt58-cewek-jepang-ramu-nagatsuki-mendapat-kacau-tanpa-sensor-ktlbeokf628,[ZMDT58] Cewek Jepang Ramu Nagatsuki mendapat kacau tanpa sensor,https://cdn.adidssd7.workers.dev/?id=thumb-cdn77.xvideos-cdn.com/15b70582-779f-4c5b-bf16-5605fb0158a3/0/xv_26_t.jpg,Jangan lewatkan video menarik yang kami perbarui setiap harinya.,ktlbeokf628,ZMDT58
p5zbrm-agen-asuransi-sialan-semua-klien-2---rei-kitajima-hupakpo110e,[P5ZBRM] agen asuransi sialan semua klien 2 - Rei Kitajima,https://cdn.adidssd7.workers.dev/?id=thumb-cdn77.xvideos-cdn.com/1658ede4-f14b-4b4f-90ca-7384d45674a8/0/xv_15_t.jpg,Video pilihan kualitas terbaik yang kami kurasi khusus untuk pengalaman menonton Anda.,hupakpo110e,P5ZBRM
hnk2j9-2-perempuan-dan-2-laki-laki-telanjang-di-ruang-tamu-hbtuhch76c0,[HNK2J9] 2 perempuan dan 2 laki-laki telanjang di ruang tamu,https://cdn.adidssd7.workers.dev/?id=thumb-cdn77.xvideos-cdn.com/1d36780f-0dd9-4f76-8d66-c4c0f4799f86/0/xv_13_t.jpg,Konten terbaru yang sedang viral dan banyak dicari saat ini.,hbtuhch76c0,HNK2J9
ywxfpk-x-6986417-ibu-ayako-satonaka-hbfedih5201,[YWXFPK] x 6986417 ibu ayako satonaka,https://cdn.adidssd7.workers.dev/?id=thumb-cdn77.xvideos-cdn.com/1dbfc6d5-4829-4dd2-a6db-a18e9a5b19d2/0/xv_19_t.jpg,Nikmati momen terbaik dengan koleksi video trending kami.,hbfedih5201,YWXFPK
kru9gq-sekretaris-jepang-mizukawa-berhubungan-seks-tanpa-sensor-kmeipho5d89,[KRU9GQ] Sekretaris Jepang Mizukawa berhubungan seks tanpa sensor,https://cdn.adidssd7.workers.dev/?id=thumb-cdn77.xvideos-cdn.com/1e00d507-5251-4d1b-8a61-336d229b2ab8/0/xv_18_t.jpg,Koleksi lengkap video pilihan dengan durasi yang pas untuk Anda.,kmeipho5d89,KRU9GQ
u84jht-mandingo-meniduri-remaja-riley-reid-hbikldvad5e,[U84JHT] Mandingo meniduri remaja Riley Reid,https://cdn.adidssd7.workers.dev/?id=thumb-cdn77.xvideos-cdn.com/1e6beb06-29df-4af7-93dd-0923447ff897/0/xv_28_t.jpg,Jangan lewatkan video menarik yang kami perbarui setiap harinya.,hbikldvad5e,U84JHT
4hdtuq-langkah-ibu-mertua-dikhianati-oleh-putra---miori-fujisawa---gratis1-uhbpvdh9816,[4HDTUQ] langkah Ibu Mertua Dikhianati oleh Putra - Miori Fujisawa - Gratis1,https://cdn.adidssd7.workers.dev/?id=thumb-cdn77.xvideos-cdn.com/1fcd4118-6ec5-42eb-8dbf-c7518c2ba8fc/0/xv_8_t.jpg,Kami menyajikan konten paling populer yang wajib Anda tonton hari ini.,uhbpvdh9816,4HDTUQ
h8tfb3-ibu-rumah-tangga-asia-berdada-besar-yang-digunakan-untuk-beberapa-hasrat-seksual-hloiflf03bc,[H8TFB3] Ibu rumah tangga Asia berdada besar yang digunakan untuk beberapa hasrat seksual,https://cdn.adidssd7.workers.dev/?id=thumb-cdn77.xvideos-cdn.com/200ab3d9-eb2b-47cf-8f1f-6a1252fe1312/0/xv_27_t.jpg,Nikmati momen terbaik dengan koleksi video trending kami.,hloiflf03bc,H8TFB3
hxg5pz-versi-lengkap-https-bit-ly-2nzfcdb-ccilik12d5,[HXG5PZ] versi lengkap https://bit.ly/2nZfcDB,https://cdn.adidssd7.workers.dev/?id=thumb-cdn77.xvideos-cdn.com/21ab8308-118d-4888-813d-982136def52b/0/xv_17_t.jpg,Temukan berbagai kategori menarik dalam video pilihan kami.,ccilik12d5,HXG5PZ
d8tjrs-bercinta-menggairahkan-di-kantor-bersama-yu-shinohara-himbaok3225,[D8TJRS] Bercinta menggairahkan di kantor bersama Yu Shinohara,https://cdn.adidssd7.workers.dev/?id=thumb-cdn77.xvideos-cdn.com/21f20441-5bf0-4971-a4f8-fd44a4530e18/0/xv_6_t.jpg,Kami menyajikan konten paling populer yang wajib Anda tonton hari ini.,himbaok3225,D8TJRS
a26ltr-brunette-berdada-besar-dan-bersih-dirusak-dengan-hot-rod-iiohlhv5235,[A26LTR] Brunette berdada besar dan bersih dirusak dengan hot rod,https://cdn.adidssd7.workers.dev/?id=thumb-cdn77.xvideos-cdn.com/2271f36f-4bca-4f16-9ab0-2a0736d3d19d/0/xv_8_t.jpg,Video yang sedang banyak dibicarakan oleh komunitas saat ini.,iiohlhv5235,A26LTR
x4rbvt-sayang-yang-membutuhkan-ingin-air-mani-di-atas-vagina-asianya-yang-berbulu-hteouvddba1,[X4RBVT] Sayang yang membutuhkan ingin air mani di atas vagina Asianya yang berbulu,https://cdn.adidssd7.workers.dev/?id=thumb-cdn77.xvideos-cdn.com/231ac4ac-77cd-4ecb-aea4-3e1ad5abccb5/0/xv_9_t.jpg,Tonton video berkualitas tinggi ini sekarang juga hanya di sini.,hteouvddba1,X4RBVT
5lpmgk-bab-teman-yukari-mikawa-uiuloum57b6,[5LPMGK] Bab Teman-Yukari Mikawa,https://cdn.adidssd7.workers.dev/?id=thumb-cdn77.xvideos-cdn.com/2331cc37-5626-435f-b964-50ab5095e1e3/0/xv_24_t.jpg,Video yang sedang banyak dibicarakan oleh komunitas saat ini.,uiuloum57b6,5LPMGK
y5s9pj-kuda-jantan-mini-ebony-kecil-membawa-bbc-khbieoh8168,[Y5S9PJ] Kuda jantan Mini Ebony kecil Membawa BBC,https://cdn.adidssd7.workers.dev/?id=thumb-cdn77.xvideos-cdn.com/2342d84d-a2e1-447d-865d-3c72ca145af3/0/xv_12_t.jpg,Video pilihan kualitas terbaik yang kami kurasi khusus untuk pengalaman menonton Anda.,khbieoh8168,Y5S9PJ
zxjtng-ayam-hitam-ukuran-super-membuat-natasha-nice-mengerang-ibvteakcd9e,[ZXJTNG] Ayam hitam ukuran super membuat Natasha Nice mengerang,https://cdn.adidssd7.workers.dev/?id=thumb-cdn77.xvideos-cdn.com/240943e6-b426-450c-8e6c-dfe0a1802e53/0/xv_12_t.jpg,Tonton video berkualitas tinggi ini sekarang juga hanya di sini.,ibvteakcd9e,ZXJTNG
47qazr-misaki-asuka-jepang-mendapat-kacau-tanpa-sensor-kpuvicbfc3c,[47QAZR] Misaki Asuka Jepang mendapat kacau tanpa sensor,https://cdn.adidssd7.workers.dev/?id=thumb-cdn77.xvideos-cdn.com/25346d82-96b7-476a-99e2-40b0e41130c0/0/xv_27_t.jpg,Video yang sedang banyak dibicarakan oleh komunitas saat ini.,kpuvicbfc3c,47QAZR
38se6x-sayang-asia-jelek-dengan-payudara-kecilnya-bercinta-payudara-hooeclv2464,[38SE6X] Sayang Asia jelek dengan payudara kecilnya bercinta payudara,https://cdn.adidssd7.workers.dev/?id=thumb-cdn77.xvideos-cdn.com/2600f8d2-9564-4394-83ec-ca142a4643dc/0/xv_9_t.jpg,Temukan berbagai kategori menarik dalam video pilihan kami.,hooeclv2464,38SE6X
ehp5lm-her-big-ass-wet-pussy-and-juicy-boobs-made-him-cum-hpldoeu2098,[EHP5LM] Her big ass wet pussy and juicy boobs made him cum,https://cdn.adidssd7.workers.dev/?id=thumb-cdn77.xvideos-cdn.com/280bb904-188d-4c2e-b144-6cd58c2b3a66/0/xv_3_t.jpg,Kami menyajikan konten paling populer yang wajib Anda tonton hari ini.,hpldoeu2098,EHP5LM
7fxlhs-kurus-warin-umino-pukulan-dan-keparat-dalam-mode-serius-hooehpmc5e0,[7FXLHS] Kurus Warin Umino pukulan dan keparat dalam mode serius,https://cdn.adidssd7.workers.dev/?id=thumb-cdn77.xvideos-cdn.com/280f3e5c-46bb-426e-acdc-9b1c369fdeb8/0/xv_22_t.jpg,Jangan lewatkan video menarik yang kami perbarui setiap harinya.,hooehpmc5e0,7FXLHS
x328dv-nao-dan-pacarnya-berbagi-pria-terangsang-dan-penisnya-yang-kaku-bergiliran-menghisap-h-uoleoidf12,[X328DV] Nao dan pacarnya berbagi pria terangsang dan penisnya yang kaku bergiliran menghisap h,https://cdn.adidssd7.workers.dev/?id=thumb-cdn77.xvideos-cdn.com/283da200-f0b8-49d2-9ee2-ec55ae06104c/0/xv_25_t.jpg,Temukan koleksi video eksklusif terbaru hanya untuk Anda hari ini.,uoleoidf12,X328DV
dv6qkf-petualangan-seks-grup-jepang-gila-reina-hashimoto-dengan-banyak-pria-opuoovc34fc,[DV6QKF] Petualangan Seks Grup Jepang Gila Reina Hashimoto dengan Banyak Pria!,https://cdn.adidssd7.workers.dev/?id=thumb-cdn77.xvideos-cdn.com/28d0c9f1-1294-46c4-8f01-d965b3cf8e23/4/xv_15_t.jpg,Nikmati momen terbaik dengan koleksi video trending kami.,opuoovc34fc,DV6QKF
9jzvtd-yumi-kazama-her-20th-anniversary-a-4-fuck-av-kompilasi-edisi-reguler---disensor---adegan-4-ihvttiv32e5,[9JZVTD] Yumi Kazama Her 20th Anniversary A 4 Fuck AV Kompilasi Edisi Reguler - disensor - adegan 4,https://cdn.adidssd7.workers.dev/?id=thumb-cdn77.xvideos-cdn.com/2a43499c-db5e-4086-8331-4ad666bbe96e/0/xv_3_t.jpg,Video pilihan kualitas terbaik yang kami kurasi khusus untuk pengalaman menonton Anda.,ihvttiv32e5,9JZVTD
4jc62h-sialan-keras-untuk-koki-jepang-kurus-dengan-payudara-krim-hduudbd2f34,[4JC62H] Sialan keras untuk koki Jepang kurus dengan payudara krim,https://cdn.adidssd7.workers.dev/?id=thumb-cdn77.xvideos-cdn.com/2b5096a0-8d01-46a7-b98c-a4e1ebd005b8/0/xv_23_t.jpg,Nikmati momen terbaik dengan koleksi video trending kami.,hduudbd2f34,4JC62H
zsd4vq-megan-rain-yang-pingsan-dan-panas-di-dp-oleh-sugar-daddy-nya-dan-temannya-hlvdtkv9221,[ZSD4VQ] Megan Rain yang Pingsan dan Panas Di-DP Oleh Sugar Daddy-nya dan Temannya,https://cdn.adidssd7.workers.dev/?id=thumb-cdn77.xvideos-cdn.com/2bb07491-6f6c-49bd-aadf-7a7f840387a1/0/xv_26_t.jpg,Temukan berbagai kategori menarik dalam video pilihan kami.,hlvdtkv9221,ZSD4VQ
8hkcn9-pingsan-dua-remaja-berbagi-bbc-terbesar-di-dunia-haucolk9223,[8HKCN9] Pingsan Dua Remaja Berbagi BBC TERBESAR DI DUNIA,https://cdn.adidssd7.workers.dev/?id=thumb-cdn77.xvideos-cdn.com/2bf48962-f063-440e-9571-699d48196c0b/0/xv_11_t.jpg,Video pilihan kualitas terbaik yang kami kurasi khusus untuk pengalaman menonton Anda.,haucolk9223,8HKCN9
sp2qj8-asuka-diikat-dan-mainan-disetubuhi-oleh-anak-laki-laki-fptvlmf025,[SP2QJ8] Asuka diikat dan mainan disetubuhi oleh anak laki-laki,https://cdn.adidssd7.workers.dev/?id=thumb-cdn77.xvideos-cdn.com/2cb2ed7b-f3e7-42bb-bc75-d4958dcdafee/0/xv_10_t.jpg,Video pilihan kualitas terbaik yang kami kurasi khusus untuk pengalaman menonton Anda.,fptvlmf025,SP2QJ8
k3xywg-meledakkan-vaginanya-yang-basah-dan-dia-menikmati-setiap-pukulannya-hcaheph1826,[K3XYWG] Meledakkan vaginanya yang basah dan dia menikmati setiap pukulannya,https://cdn.adidssd7.workers.dev/?id=thumb-cdn77.xvideos-cdn.com/2ccc93a0-ec2f-4e24-b204-f36edbecda55/0/xv_15_t.jpg,Video pilihan kualitas terbaik yang kami kurasi khusus untuk pengalaman menonton Anda.,hcaheph1826,K3XYWG
65r9qw-tushy-anal-pertama-untuk-kakak-tiri-leah-gotti-hkpvlhvdced,[65R9QW] TUSHY Anal Pertama Untuk Kakak Tiri Leah Gotti,https://cdn.adidssd7.workers.dev/?id=thumb-cdn77.xvideos-cdn.com/2d563cf5-db03-4f60-b5cd-0054c31cca01/0/xv_5_t.jpg,Video yang sedang banyak dibicarakan oleh komunitas saat ini.,hkpvlhvdced,65R9QW
56lmjn-pelacur-jepang-mungil-mengambil-banyak-penis-gemuk-lblakbc7e3,[56LMJN] Pelacur Jepang mungil mengambil banyak penis gemuk,https://cdn.adidssd7.workers.dev/?id=thumb-cdn77.xvideos-cdn.com/2d65adcb-57a6-4aa9-84df-db275b8fbcd3/0/xv_30_t.jpg,Tonton video berkualitas tinggi ini sekarang juga hanya di sini.,lblakbc7e3,56LMJN
nr6lac-dua-pelacur-asia-berambut-coklat-mendapatkan-fucked-oleh-pria-ayam-besar-itubpkv744a,[NR6LAC] Dua pelacur Asia berambut coklat mendapatkan fucked oleh pria ayam besar,https://cdn.adidssd7.workers.dev/?id=thumb-cdn77.xvideos-cdn.com/2eb22311-2c62-4ea4-b64a-89daea82b1e7/0/xv_2_t.jpg,Koleksi lengkap video pilihan dengan durasi yang pas untuk Anda.,itubpkv744a,NR6LAC
9zyvf7-eva-lovia-pingsan-mengejar-hubungan-seks-hvkbdvf1166,[9ZYVF7] Eva Lovia Pingsan Mengejar Hubungan Seks,https://cdn.adidssd7.workers.dev/?id=thumb-cdn77.xvideos-cdn.com/2fd68f0c-dc27-43dc-8d78-c782a21354b3/0/xv_28_t.jpg,Jangan lewatkan video menarik yang kami perbarui setiap harinya.,hvkbdvf1166,9ZYVF7
4k6wxz-tushy-tak-puaskan-melanie-marie-membawa-ayam-monster-jauh-di-dalam-pantatnya-opikctp654b,[4K6WXZ] TUSHY Tak Puaskan Melanie Marie Membawa Ayam Monster Jauh Di Dalam Pantatnya,https://cdn.adidssd7.workers.dev/?id=thumb-cdn77.xvideos-cdn.com/30a025c2-b6f6-4760-b441-5e335bed7c21/4/xv_30_t.jpg,Nikmati momen terbaik dengan koleksi video trending kami.,opikctp654b,4K6WXZ
gnrqfu-gaya-doggy-sialan-kekasih-bbc-vagina-itu-itivuhd405c,[GNRQFU] gaya doggy sialan kekasih bbc vagina itu,https://cdn.adidssd7.workers.dev/?id=thumb-cdn77.xvideos-cdn.com/30ce0b75-d62c-4989-8e0a-7bce5ca1a4a3/0/xv_27_t.jpg,Nikmati momen terbaik dengan koleksi video trending kami.,itivuhd405c,GNRQFU
cyp6qf-gadis-jepang-yang-menarik-menyeruput-batang-daging-besar-yang-tebal-vpetke4d0d,[CYP6QF] Gadis Jepang yang menarik menyeruput batang daging besar yang tebal,https://cdn.adidssd7.workers.dev/?id=thumb-cdn77.xvideos-cdn.com/311f73b6-a5e6-41fb-a996-ca37e81dc40a/0/xv_4_t.jpg,Temukan berbagai kategori menarik dalam video pilihan kami.,vpetke4d0d,CYP6QF
fghkyv-wanita-cantik-miku-ohashi-menangani-ayam-dengan-sempurna---lebih-lanjut-di-javhd-net-iuukcbka291,[FGHKYV] Wanita cantik Miku Ohashi menangani ayam dengan sempurna - Lebih lanjut di javhd.net,https://cdn.adidssd7.workers.dev/?id=thumb-cdn77.xvideos-cdn.com/311ff1c1-274c-437e-9321-7a4f4e35c5af/0/xv_3_t.jpg,Video pilihan kualitas terbaik yang kami kurasi khusus untuk pengalaman menonton Anda.,iuukcbka291,FGHKYV
rcsulh-creampied-di-kedua-lubang-setelah-akari-asagiris-threesome-pmthuc973f,[RCSULH] Creampied Di Kedua Lubang Setelah Akari Asagiris Threesome,https://cdn.adidssd7.workers.dev/?id=thumb-cdn77.xvideos-cdn.com/32a60f72-cfe4-433b-b1fb-c96f70cc042e/0/xv_29_t.jpg,Video yang sedang banyak dibicarakan oleh komunitas saat ini.,pmthuc973f,RCSULH
73glnv-ibu-tiri-jepang-menggoda-pacar-putrinya-ilolkhm37fe,[73GLNV] ibu tiri jepang menggoda pacar putrinya,https://cdn.adidssd7.workers.dev/?id=thumb-cdn77.xvideos-cdn.com/3332ef25-5267-42ba-9f45-60467cf40a47/0/xv_2_t.jpg,Temukan berbagai kategori menarik dalam video pilihan kami.,ilolkhm37fe,73GLNV
d9zyl3-pria-yang-beruntung-merasakan-kesenangan-surgawi-dengan-tiga-bidadari-jepang-yang-cantik-hdbvptb6328,[D9ZYL3] Pria yang beruntung merasakan kesenangan surgawi dengan tiga bidadari Jepang yang cantik,https://cdn.adidssd7.workers.dev/?id=thumb-cdn77.xvideos-cdn.com/33973506-86e5-48bc-833b-8ac44f27746a/0/xv_3_t.jpg,Temukan berbagai kategori menarik dalam video pilihan kami.,hdbvptb6328,D9ZYL3
srb2cz-menyebarkan-vaginanya-dan-para-pria-menjadi-gila-pada-vaginanya-hcvuuakc730,[SRB2CZ] Menyebarkan vaginanya dan para pria menjadi gila pada vaginanya,https://cdn.adidssd7.workers.dev/?id=thumb-cdn77.xvideos-cdn.com/3418deb5-941d-415e-8117-82e46ffc169c/0/xv_14_t.jpg,Konten terbaru yang sedang viral dan banyak dicari saat ini.,hcvuuakc730,SRB2CZ
kbd9py-lesbian-asia-ikmiahf8300,[KBD9PY] Lesbian Asia,https://cdn.adidssd7.workers.dev/?id=thumb-cdn77.xvideos-cdn.com/343acb8c-867d-4f53-92be-2118b54b8836/0/xv_29_t.jpg,Video pilihan kualitas terbaik yang kami kurasi khusus untuk pengalaman menonton Anda.,ikmiahf8300,KBD9PY
y4vfml-milf-jepang-berdada-besar-menikmati-menaiki-ayam-keras-yang-besar-vvefcib8f0,[Y4VFML] MILF Jepang berdada besar menikmati menaiki ayam keras yang besar,https://cdn.adidssd7.workers.dev/?id=thumb-cdn77.xvideos-cdn.com/358c2643-7759-4a17-b728-68a7833e4590/0/xv_18_t.jpg,Kami menyajikan konten paling populer yang wajib Anda tonton hari ini.,vvefcib8f0,Y4VFML
zl2whv-bayi-lucu-dan-cantik-dengan-stoking-menggoda-lkppme4546,[ZL2WHV] Bayi lucu dan cantik dengan stoking menggoda,https://cdn.adidssd7.workers.dev/?id=thumb-cdn77.xvideos-cdn.com/35da7421-abe0-486c-accf-6c676d43056d/0/xv_20_t.jpg,Temukan koleksi video eksklusif terbaru hanya untuk Anda hari ini.,lkppme4546,ZL2WHV
zlsvu7-hampir-pingsan-di-atas-piston-hitam-1-iouakfl623b,[ZLSVU7] Hampir pingsan di atas piston hitam 1,https://cdn.adidssd7.workers.dev/?id=thumb-cdn77.xvideos-cdn.com/3725e284-f0e6-4df0-a20d-c662463acc77/0/xv_23_t.jpg,Koleksi lengkap video pilihan dengan durasi yang pas untuk Anda.,iouakfl623b,ZLSVU7
l5fzhn-anal-remaja-amatir-asia-kacau-oleh-turis-di-hotel-hetived190a,[L5FZHN] Anal remaja amatir Asia kacau oleh turis di hotel,https://cdn.adidssd7.workers.dev/?id=thumb-cdn77.xvideos-cdn.com/3743a082-b6f0-45d8-a55f-68b8c6b14fd0/0/xv_19_t.jpg,Temukan koleksi video eksklusif terbaru hanya untuk Anda hari ini.,hetived190a,L5FZHN
cs32xd-tiga-gadis-jahat-melepaskan-kemaluannya-dengan-luar-biasa-hvcvplhb4d8,[CS32XD] Tiga gadis jahat melepaskan kemaluannya dengan luar biasa,https://cdn.adidssd7.workers.dev/?id=thumb-cdn77.xvideos-cdn.com/38eaa850-b048-4c12-b328-319f9ec20a09/0/xv_2_t.jpg,Tonton video berkualitas tinggi ini sekarang juga hanya di sini.,hvcvplhb4d8,CS32XD
pdnxgq-krim-pria-hitam-di-vagina-basah-pelacur-asia-hbhlhmk1a9c,[PDNXGQ] Krim pria hitam di vagina basah pelacur Asia,https://cdn.adidssd7.workers.dev/?id=thumb-cdn77.xvideos-cdn.com/3ac95acd-ea40-4b71-a179-aa45663ae84f/0/xv_11_t.jpg,Video yang sedang banyak dibicarakan oleh komunitas saat ini.,hbhlhmk1a9c,PDNXGQ
k9wc57-blacked-pirang-mungil-dengan-bbc-terbesar-di-dunia-ubmtkfodb5d,[K9WC57] BLACKED Pirang mungil dengan bbc terbesar di dunia,https://cdn.adidssd7.workers.dev/?id=thumb-cdn77.xvideos-cdn.com/3b614040-5a48-48b5-876b-0f55a6a6a91f/0/xv_30_t.jpg,Kami menyajikan konten paling populer yang wajib Anda tonton hari ini.,ubmtkfodb5d,K9WC57
93eyfw-sekretaris-jepang-yui-watanabe-menjadi-kacau-tanpa-sensor-kvttcik8811,[93EYFW] Sekretaris Jepang Yui Watanabe menjadi kacau tanpa sensor,https://cdn.adidssd7.workers.dev/?id=thumb-cdn77.xvideos-cdn.com/3cc5f188-1012-40b8-9b4a-ad6618c14a96/0/xv_6_t.jpg,Temukan koleksi video eksklusif terbaru hanya untuk Anda hari ini.,kvttcik8811,93EYFW
ndhc3m-memusnahkan-koki-dan-pai-vaginanya-yang-basah-dan-lembut-hcaihpmb895,[NDHC3M] Memusnahkan koki dan pai vaginanya yang basah dan lembut,https://cdn.adidssd7.workers.dev/?id=thumb-cdn77.xvideos-cdn.com/3d158001-4005-43f5-932f-acb8f38d271b/0/xv_30_t.jpg,Koleksi lengkap video pilihan dengan durasi yang pas untuk Anda.,hcaihpmb895,NDHC3M
r9lnkq-pelacur-asia-dengan-pantat-tebal-sedang-bertiga-hladcbmdfdd,[R9LNKQ] Pelacur Asia dengan pantat tebal sedang bertiga,https://cdn.adidssd7.workers.dev/?id=thumb-cdn77.xvideos-cdn.com/3d4cb482-d6d3-4cf3-9842-ec8325c8f04e/0/xv_21_t.jpg,Tonton video berkualitas tinggi ini sekarang juga hanya di sini.,hladcbmdfdd,R9LNKQ
gqp6jm-wow-wawancara-itu-ke-kiri-uvtholbb10f,[GQP6JM] WOW WAWANCARA ITU KE KIRI,https://cdn.adidssd7.workers.dev/?id=thumb-cdn77.xvideos-cdn.com/3d7d0890-efb3-481a-834d-663774f18c05/0/xv_7_t.jpg,Jangan lewatkan video menarik yang kami perbarui setiap harinya.,uvtholbb10f,GQP6JM
qsjcmy-blackedraw---julio-raw---kompilasi-julio-gomez-uiofduhcc25,[QSJCMY] BLACKEDRAW - JULIO RAW - Kompilasi Julio Gomez,https://cdn.adidssd7.workers.dev/?id=thumb-cdn77.xvideos-cdn.com/3d8a984e-eb64-4859-a31d-679388dcde8c/0/xv_20_t.jpg,Kami menyajikan konten paling populer yang wajib Anda tonton hari ini.,uiofduhcc25,QSJCMY
dz2mv4-pertunjukan-seks-amatir-asia-beruap-yui-hatano-yang-nakal-dengan-godaan-bondage-dan-akhir-creampie-oucfdoab170,[DZ2MV4] Pertunjukan Seks Amatir Asia Beruap Yui Hatano yang Nakal dengan Godaan Bondage dan Akhir Creampie,https://cdn.adidssd7.workers.dev/?id=thumb-cdn77.xvideos-cdn.com/3d96480a-a1db-4bad-b83a-3955b44f951a/3/xv_22_t.jpg,Video pilihan kualitas terbaik yang kami kurasi khusus untuk pengalaman menonton Anda.,oucfdoab170,DZ2MV4
mb84q6-tua-meniduri-pantat-remaja-asia-mocllk83b3,[MB84Q6] Tua meniduri pantat remaja Asia,https://cdn.adidssd7.workers.dev/?id=thumb-cdn77.xvideos-cdn.com/3e203661-06af-4379-8e9b-dfec4fc05f30/0/xv_10_t.jpg,Video yang sedang banyak dibicarakan oleh komunitas saat ini.,mocllk83b3,MB84Q6
vue7fg-pelacur-asia-membuat-semaknya-diisi-dengan-yang-besar-hptfppv9639,[VUE7FG] Pelacur Asia membuat semaknya diisi dengan yang besar,https://cdn.adidssd7.workers.dev/?id=thumb-cdn77.xvideos-cdn.com/3f2583f7-3b79-43d2-b13e-f971016c3dc6/0/xv_16_t.jpg,Video yang sedang banyak dibicarakan oleh komunitas saat ini.,hptfppv9639,VUE7FG
u78xge-wajah-remaja-air-mani-meledak-hhvaikm074d,[U78XGE] Wajah remaja air mani meledak,https://cdn.adidssd7.workers.dev/?id=thumb-cdn77.xvideos-cdn.com/3faf6551-65bf-4396-b6ca-8d4a4a863892/0/xv_8_t.jpg,Temukan koleksi video eksklusif terbaru hanya untuk Anda hari ini.,hhvaikm074d,U78XGE
8zekpg-remaja-yang-halus-membuat-vaginanya-kacau-dengan-cara-yang-mentah-hailddk1cc8,[8ZEKPG] Remaja yang halus membuat vaginanya kacau dengan cara yang mentah,https://cdn.adidssd7.workers.dev/?id=thumb-cdn77.xvideos-cdn.com/406efa0c-8a2f-4b13-a6b8-43993a487ed7/0/xv_23_t.jpg,Konten terbaru yang sedang viral dan banyak dicari saat ini.,hailddk1cc8,8ZEKPG
5fy8et-gadis-sekolah-jepang-yang-nakal-chihiro-nishikawa-bj-di-kelas-ufuefdf5dc7,[5FY8ET] Gadis sekolah Jepang yang nakal Chihiro Nishikawa BJ di kelas. ,https://cdn.adidssd7.workers.dev/?id=thumb-cdn77.xvideos-cdn.com/4095ee2f-2ef0-49fb-9a93-345152e44e08/0/xv_15_t.jpg,Konten terbaru yang sedang viral dan banyak dicari saat ini.,ufuefdf5dc7,5FY8ET
562pwr-ibu-rumah-tangga-jepang-emiko-koike-selingkuh-tanpa-sensor-uuvvmouf968,[562PWR] Ibu rumah tangga Jepang Emiko Koike selingkuh tanpa sensor,https://cdn.adidssd7.workers.dev/?id=thumb-cdn77.xvideos-cdn.com/40d11f33-c24f-4088-ad34-0a7741de4fc2/0/xv_29_t.jpg,Nikmati momen terbaik dengan koleksi video trending kami.,uuvvmouf968,562PWR
p9ar4l-ibu-rumah-tangga-jepang-sumire-puas-tanpa-sensor-kmaeuco06b6,[P9AR4L] Ibu rumah tangga Jepang Sumire puas tanpa sensor,https://cdn.adidssd7.workers.dev/?id=thumb-cdn77.xvideos-cdn.com/40e64065-2e04-454b-b14b-ffab6c18b2f8/0/xv_17_t.jpg,Video pilihan kualitas terbaik yang kami kurasi khusus untuk pengalaman menonton Anda.,kmaeuco06b6,P9AR4L
kn7um3-ai-wakana-mendapat-fucked-oleh-guru-di-hardcore-abobcv65eb,[KN7UM3] Ai Wakana mendapat fucked oleh guru di hardcore,https://cdn.adidssd7.workers.dev/?id=thumb-cdn77.xvideos-cdn.com/420903cf-ef19-46e4-9f95-1493bf8ef46c/0/xv_2_t.jpg,Jangan lewatkan video menarik yang kami perbarui setiap harinya.,abobcv65eb,KN7UM3
93czh2-emma-berusia-18-tahun-yang-ceria-bergabung-dengan-bus-bang-opmbptl6f37,[93CZH2] Emma Berusia 18 Tahun yang Ceria Bergabung dengan Bus Bang,https://cdn.adidssd7.workers.dev/?id=thumb-cdn77.xvideos-cdn.com/42fdc70f-3ce2-46e4-8713-611ac6eedffb/5/xv_30_t.jpg,Koleksi lengkap video pilihan dengan durasi yang pas untuk Anda.,opmbptl6f37,93CZH2
w3mdbx-remaja-asia-yang-menggemaskan-bercinta-di-vaginanya-yang-berbulu-hpvfkei8078,[W3MDBX] Remaja Asia yang menggemaskan bercinta di vaginanya yang berbulu,https://cdn.adidssd7.workers.dev/?id=thumb-cdn77.xvideos-cdn.com/4402dcbd-1c20-4282-991e-dc13905d035e/0/xv_24_t.jpg,Temukan berbagai kategori menarik dalam video pilihan kami.,hpvfkei8078,W3MDBX
53v4al-pelacur-asia-yang-lucu-membuat-jari-vaginanya-kacau-hmviipb4ff8,[53V4AL] Pelacur Asia yang lucu membuat jari vaginanya kacau,https://cdn.adidssd7.workers.dev/?id=thumb-cdn77.xvideos-cdn.com/440daea3-a661-41f5-9a9f-d7549c6d871b/0/xv_13_t.jpg,Video yang sedang banyak dibicarakan oleh komunitas saat ini.,hmviipb4ff8,53V4AL
6ndgwq-gadis-jepang-dengan-pria-jap-dan-pria-kulit-hitam-jjj-31-06-oufcic01e2,[6NDGWQ] Gadis Jepang dengan pria jap dan pria kulit hitam JJJ-31 06,https://cdn.adidssd7.workers.dev/?id=thumb-cdn77.xvideos-cdn.com/46edba3d-edd7-4d3c-938a-37d97fd5d62d/0/xv_15_t.jpg,Video pilihan kualitas terbaik yang kami kurasi khusus untuk pengalaman menonton Anda.,oufcic01e2,6NDGWQ
g5wbe3-keterampilan-blow-job-amatir-yui-hatano-yang-menakjubkan-memikat-penggemar-online-oplapvo5b1b,[G5WBE3] Keterampilan Blow Job Amatir Yui Hatano yang Menakjubkan Memikat Penggemar Online,https://cdn.adidssd7.workers.dev/?id=thumb-cdn77.xvideos-cdn.com/47d7b0e8-e32a-46e2-a7f7-50a0b0231c74/5/xv_21_t.jpg,Temukan koleksi video eksklusif terbaru hanya untuk Anda hari ini.,oplapvo5b1b,G5WBE3
xgb7m9-sayang-asia-randy-membuat-vaginanya-dijilat-dengan-baik-akpfilaef9,[XGB7M9] Sayang Asia Randy membuat vaginanya dijilat dengan baik,https://cdn.adidssd7.workers.dev/?id=thumb-cdn77.xvideos-cdn.com/48b3b909-4193-4df6-80d1-f887ec4c45fb/0/xv_8_t.jpg,Tonton video berkualitas tinggi ini sekarang juga hanya di sini.,akpfilaef9,XGB7M9
3wa84y-nozomi-hazuki-kacau-sampai-kelelahan-di-hardcore-dfhlvhaefa,[3WA84Y] Nozomi Hazuki kacau sampai kelelahan di hardcore,https://cdn.adidssd7.workers.dev/?id=thumb-cdn77.xvideos-cdn.com/499f1cc7-d59b-4dbc-85da-9a8efc25ad7e/0/xv_8_t.jpg,Koleksi lengkap video pilihan dengan durasi yang pas untuk Anda.,dfhlvhaefa,3WA84Y
4t7v6w-tiga-cewek-terangsang-memberikan-pekerjaan-pukulan-pov-asia-lmkdtf6d71,[4T7V6W] Tiga cewek terangsang memberikan pekerjaan pukulan pov Asia,https://cdn.adidssd7.workers.dev/?id=thumb-cdn77.xvideos-cdn.com/4a7db7c5-c155-4a46-945d-4675e3f2ba75/0/xv_27_t.jpg,Video pilihan kualitas terbaik yang kami kurasi khusus untuk pengalaman menonton Anda.,lmkdtf6d71,4T7V6W
a7b9wq-aika-cewek-terangsang-pekerjaan-pukulan-ganda-dan-seks-panas-mddteucb20,[A7B9WQ] Aika cewek terangsang pekerjaan pukulan ganda dan seks panas,https://cdn.adidssd7.workers.dev/?id=thumb-cdn77.xvideos-cdn.com/4b512929-2c04-49a5-8642-887ddcc8b40e/0/xv_30_t.jpg,Temukan berbagai kategori menarik dalam video pilihan kami.,mddteucb20,A7B9WQ
b29nkt-amatir-miki-uemura-berperan-jahat-dalam-pornografi-asia-murni-elftkf385b,[B29NKT] Amatir Miki Uemura berperan jahat dalam pornografi Asia murni,https://cdn.adidssd7.workers.dev/?id=thumb-cdn77.xvideos-cdn.com/4b93bc01-a582-4ae1-9d35-5c13cdf2809e/0/xv_2_t.jpg,Temukan koleksi video eksklusif terbaru hanya untuk Anda hari ini.,elftkf385b,B29NKT
dr83bv-ibu-dewasa-berambut-coklat-mendapat-krim-pifmel4e22,[DR83BV] IBU Dewasa berambut coklat mendapat krim,https://cdn.adidssd7.workers.dev/?id=thumb-cdn77.xvideos-cdn.com/4dea2754-e132-4155-a30e-5dc000a34395/0/xv_2_t.jpg,Kami menyajikan konten paling populer yang wajib Anda tonton hari ini.,pifmel4e22,DR83BV
8r7yql-anno-kiriya-bermain-vagina-yang-luar-biasa-dalam-mode-kasar-hoabeoo9c3e,[8R7YQL] Anno Kiriya bermain vagina yang luar biasa dalam mode kasar,https://cdn.adidssd7.workers.dev/?id=thumb-cdn77.xvideos-cdn.com/4e825803-221a-42ca-9dad-a1e42cd29f27/0/xv_26_t.jpg,Temukan koleksi video eksklusif terbaru hanya untuk Anda hari ini.,hoabeoo9c3e,8R7YQL
5rayuq-seks-fantasi-dengan-dokter-untuk-sara-yurikawa---selengkapnya-di-japanesemamas-com-ktduutkb3c5,[5RAYUQ] Seks fantasi dengan dokter untuk Sara Yurikawa - Selengkapnya di Japanesemamas com,https://cdn.adidssd7.workers.dev/?id=thumb-cdn77.xvideos-cdn.com/4ef66550-ad29-4d84-b294-ebe0c9b7723f/0/xv_27_t.jpg,Kami menyajikan konten paling populer yang wajib Anda tonton hari ini.,ktduutkb3c5,5RAYUQ
5ra4qm-antar-ras-pertama-pingsan-untuk-remaja-mungil-kristen-scott-holmhckc0b4,[5RA4QM] Antar Ras Pertama Pingsan Untuk Remaja Mungil Kristen Scott,https://cdn.adidssd7.workers.dev/?id=thumb-cdn77.xvideos-cdn.com/4ef86f1c-e2d7-451d-8f21-152a5e8ce2b1/0/xv_29_t.jpg,Konten terbaru yang sedang viral dan banyak dicari saat ini.,holmhckc0b4,5RA4QM
jpahwr-gilf-mendapat-fucked-oleh-roma-mayor-dan-pipa-hitam-hfkmpoob1d0,[JPAHWR] gilf mendapat fucked oleh roma mayor dan pipa hitam,https://cdn.adidssd7.workers.dev/?id=thumb-cdn77.xvideos-cdn.com/4fe84328-7dc1-4947-996e-dc050aca970b/0/xv_1_t.jpg,Nikmati momen terbaik dengan koleksi video trending kami.,hfkmpoob1d0,JPAHWR
lb5kup-bintang-jav-rie-tachikawa-yang-melengkung-memberikan-pengalaman-pekerjaan-pukulan-asia-yang-intens-oicpvdo2733,[LB5KUP] Bintang JAV Rie Tachikawa yang melengkung memberikan pengalaman pekerjaan pukulan Asia yang intens,https://cdn.adidssd7.workers.dev/?id=thumb-cdn77.xvideos-cdn.com/509159f3-05fb-421e-a3f8-bf19d30f0ee9/0/xv_7_t.jpg,Kami menyajikan konten paling populer yang wajib Anda tonton hari ini.,oicpvdo2733,LB5KUP
zu6h8x-istri-jepang-akari-asayiri-menyebalkan-penis-tanpa-sensor-koollho3461,[ZU6H8X] Istri Jepang Akari Asayiri menyebalkan penis tanpa sensor,https://cdn.adidssd7.workers.dev/?id=thumb-cdn77.xvideos-cdn.com/50bcf7dc-3c83-4839-ac1b-46b6159488bc/0/xv_26_t.jpg,Video pilihan kualitas terbaik yang kami kurasi khusus untuk pengalaman menonton Anda.,koollho3461,ZU6H8X
ufczt2-remaja-asia-menyukai-kesalahan-saudara-tirinya-di-dalam-vaginanya-yang-berbulu-hdluvhk5d97,[UFCZT2] Remaja Asia menyukai kesalahan saudara tirinya di dalam vaginanya yang berbulu,https://cdn.adidssd7.workers.dev/?id=thumb-cdn77.xvideos-cdn.com/52b1a484-818c-4b16-936a-6ec5c7bd3249/0/xv_18_t.jpg,Kami menyajikan konten paling populer yang wajib Anda tonton hari ini.,hdluvhk5d97,UFCZT2
e6n2mc-3-dewi-berdada-berbagi-ayam-tebal-hupakmm2daa,[E6N2MC] 3 dewi berdada berbagi ayam tebal,https://cdn.adidssd7.workers.dev/?id=thumb-cdn77.xvideos-cdn.com/52c7b1bc-3c70-48b0-a8fd-1ca8402ad3ec/0/xv_23_t.jpg,Koleksi lengkap video pilihan dengan durasi yang pas untuk Anda.,hupakmm2daa,E6N2MC
835aj9-brunette-jepang-sakura-kiryu-mengisap-dan-menjilati-ayam-tangguh-tanpa-sensor-uoumotkdf1a,[835AJ9] Brunette Jepang Sakura Kiryu mengisap dan menjilati ayam tangguh tanpa sensor,https://cdn.adidssd7.workers.dev/?id=thumb-cdn77.xvideos-cdn.com/53af4426-6993-49dd-abfe-a7738219091a/0/xv_27_t.jpg,Nikmati momen terbaik dengan koleksi video trending kami.,uoumotkdf1a,835AJ9
84qy5b-asian-milf-ryo-akanishi-memberikan-aksi-seks-blowjob-dan-memek-yang-intens-opklkkpe42e,[84QY5B] Asian MILF Ryo Akanishi Memberikan Aksi Seks Blowjob dan Memek yang Intens,https://cdn.adidssd7.workers.dev/?id=thumb-cdn77.xvideos-cdn.com/5417af69-1177-40a2-847a-7adf91d24f0d/4/xv_22_t.jpg,Video pilihan kualitas terbaik yang kami kurasi khusus untuk pengalaman menonton Anda.,opklkkpe42e,84QY5B
9rbc3t-gadis-jepang-vs-pria-kulit-hitam-kthac4682,[9RBC3T] Gadis Jepang vs Pria Kulit Hitam,https://cdn.adidssd7.workers.dev/?id=thumb-cdn77.xvideos-cdn.com/544d6984-81f5-40ba-abe6-5f3a09f77f35/0/xv_5_t.jpg,Video yang sedang banyak dibicarakan oleh komunitas saat ini.,kthac4682,9RBC3T
3mydsz-mizuki-hana-berbaju-merah-memiliki-vagina-yang-keras-dan-kacau-hvofvhfc25f,[3MYDSZ] Mizuki Hana berbaju merah memiliki vagina yang keras dan kacau,https://cdn.adidssd7.workers.dev/?id=thumb-cdn77.xvideos-cdn.com/54567e86-a82c-423f-99c7-09df7d569e44/0/xv_26_t.jpg,Nikmati momen terbaik dengan koleksi video trending kami.,hvofvhfc25f,3MYDSZ
u25xbl-pemain-sematan-flyflv-hmtfefhcf4a,[U25XBL] Pemain Sematan FLYFLV. ,https://cdn.adidssd7.workers.dev/?id=thumb-cdn77.xvideos-cdn.com/54945e08-2212-4588-885f-50361d4b8ad3/0/xv_13_t.jpg,Video pilihan kualitas terbaik yang kami kurasi khusus untuk pengalaman menonton Anda.,hmtfefhcf4a,U25XBL
xavuwf-trio-kasar-dengan-dua-laki-laki-kulit-hitam-untuk-kyoko-nakajima-hhfievob94c,[XAVUWF] Trio kasar dengan dua laki-laki kulit hitam untuk Kyoko Nakajima,https://cdn.adidssd7.workers.dev/?id=thumb-cdn77.xvideos-cdn.com/54b4da0f-1b2f-4148-b099-a857df6aeafd/0/xv_22_t.jpg,Kami menyajikan konten paling populer yang wajib Anda tonton hari ini.,hhfievob94c,XAVUWF
dyankr-sesi-porno-publik-bersama-pantat-panas-ran-minami-htmddtv172c,[DYANKR] Sesi porno publik bersama pantat panas Ran Minami,https://cdn.adidssd7.workers.dev/?id=thumb-cdn77.xvideos-cdn.com/54be78de-57aa-4505-9a0a-83638eb27e9f/0/xv_3_t.jpg,Video pilihan kualitas terbaik yang kami kurasi khusus untuk pengalaman menonton Anda.,htmddtv172c,DYANKR
dltv32-araki-hitomi-busty-milf-bersiap-siap-untuk-seks-hardcore-hibuttmaf42,[DLTV32] Araki Hitomi busty milf bersiap-siap untuk seks hardcore,https://cdn.adidssd7.workers.dev/?id=thumb-cdn77.xvideos-cdn.com/54eb7493-bed3-4d57-ab4b-12f12d7005d3/0/xv_9_t.jpg,Nikmati momen terbaik dengan koleksi video trending kami.,hibuttmaf42,DLTV32
brjefa-lesbian-pantat-seksi-bercinta-bersama-haeutvmf4bd,[BRJEFA] Lesbian pantat seksi bercinta bersama,https://cdn.adidssd7.workers.dev/?id=thumb-cdn77.xvideos-cdn.com/5753eec3-c42f-4c48-bb27-e77ca7e23e63/0/xv_21_t.jpg,Video pilihan kualitas terbaik yang kami kurasi khusus untuk pengalaman menonton Anda.,haeutvmf4bd,BRJEFA
4z3vcm-gadis-asia-dengan-payudara-gagah-mengendarai-vaginanya-dengan-cotok-itvkoib2794,[4Z3VCM] Gadis Asia dengan payudara gagah mengendarai vaginanya dengan cotok,https://cdn.adidssd7.workers.dev/?id=thumb-cdn77.xvideos-cdn.com/57b6d205-0573-4e35-bc96-2a8261dfde1e/0/xv_1_t.jpg,Kami menyajikan konten paling populer yang wajib Anda tonton hari ini.,itvkoib2794,4Z3VCM
ybcgpl-baik-hati-jepang-milf-sara-saijo-menikmati-di-luar-seks-dengan-banyak-pria-kesenangan-oofovil3028,[YBCGPL] baik hati jepang milf sara saijo menikmati di luar seks dengan banyak pria kesenangan,https://cdn.adidssd7.workers.dev/?id=thumb-cdn77.xvideos-cdn.com/5a9d8c39-feec-4cdc-be3f-fd0275fbad8d/4/xv_4_t.jpg,Video yang sedang banyak dibicarakan oleh komunitas saat ini.,oofovil3028,YBCGPL
ny2v6k-hampir-pingsan-di-atas-piston-hitam-2-iouautp55c4,[NY2V6K] Hampir pingsan di atas piston hitam 2,https://cdn.adidssd7.workers.dev/?id=thumb-cdn77.xvideos-cdn.com/5ad9db8b-33a7-4f93-8a3d-a60b36ba28e7/0/xv_11_t.jpg,Temukan berbagai kategori menarik dalam video pilihan kami.,iouautp55c4,NY2V6K
uxlve3-2856866-vbofkf8eb9,[UXLVE3] 2856866,https://cdn.adidssd7.workers.dev/?id=thumb-cdn77.xvideos-cdn.com/5ba714b5-251e-477e-bb42-26330a455bb9/0/xv_27_t.jpg,Temukan berbagai kategori menarik dalam video pilihan kami.,vbofkf8eb9,UXLVE3
qkpyr8-brunette-jepang-mayuka-momota-mendapat-kacau-tanpa-sensor-kocddmo26f4,[QKPYR8] Brunette Jepang Mayuka Momota mendapat kacau tanpa sensor,https://cdn.adidssd7.workers.dev/?id=thumb-cdn77.xvideos-cdn.com/5d73562e-6be3-4573-b78c-dcc1cce7d187/0/xv_12_t.jpg,Video pilihan kualitas terbaik yang kami kurasi khusus untuk pengalaman menonton Anda.,kocddmo26f4,QKPYR8
2pa3r6-veronica-cina-koneksi-menggedor-gaya-bruce-lee-oleh-bbc-hmviamf1449,[2PA3R6] veronica cina koneksi menggedor gaya bruce lee oleh bbc,https://cdn.adidssd7.workers.dev/?id=thumb-cdn77.xvideos-cdn.com/5dba146a-5c83-40d1-ae25-a1ccbf08a7c7/0/xv_3_t.jpg,Video yang sedang banyak dibicarakan oleh komunitas saat ini.,hmviamf1449,2PA3R6
z9mhyw-pembantu-jepang-rei-kitajima-sedang-meniduri-klien-terangsang-tanpa-sensor-icopohd9a5e,[Z9MHYW] Pembantu Jepang Rei Kitajima sedang meniduri klien terangsang tanpa sensor,https://cdn.adidssd7.workers.dev/?id=thumb-cdn77.xvideos-cdn.com/5dcd16b8-7a7a-48eb-8da1-2d33f42ec4ee/0/xv_20_t.jpg,Konten terbaru yang sedang viral dan banyak dicari saat ini.,icopohd9a5e,Z9MHYW
6yqjb2-pekerjaan-oral-remaja-amatir-mengarah-ke-creampie-uddmfid56b5,[6YQJB2] Pekerjaan oral remaja amatir mengarah ke creampie. ,https://cdn.adidssd7.workers.dev/?id=thumb-cdn77.xvideos-cdn.com/5e6f063c-eb65-46e5-ba3c-c72dcce20b1a/0/xv_12_t.jpg,Video yang sedang banyak dibicarakan oleh komunitas saat ini.,uddmfid56b5,6YQJB2
2bnptc-brunette-jepang-dengan-payudara-besar-reiko-kobayakawa-menjadi-kacau-tanpa-sensor-iffoktb3589,[2BNPTC] Brunette Jepang dengan payudara besar Reiko Kobayakawa menjadi kacau tanpa sensor,https://cdn.adidssd7.workers.dev/?id=thumb-cdn77.xvideos-cdn.com/5fefe5bf-c238-4d0a-af4b-50a9557a2de0/0/xv_20_t.jpg,Koleksi lengkap video pilihan dengan durasi yang pas untuk Anda.,iffoktb3589,2BNPTC
gl38tu-aksi-kelas-jepang-beruap-dengan-gadis-asia-blowjob-oleh-chihiro-nishikawa-okkidmh5ec0,[GL38TU] Aksi Kelas Jepang Beruap Dengan Gadis Asia Blowjob Oleh Chihiro Nishikawa,https://cdn.adidssd7.workers.dev/?id=thumb-cdn77.xvideos-cdn.com/605864b4-e0c5-4ade-a4f8-65505252a2ac/0/xv_28_t.jpg,Temukan berbagai kategori menarik dalam video pilihan kami.,okkidmh5ec0,GL38TU
kej8mn-sara-seori-membuat-keajaiban-dengan-bibir-dan-lubangnya-yang-rapat-bafiabc711,[KEJ8MN] Sara Seori membuat keajaiban dengan bibir dan lubangnya yang rapat,https://cdn.adidssd7.workers.dev/?id=thumb-cdn77.xvideos-cdn.com/6089072f-4596-44b4-ab8d-1111959cf663/0/xv_20_t.jpg,Temukan koleksi video eksklusif terbaru hanya untuk Anda hari ini.,bafiabc711,KEJ8MN
exm9qd-riley-reid-muda-dibajak-dengan-kasar-oleh-bbc-peepipe0a0,[EXM9QD] Riley Reid muda dibajak dengan kasar oleh BBC,https://cdn.adidssd7.workers.dev/?id=thumb-cdn77.xvideos-cdn.com/60a46d8e-532f-414c-a84a-47c7470f67ff/0/xv_3_t.jpg,Nikmati momen terbaik dengan koleksi video trending kami.,peepipe0a0,EXM9QD
wc2d8v-dia-bisa-berhubungan-seks-dengan-segala-kesenangan-hbtuhih51cb,[WC2D8V] Dia bisa berhubungan seks dengan segala kesenangan,https://cdn.adidssd7.workers.dev/?id=thumb-cdn77.xvideos-cdn.com/61193455-2be6-4847-a44e-0b4eef1239ff/0/xv_20_t.jpg,Temukan koleksi video eksklusif terbaru hanya untuk Anda hari ini.,hbtuhih51cb,WC2D8V
tusv8j-dewasa-kacau-anal-uidpvvb1e83,[TUSV8J] Dewasa Kacau Anal,https://cdn.adidssd7.workers.dev/?id=thumb-cdn77.xvideos-cdn.com/61d6ac61-8925-480a-8d9a-818689fdc6d6/0/xv_1_t.jpg,Temukan koleksi video eksklusif terbaru hanya untuk Anda hari ini.,uidpvvb1e83,TUSV8J
j8cfxy-sayang-jepang-shizuku-iori-menyukainya-tanpa-sensor-khveveka1f4,[J8CFXY] Sayang Jepang Shizuku Iori menyukainya tanpa sensor,https://cdn.adidssd7.workers.dev/?id=thumb-cdn77.xvideos-cdn.com/6211ea4b-c6c7-41f5-a9dd-06f16c080712/0/xv_23_t.jpg,Kami menyajikan konten paling populer yang wajib Anda tonton hari ini.,khveveka1f4,J8CFXY
pcwj6a-remaja-pingsan-leah-gotti-mencintai-ayam-hitam-besar-huphucv1a9d,[PCWJ6A] Remaja Pingsan Leah Gotti Mencintai Ayam Hitam Besar,https://cdn.adidssd7.workers.dev/?id=thumb-cdn77.xvideos-cdn.com/636f9f5f-85b8-4546-b777-91312411a96c/0/xv_8_t.jpg,Temukan berbagai kategori menarik dalam video pilihan kami.,huphucv1a9d,PCWJ6A
zarckf-perburuan-perawan-3000-wanita-dewasa-menebas-2-iatmpud2f61,[ZARCKF] Perburuan Perawan ~ 3000 Wanita Dewasa Menebas ~ 2,https://cdn.adidssd7.workers.dev/?id=thumb-cdn77.xvideos-cdn.com/6380fbee-2b67-402e-aad5-d3d7a72cce32/0/xv_23_t.jpg,Tonton video berkualitas tinggi ini sekarang juga hanya di sini.,iatmpud2f61,ZARCKF
4fstxk-wanita-jepang-yui-watanabe-mendapat-penis-hitam-tanpa-sensor-uuhtofo1e92,[4FSTXK] Wanita Jepang Yui Watanabe mendapat penis hitam tanpa sensor,https://cdn.adidssd7.workers.dev/?id=thumb-cdn77.xvideos-cdn.com/63dc9bd2-de34-4cfe-a3e2-50fa34f315f6/0/xv_24_t.jpg,Konten terbaru yang sedang viral dan banyak dicari saat ini.,uuhtofo1e92,4FSTXK
qwc3j8-breasty-sara-seori-rides-ayam-dan-mengambil-creampie-veovbb3f3,[QWC3J8] Breasty Sara Seori Rides Ayam Dan Mengambil Creampie,https://cdn.adidssd7.workers.dev/?id=thumb-cdn77.xvideos-cdn.com/63ee4901-8ebc-4a9c-8b4d-6c66d9d321a7/0/xv_8_t.jpg,Video yang sedang banyak dibicarakan oleh komunitas saat ini.,veovbb3f3,QWC3J8
rzbatn-hinata-tachibana---gadis-asia-cantik-3-iumevcb073d,[RZBATN] Hinata Tachibana - Gadis Asia Cantik #3,https://cdn.adidssd7.workers.dev/?id=thumb-cdn77.xvideos-cdn.com/64a11ba0-c77a-4267-9f29-f431c0cba4ab/0/xv_15_t.jpg,Temukan berbagai kategori menarik dalam video pilihan kami.,iumevcb073d,RZBATN
r26a5n-remaja-jepang-kacau-oleh-saudara-tirinya-vdduco08df,[R26A5N] Remaja Jepang kacau oleh saudara tirinya,https://cdn.adidssd7.workers.dev/?id=thumb-cdn77.xvideos-cdn.com/64c0f127-fc3d-4ae9-806e-f9c121203196/0/xv_25_t.jpg,Video pilihan kualitas terbaik yang kami kurasi khusus untuk pengalaman menonton Anda.,vdduco08df,R26A5N
6ptjxy-remaja-jepang-reverse-gangbang-uddfb28bf,[6PTJXY] Remaja Jepang Reverse gangbang,https://cdn.adidssd7.workers.dev/?id=thumb-cdn77.xvideos-cdn.com/65b41604-b02b-4366-9015-75eacb07755f/0/xv_14_t.jpg,Jangan lewatkan video menarik yang kami perbarui setiap harinya.,uddfb28bf,6PTJXY
vdw56e-istri-selingkuh-akari-menempatkan-vaginanya-yang-basah-di-cek-hvvluife6f7,[VDW56E] Istri selingkuh Akari menempatkan vaginanya yang basah di cek,https://cdn.adidssd7.workers.dev/?id=thumb-cdn77.xvideos-cdn.com/65fe0698-4b94-421f-aa8c-625341e0c89f/0/xv_20_t.jpg,Video pilihan kualitas terbaik yang kami kurasi khusus untuk pengalaman menonton Anda.,hvvluife6f7,VDW56E
ftvg8c-remaja-nakal-jepang-di-kelas-nana-sasaki-mendapat-kacau-keras-tanpa-sensor-ueabddvf5e2,[FTVG8C] Remaja nakal Jepang di kelas Nana Sasaki mendapat kacau keras tanpa sensor.,https://cdn.adidssd7.workers.dev/?id=thumb-cdn77.xvideos-cdn.com/66490dbd-9ba4-4ccb-9e39-a0aba5bdd565/0/xv_30_t.jpg,Video pilihan kualitas terbaik yang kami kurasi khusus untuk pengalaman menonton Anda.,ueabddvf5e2,FTVG8C
9hg2v8-miho-ichiki-suka-memiliki-ayam-di-dalam-vaginanya-yang-bengkak-htlueff2af3,[9HG2V8] Miho Ichiki suka memiliki ayam di dalam vaginanya yang bengkak,https://cdn.adidssd7.workers.dev/?id=thumb-cdn77.xvideos-cdn.com/675bbee7-6d8e-4d7c-a427-68332884f913/0/xv_15_t.jpg,Konten terbaru yang sedang viral dan banyak dicari saat ini.,htlueff2af3,9HG2V8
dkn9yx-langkah-ibu-ketahuan-sedang-melakukan-masturbasi-di-vaginanya-yang-basah-oleh-putranya-htleovda9bc,[DKN9YX] langkah Ibu ketahuan sedang melakukan masturbasi di vaginanya yang basah oleh putranya,https://cdn.adidssd7.workers.dev/?id=thumb-cdn77.xvideos-cdn.com/69172509-c1bc-4d35-9d1d-9e5b620bbff8/0/xv_29_t.jpg,Video pilihan kualitas terbaik yang kami kurasi khusus untuk pengalaman menonton Anda.,htleovda9bc,DKN9YX
vfcjyp-bung-menceritakan-gadisnya-yang-bokin-di-tempat-tidur-hivbpkhf582,[VFCJYP] Bung menceritakan gadisnya yang bokin di tempat tidur,https://cdn.adidssd7.workers.dev/?id=thumb-cdn77.xvideos-cdn.com/6926e0da-9ecd-431b-aeeb-5a26502d968c/0/xv_13_t.jpg,Video pilihan kualitas terbaik yang kami kurasi khusus untuk pengalaman menonton Anda.,hivbpkhf582,VFCJYP
6cmz3k-ichiko-sudah-kacau-fotifvb300,[6CMZ3K] Ichiko sudah kacau,https://cdn.adidssd7.workers.dev/?id=thumb-cdn77.xvideos-cdn.com/6a89db48-f84f-4c9e-a046-2238bf2974c0/0/xv_27_t.jpg,Konten terbaru yang sedang viral dan banyak dicari saat ini.,fotifvb300,6CMZ3K
cyw5bx-jurnalis-jepang-pingsan-vs-bbc-terbesar-di-dunia-hatcauf130b,[CYW5BX] Jurnalis Jepang Pingsan vs BBC TERBESAR DI DUNIA,https://cdn.adidssd7.workers.dev/?id=thumb-cdn77.xvideos-cdn.com/6b62fa1a-9fb8-4136-98ac-7eeba499a8ee/0/xv_30_t.jpg,Nikmati momen terbaik dengan koleksi video trending kami.,hatcauf130b,CYW5BX
ez8xbf-sara-seori-dan-payudaranya-yang-sempurna-digunakan-oleh-tiga-pria-horny-kclefc7b3d,[EZ8XBF] Sara Seori dan payudaranya yang sempurna digunakan oleh tiga pria horny,https://cdn.adidssd7.workers.dev/?id=thumb-cdn77.xvideos-cdn.com/6c38f36d-b463-4f54-86b8-0a489fe8a080/0/xv_25_t.jpg,Video pilihan kualitas terbaik yang kami kurasi khusus untuk pengalaman menonton Anda.,kclefc7b3d,EZ8XBF
scxt3p-meniduri-seorang-siswa-yang-tidak-berpengalaman-dan-ditutupi-dengan-air-mani-uubkmtab235,[SCXT3P] Meniduri seorang siswa yang tidak berpengalaman dan ditutupi dengan air mani,https://cdn.adidssd7.workers.dev/?id=thumb-cdn77.xvideos-cdn.com/6d00afdf-70ff-4158-bcaf-cdd2a9fbae23/0/xv_30_t.jpg,Kami menyajikan konten paling populer yang wajib Anda tonton hari ini.,uubkmtab235,SCXT3P
7zemha-berkeringat-putus-asa-kawin-1-iphidim4eba,[7ZEMHA] Berkeringat Putus Asa Kawin 1,https://cdn.adidssd7.workers.dev/?id=thumb-cdn77.xvideos-cdn.com/6e0d7977-1552-4738-838e-9e213119afd5/0/xv_27_t.jpg,Tonton video berkualitas tinggi ini sekarang juga hanya di sini.,iphidim4eba,7ZEMHA
7xe4hw-99-03-28510-0-25-0-10-hcadfph354e,[7XE4HW] 99-03-28510 0Ã¦25Ã¥0Ã§Â§(Ã§Ã©Â·10Ã¥),https://cdn.adidssd7.workers.dev/?id=thumb-cdn77.xvideos-cdn.com/6e726dbc-f67b-41e6-94fe-a9309d812cfa/0/xv_1_t.jpg,Konten terbaru yang sedang viral dan banyak dicari saat ini.,hcadfph354e,7XE4HW
9xnjz5-sayang-jepang-tomoyo-isumi-suka-selingkuh-tanpa-sensor-ktelahk4682,[9XNJZ5] Sayang Jepang Tomoyo Isumi suka selingkuh tanpa sensor,https://cdn.adidssd7.workers.dev/?id=thumb-cdn77.xvideos-cdn.com/70f60284-5b9b-4649-94e4-2f2001868342/0/xv_19_t.jpg,Nikmati momen terbaik dengan koleksi video trending kami.,ktelahk4682,9XNJZ5
sgvwqa-cumming-pada-wanita-jalang-yang-ditangani-secara-seksual-hpdacbu1e42,[SGVWQA] Cumming pada wanita jalang yang ditangani secara seksual,https://cdn.adidssd7.workers.dev/?id=thumb-cdn77.xvideos-cdn.com/714cd28e-264f-4a3d-98ed-581eeb5b7016/0/xv_24_t.jpg,Kami menyajikan konten paling populer yang wajib Anda tonton hari ini.,hpdacbu1e42,SGVWQA
5lw9qx-cougars-pakaian-dalam-jepang-berbagi-dengan-pria-muda-cemupv492e,[5LW9QX] Cougars pakaian dalam Jepang berbagi dengan pria muda,https://cdn.adidssd7.workers.dev/?id=thumb-cdn77.xvideos-cdn.com/71a7f843-9a8c-4989-af64-684f137a667b/0/xv_20_t.jpg,Nikmati momen terbaik dengan koleksi video trending kami.,cemupv492e,5LW9QX
blfmgu-mayuka-momota-jepang-di-kantor-sangat-membutuhkan-penis-dan-mendapatkannya-tanpa-sensor-uetahoo5bb9,[BLFMGU] Mayuka Momota Jepang di kantor sangat membutuhkan penis dan mendapatkannya tanpa sensor.,https://cdn.adidssd7.workers.dev/?id=thumb-cdn77.xvideos-cdn.com/71fa1fd9-8d4b-4813-87c2-d33155d09a58/0/xv_14_t.jpg,Temukan koleksi video eksklusif terbaru hanya untuk Anda hari ini.,uetahoo5bb9,BLFMGU
vawemn-ibu-tiri-membantu-iaffutb2c52,[VAWEMN] Ibu tiri membantu,https://cdn.adidssd7.workers.dev/?id=thumb-cdn77.xvideos-cdn.com/72119559-aa1a-4b50-a1d6-79acd9bb0daa/0/xv_3_t.jpg,Koleksi lengkap video pilihan dengan durasi yang pas untuk Anda.,iaffutb2c52,VAWEMN
vtj85p-menarik-tomomi-kacau-dari-belakang-vdevbf3e01,[VTJ85P] Menarik Tomomi kacau dari belakang,https://cdn.adidssd7.workers.dev/?id=thumb-cdn77.xvideos-cdn.com/73203401-8310-4547-b515-2b3dcfb0865d/0/xv_25_t.jpg,Nikmati momen terbaik dengan koleksi video trending kami.,vdevbf3e01,VTJ85P
adw83y-cewek-jepang-mayu-kawai-mendapat-kacau-keras-tanpa-sensor-uhtemih812a,[ADW83Y] Cewek Jepang Mayu Kawai mendapat kacau keras tanpa sensor,https://cdn.adidssd7.workers.dev/?id=thumb-cdn77.xvideos-cdn.com/732c8166-1deb-4297-9b2e-401945d295a1/0/xv_19_t.jpg,Kami menyajikan konten paling populer yang wajib Anda tonton hari ini.,uhtemih812a,ADW83Y
jmrwbv-bermain-dengan-arisa-aoyama-jepang-yang-terangsang-bipemk6045,[JMRWBV] bermain dengan Arisa Aoyama Jepang yang terangsang,https://cdn.adidssd7.workers.dev/?id=thumb-cdn77.xvideos-cdn.com/73a73d97-f7ae-45c6-a396-901344f153b7/0/xv_28_t.jpg,Temukan koleksi video eksklusif terbaru hanya untuk Anda hari ini.,bipemk6045,JMRWBV
cbt8fp-boneka-bercinta-jepang-kurea-muto-mendapat-gangbang-tadi-malam-tanpa-sensor-ifllpvo6aad,[CBT8FP] Boneka bercinta Jepang Kurea Muto mendapat gangbang tadi malam tanpa sensor,https://cdn.adidssd7.workers.dev/?id=thumb-cdn77.xvideos-cdn.com/74fd0749-8c6c-4898-a424-49667d0fe432/0/xv_30_t.jpg,Tonton video berkualitas tinggi ini sekarang juga hanya di sini.,ifllpvo6aad,CBT8FP
ycqxp8-penetrasi-ganda-asia-llefl86db,[YCQXP8] Penetrasi ganda Asia,https://cdn.adidssd7.workers.dev/?id=thumb-cdn77.xvideos-cdn.com/752e8aba-7d57-4141-8b7c-ed3ec420069f/0/xv_9_t.jpg,Temukan berbagai kategori menarik dalam video pilihan kami.,llefl86db,YCQXP8
5kpb4d-adegan-seks-teratas-yui-hatano-dengan-perilaku-hardcore-htiffco2472,[5KPB4D] Adegan seks teratas Yui Hatano dengan perilaku hardcore,https://cdn.adidssd7.workers.dev/?id=thumb-cdn77.xvideos-cdn.com/756d8967-b596-4982-843f-0c080db36652/0/xv_24_t.jpg,Nikmati momen terbaik dengan koleksi video trending kami.,htiffco2472,5KPB4D
gtfdmp-langkah-ibu-mertua-dikhianati-oleh-putra---miori-fujisawa---intro-uhbpahh4ff5,[GTFDMP] langkah Ibu Mertua Dikhianati oleh Putra - Miori Fujisawa - Intro,https://cdn.adidssd7.workers.dev/?id=thumb-cdn77.xvideos-cdn.com/75f8d8a4-19f3-4d09-930e-faa6b12ff589/0/xv_10_t.jpg,Temukan berbagai kategori menarik dalam video pilihan kami.,uhbpahh4ff5,GTFDMP
2vhr5e-dia-tidak-yakin-apakah-ayam-itu-akan-cocok-haeuhph566e,[2VHR5E] Dia tidak yakin apakah ayam itu akan cocok,https://cdn.adidssd7.workers.dev/?id=thumb-cdn77.xvideos-cdn.com/7722e568-4135-469a-9463-c63840ff179a/0/xv_27_t.jpg,Video yang sedang banyak dibicarakan oleh komunitas saat ini.,haeuhph566e,2VHR5E
t5739m-ibu-tiri-jepang-saki-nakanishi-berhubungan-seks-tanpa-sensor-uvhmvlv7ad0,[T5739M] Ibu tiri Jepang Saki Nakanishi berhubungan seks tanpa sensor.,https://cdn.adidssd7.workers.dev/?id=thumb-cdn77.xvideos-cdn.com/77b0485b-bd51-4d42-9c1a-bb138e6eff2c/0/xv_17_t.jpg,Video pilihan kualitas terbaik yang kami kurasi khusus untuk pengalaman menonton Anda.,uvhmvlv7ad0,T5739M
m4wt67-remaja-berambut-cokelat-jepang-melakukan-seks-oral-di-dalam-mobil-dengan-pria-dewasa-tanpa-sensor-upiahufa2b8,[M4WT67] Remaja berambut cokelat Jepang melakukan seks oral di dalam mobil dengan pria dewasa tanpa sensor.,https://cdn.adidssd7.workers.dev/?id=thumb-cdn77.xvideos-cdn.com/77c44f17-58c2-48bc-a932-198730a0150d/0/xv_21_t.jpg,Video yang sedang banyak dibicarakan oleh komunitas saat ini.,upiahufa2b8,M4WT67
qxc9nj-wanita-gemuk-jepang-mayu-kawai-mendapat-creampied-tanpa-sensor-utbmkov3850,[QXC9NJ] Wanita gemuk Jepang Mayu Kawai mendapat creampied tanpa sensor,https://cdn.adidssd7.workers.dev/?id=thumb-cdn77.xvideos-cdn.com/79109c6b-44b4-49dd-a50c-184c7e75d0bc/0/xv_24_t.jpg,Temukan berbagai kategori menarik dalam video pilihan kami.,utbmkov3850,QXC9NJ
fwsm4u-pesona-nakal-nozomi-mempesona-dalam-suguhan-creampie-jepang-setelah-sesi-seks-panas-opmmihked87,[FWSM4U] Pesona nakal Nozomi mempesona dalam suguhan creampie Jepang setelah sesi seks panas,https://cdn.adidssd7.workers.dev/?id=thumb-cdn77.xvideos-cdn.com/79a511d0-d10a-4117-8448-702e6322f3ce/5/xv_16_t.jpg,Kami menyajikan konten paling populer yang wajib Anda tonton hari ini.,opmmihked87,FWSM4U
6bx3sk-istri-inggris-pingsan-ava-dalush-mencintai-ayam-hitam-besar-avbuhd4593,[6BX3SK] Istri Inggris Pingsan Ava Dalush Mencintai Ayam Hitam Besar!,https://cdn.adidssd7.workers.dev/?id=thumb-cdn77.xvideos-cdn.com/7a1c3756-9d89-4407-9017-f7b2cc6a1f56/0/xv_23_t.jpg,Jangan lewatkan video menarik yang kami perbarui setiap harinya.,avbuhd4593,6BX3SK
nqum8e-maki-kozue-gemetar-saat-mengalami-orgasme-kheelfm4d82,[NQUM8E] Maki Kozue gemetar saat mengalami orgasme,https://cdn.adidssd7.workers.dev/?id=thumb-cdn77.xvideos-cdn.com/7c813fac-4673-4465-81c4-366347ca9eb8/0/xv_6_t.jpg,Jangan lewatkan video menarik yang kami perbarui setiap harinya.,kheelfm4d82,NQUM8E
f823gc-wanita-jepang-azusa-nagasawa-dalam-aksi-pov-tanpa-sensor-kkadalh692d,[F823GC] Wanita Jepang Azusa Nagasawa dalam aksi POV tanpa sensor,https://cdn.adidssd7.workers.dev/?id=thumb-cdn77.xvideos-cdn.com/7e5b5004-8a66-4a52-8548-0ac2e776c4d6/0/xv_28_t.jpg,Jangan lewatkan video menarik yang kami perbarui setiap harinya.,kkadalh692d,F823GC
yudlwr-petugas-polisi-asia-yang-aneh-didudukan-wajahnya-oleh-seorang-bayi-hilvfdk3f5c,[YUDLWR] Petugas polisi Asia yang aneh didudukan wajahnya oleh seorang bayi,https://cdn.adidssd7.workers.dev/?id=thumb-cdn77.xvideos-cdn.com/7ee041d1-9def-4df5-bc4b-b1d0897825c8/0/xv_12_t.jpg,Koleksi lengkap video pilihan dengan durasi yang pas untuk Anda.,hilvfdk3f5c,YUDLWR
ezr9py-yuko-ayana-jepang-dicukur-tanpa-sensor-kudbuuhe063,[EZR9PY] Yuko Ayana Jepang dicukur tanpa sensor,https://cdn.adidssd7.workers.dev/?id=thumb-cdn77.xvideos-cdn.com/7eed646b-276c-4005-9628-e6f3a25715d1/0/xv_20_t.jpg,Nikmati momen terbaik dengan koleksi video trending kami.,kudbuuhe063,EZR9PY
fbqjz6-ibu-cantik-dan-jus-sensual-berokisu-keringat-meledak-dikandung-hubungan-senggama-yuri-miyama-kfomluf23d4,[FBQJZ6] Ibu Cantik Dan Jus Sensual Berokisu Keringat Meledak Dikandung Hubungan Senggama Yuri Miyama,https://cdn.adidssd7.workers.dev/?id=thumb-cdn77.xvideos-cdn.com/7f4b9f63-a51a-4a2f-ae5b-74438e6d17ec/0/xv_23_t.jpg,Jangan lewatkan video menarik yang kami perbarui setiap harinya.,kfomluf23d4,FBQJZ6
bdv35s-jav-subtitles-uncensored-japanese-asian-japan-avidol-hd-reality-horny-naughty-wi-lvhbhv29d8,[BDV35S] jav+subtitles+uncensored+japanese+asian+japan+avidol+hd+reality+horny+naughty+wi,https://cdn.adidssd7.workers.dev/?id=thumb-cdn77.xvideos-cdn.com/7fb817d0-2c6b-4417-aa37-51d723cef13d/0/xv_6_t.jpg,Video yang sedang banyak dibicarakan oleh komunitas saat ini.,lvhbhv29d8,BDV35S
uvslcf-boneka-bercinta-jepang-yua-saiki-mengerang-tanpa-sensor-utobitv6015,[UVSLCF] Boneka bercinta Jepang Yua Saiki mengerang tanpa sensor,https://cdn.adidssd7.workers.dev/?id=thumb-cdn77.xvideos-cdn.com/7fc37487-aec6-4535-87bf-b2a8b37d7edc/0/xv_9_t.jpg,Temukan koleksi video eksklusif terbaru hanya untuk Anda hari ini.,utobitv6015,UVSLCF
c6k43z-istri-cantik-aku-akan-meminjamkanmu-1-ipcuctfbc35,[C6K43Z] Istri cantik aku akan meminjamkanmu 1,https://cdn.adidssd7.workers.dev/?id=thumb-cdn77.xvideos-cdn.com/7fefa6f1-644e-4b9f-963b-ea3179f9e480/0/xv_12_t.jpg,Konten terbaru yang sedang viral dan banyak dicari saat ini.,ipcuctfbc35,C6K43Z
n35y9h-wanita-kantor-jepang-aya-kisaki-menghisap-penis-tanpa-sensor-kpilmub2e90,[N35Y9H] Wanita kantor Jepang Aya Kisaki menghisap penis tanpa sensor,https://cdn.adidssd7.workers.dev/?id=thumb-cdn77.xvideos-cdn.com/80f0beab-262e-4dff-81da-d2dfd75dea08/0/xv_24_t.jpg,Video pilihan kualitas terbaik yang kami kurasi khusus untuk pengalaman menonton Anda.,kpilmub2e90,N35Y9H
y9ctze-hitomi-aizawa-dan-seorang-temannya-membuat-pria-horny-menjadi-gila-kedkkpbd27,[Y9CTZE] Hitomi Aizawa dan seorang temannya membuat pria horny menjadi gila,https://cdn.adidssd7.workers.dev/?id=thumb-cdn77.xvideos-cdn.com/81a6dbc5-bc53-49f8-a74a-eee575430033/0/xv_29_t.jpg,Video yang sedang banyak dibicarakan oleh komunitas saat ini.,kedkkpbd27,Y9CTZE
ub6scy-milf-jepang-nagisa-kazami-mendapat-gangbang-tanpa-sensor-ktbevkk4cb2,[UB6SCY] MILF Jepang Nagisa Kazami mendapat gangbang tanpa sensor,https://cdn.adidssd7.workers.dev/?id=thumb-cdn77.xvideos-cdn.com/82f6f281-41c4-4d93-92ca-8802970b91d1/0/xv_9_t.jpg,Video pilihan kualitas terbaik yang kami kurasi khusus untuk pengalaman menonton Anda.,ktbevkk4cb2,UB6SCY
fjt69w-fantasyhd---alexis-adams-pirang-panas-memijat-ayam-dmvaeh1c3d,[FJT69W] FantasyHD - Alexis Adams pirang panas memijat ayam,https://cdn.adidssd7.workers.dev/?id=thumb-cdn77.xvideos-cdn.com/82fb437e-6b51-4cdc-9a33-bd581fb0594e/0/xv_23_t.jpg,Tonton video berkualitas tinggi ini sekarang juga hanya di sini.,dmvaeh1c3d,FJT69W
jzudnp-payudara-besar-jepang---nanairo-co-iucovum4d28,[JZUDNP] Payudara besar jepang - nanairo.co,https://cdn.adidssd7.workers.dev/?id=thumb-cdn77.xvideos-cdn.com/83322f94-70b6-4e3d-8c26-22f3fb91b527/0/xv_18_t.jpg,Konten terbaru yang sedang viral dan banyak dicari saat ini.,iucovum4d28,JZUDNP
tdnfm5-yume-mizuki-yang-berdada-kacau-dengan-cara-yang-sangat-seksi-hhokltm6a6c,[TDNFM5] Yume Mizuki yang berdada kacau dengan cara yang sangat seksi,https://cdn.adidssd7.workers.dev/?id=thumb-cdn77.xvideos-cdn.com/839cc13c-97a5-4cea-ba64-034e06f363ad/0/xv_12_t.jpg,Video yang sedang banyak dibicarakan oleh komunitas saat ini.,hhokltm6a6c,TDNFM5
wx8hrq-ibuki-membuat-vaginanya-yang-dicukur-manis-ditumbuk-keras-kmdtbla7d7,[WX8HRQ] Ibuki membuat vaginanya yang dicukur manis ditumbuk keras,https://cdn.adidssd7.workers.dev/?id=thumb-cdn77.xvideos-cdn.com/8561a1b5-7a58-4449-bcfd-54bc57ea97f2/0/xv_8_t.jpg,Temukan berbagai kategori menarik dalam video pilihan kami.,kmdtbla7d7,WX8HRQ
2bzvf5-sayang-kotor-dan-berdada-memamerkan-dan-kacau-keras-ppueoi974e,[2BZVF5] Sayang kotor dan berdada memamerkan dan kacau keras,https://cdn.adidssd7.workers.dev/?id=thumb-cdn77.xvideos-cdn.com/8597d318-e07e-4dff-963f-c0aeb74a263c/0/xv_20_t.jpg,Konten terbaru yang sedang viral dan banyak dicari saat ini.,ppueoi974e,2BZVF5
tj95ca-wanita-jepang-ryouko-murakami-sangat-terangsang-tanpa-sensor-kauuvvfe572,[TJ95CA] Wanita Jepang Ryouko Murakami sangat terangsang tanpa sensor,https://cdn.adidssd7.workers.dev/?id=thumb-cdn77.xvideos-cdn.com/8801d15b-be51-4ff3-8aba-473c80d0c390/0/xv_18_t.jpg,Koleksi lengkap video pilihan dengan durasi yang pas untuk Anda.,kauuvvfe572,TJ95CA
sj5nmz-perawat-jepang-ami-kasai-melakukan-hubungan-seks-panas-tanpa-sensor-ukoiobm9b76,[SJ5NMZ] Perawat Jepang Ami Kasai melakukan hubungan seks panas tanpa sensor,https://cdn.adidssd7.workers.dev/?id=thumb-cdn77.xvideos-cdn.com/882c280a-32d6-4f2f-bf60-dbcffc400623/0/xv_13_t.jpg,Tonton video berkualitas tinggi ini sekarang juga hanya di sini.,ukoiobm9b76,SJ5NMZ
htm5sz-ayam-besar-yang-penuh-kasih-remaja-murahan-membanting-vdblvb1348,[HTM5SZ] Ayam besar yang penuh kasih remaja murahan membanting,https://cdn.adidssd7.workers.dev/?id=thumb-cdn77.xvideos-cdn.com/883def96-8963-49ec-8c64-2726e6254d4c/0/xv_10_t.jpg,Koleksi lengkap video pilihan dengan durasi yang pas untuk Anda.,vdblvb1348,HTM5SZ
ral4u2-homemade-japanese-teen-gets-fucked-hard-at-home-hleutkvd084,[RAL4U2] Homemade+Japanese+teen+gets+fucked+hard+at+home,https://cdn.adidssd7.workers.dev/?id=thumb-cdn77.xvideos-cdn.com/888a6627-6c0e-4ccb-88f2-ee89d8e97476/0/xv_18_t.jpg,Temukan berbagai kategori menarik dalam video pilihan kami.,hleutkvd084,RAL4U2
ap3jnz-koleksi-premium-idolz-avidolz-mirai-haneda-adegan2-hd-hbkbedbe752,[AP3JNZ] Koleksi Premium Idolz avidolz Mirai Haneda adegan2 hd,https://cdn.adidssd7.workers.dev/?id=thumb-cdn77.xvideos-cdn.com/89a8d71f-f856-4eac-a6b6-d43af3a40788/0/xv_3_t.jpg,Koleksi lengkap video pilihan dengan durasi yang pas untuk Anda.,hbkbedbe752,AP3JNZ
86vr4h-remaja-dengan-kawat-gigi-menyebalkan-dan-meniduri-penis-hitam-besar-kklhimh2dd1,[86VR4H] Remaja dengan kawat gigi menyebalkan dan meniduri penis hitam besar,https://cdn.adidssd7.workers.dev/?id=thumb-cdn77.xvideos-cdn.com/89bd8032-fc39-42b4-93ac-dc993f2369c1/0/xv_30_t.jpg,Koleksi lengkap video pilihan dengan durasi yang pas untuk Anda.,kklhimh2dd1,86VR4H
34cezp-blacked-petite-angel-smalls-dengan-bbc-terbesar-di-dunia-hvmbmdd772b,[34CEZP] BLACKED Petite Angel Smalls Dengan BBC Terbesar Di Dunia,https://cdn.adidssd7.workers.dev/?id=thumb-cdn77.xvideos-cdn.com/8a92c594-1fd3-4598-b43b-88a8a3bd3000/0/xv_19_t.jpg,Temukan berbagai kategori menarik dalam video pilihan kami.,hvmbmdd772b,34CEZP
4np2b7-petualangan-anal-asia-panas-ema-kisaki-berakhir-dengan-klimaks-yang-lembut-opovvpv5c86,[4NP2B7] Petualangan Anal Asia Panas Ema Kisaki Berakhir Dengan Klimaks yang Lembut,https://cdn.adidssd7.workers.dev/?id=thumb-cdn77.xvideos-cdn.com/8aaed8de-e51c-49b6-9594-ad1d7855829b/5/xv_19_t.jpg,Kami menyajikan konten paling populer yang wajib Anda tonton hari ini.,opovvpv5c86,4NP2B7
6mhkfv-madu-jepang-keito-ditumbuk-dengan-penis-besar-dan-dibiarkan-dengan-isi-krim-klupob7c83,[6MHKFV] Madu Jepang Keito ditumbuk dengan penis besar dan dibiarkan dengan isi krim,https://cdn.adidssd7.workers.dev/?id=thumb-cdn77.xvideos-cdn.com/8b062f74-0359-484e-b6cb-1bc4a3a9778b/0/xv_26_t.jpg,Kami menyajikan konten paling populer yang wajib Anda tonton hari ini.,klupob7c83,6MHKFV
rkl6gf-ibu-rumah-tangga-jepang-reon-otowa-melakukan-seks-liar-tanpa-sensor-kbpdvafb948,[RKL6GF] Ibu rumah tangga Jepang Reon Otowa melakukan seks liar tanpa sensor,https://cdn.adidssd7.workers.dev/?id=thumb-cdn77.xvideos-cdn.com/8bfccd15-4024-408f-8269-179c0edeff52/0/xv_21_t.jpg,Kami menyajikan konten paling populer yang wajib Anda tonton hari ini.,kbpdvafb948,RKL6GF
uyftwm-milf-ibu-dewasa-berambut-cokelat-asia-membuat-vaginanya-yang-berbulu-diisi-oleh-anak-tirinya-boifph0d87,[UYFTWM] MILF Ibu Dewasa berambut cokelat Asia membuat vaginanya yang berbulu diisi oleh anak tirinya,https://cdn.adidssd7.workers.dev/?id=thumb-cdn77.xvideos-cdn.com/8e6908d6-7754-4cc0-93d7-b83ee816f211/0/xv_5_t.jpg,Nikmati momen terbaik dengan koleksi video trending kami.,boifph0d87,UYFTWM
twpuk3-adegan-menakjubkan-xxx-jepang-dengan-rei-kitajima---selengkapnya-di-javhd-net-iuiavbh8d36,[TWPUK3] Adegan menakjubkan xxx Jepang dengan Rei Kitajima - Selengkapnya di javhd.net,https://cdn.adidssd7.workers.dev/?id=thumb-cdn77.xvideos-cdn.com/8e725b51-a267-4dc6-8f43-438859787b15/0/xv_27_t.jpg,Temukan koleksi video eksklusif terbaru hanya untuk Anda hari ini.,iuiavbh8d36,TWPUK3
hludns-blow-job-asia-yang-menakjubkan-dari-maomi-nagasawa-menghasilkan-aksi-kasar-grup-yang-intens-opoaueid183,[HLUDNS] Blow Job Asia yang Menakjubkan dari Maomi Nagasawa Menghasilkan Aksi Kasar Grup yang Intens,https://cdn.adidssd7.workers.dev/?id=thumb-cdn77.xvideos-cdn.com/8e9119f1-ed68-478d-87b8-df9f2ec9d08e/5/xv_27_t.jpg,Jangan lewatkan video menarik yang kami perbarui setiap harinya.,opoaueid183,HLUDNS
pdxqe4-mengisap-ayam-amatir-seksi-vcmltv04c4,[PDXQE4] Mengisap ayam amatir seksi,https://cdn.adidssd7.workers.dev/?id=thumb-cdn77.xvideos-cdn.com/8e9a99c7-df65-4510-8880-d463759ce951/0/xv_3_t.jpg,Koleksi lengkap video pilihan dengan durasi yang pas untuk Anda.,vcmltv04c4,PDXQE4
v4ufxg-wanita-jalang-sialan-itu-mendapat-bantuan-hitam-dari-teman-temannya-hbihivf9a36,[V4UFXG] Wanita jalang sialan itu mendapat bantuan hitam dari teman-temannya,https://cdn.adidssd7.workers.dev/?id=thumb-cdn77.xvideos-cdn.com/8eb32432-2705-4928-b71f-0e18516c4c9e/0/xv_19_t.jpg,Temukan berbagai kategori menarik dalam video pilihan kami.,hbihivf9a36,V4UFXG
t286jr-gangbang-anal-amatir-muda-vdtmit360a,[T286JR] Gangbang anal amatir muda,https://cdn.adidssd7.workers.dev/?id=thumb-cdn77.xvideos-cdn.com/8eea960b-03b5-40c9-bca1-3ef0b7d91c0a/0/xv_14_t.jpg,Temukan koleksi video eksklusif terbaru hanya untuk Anda hari ini.,vdtmit360a,T286JR
tu9ber-cina-berbulu-memek-milf-veronica-mei-lee-kacau-geng-pasukan-bbc-hmelakmb09d,[TU9BER] cina berbulu memek milf veronica mei lee kacau geng pasukan bbc,https://cdn.adidssd7.workers.dev/?id=thumb-cdn77.xvideos-cdn.com/8fb328de-a2a1-447c-827f-e84df171bb23/0/xv_21_t.jpg,Konten terbaru yang sedang viral dan banyak dicari saat ini.,hmelakmb09d,TU9BER
738plg-hitomi-kitagawa-yang-menggairahkan-membentuk-aksi-xxx-jav-melon-manisnya-yang-tidak-pernah-disensor-ufooced61d7,[738PLG] Hitomi Kitagawa yang menggairahkan membentuk aksi XXX JAV melon manisnya yang tidak pernah disensor!,https://cdn.adidssd7.workers.dev/?id=thumb-cdn77.xvideos-cdn.com/8ff61f49-a4ea-4b98-aa43-ab22f7f25ad6/0/xv_20_t.jpg,Koleksi lengkap video pilihan dengan durasi yang pas untuk Anda.,ufooced61d7,738PLG
hl2sxu-dewasa-dengan-payudara-alami-mendapat-creampie-di-vagina-berbulu-kuplltb0984,[HL2SXU] Dewasa dengan payudara alami mendapat creampie di vagina berbulu!,https://cdn.adidssd7.workers.dev/?id=thumb-cdn77.xvideos-cdn.com/904f4402-072b-4b85-8143-04bba873c49d/0/xv_23_t.jpg,Video yang sedang banyak dibicarakan oleh komunitas saat ini.,kuplltb0984,HL2SXU
h6am4g-jalang-asia-sensual-mulai-bercinta-n-huokdhhf789,[H6AM4G] Jalang Asia sensual mulai bercinta n.,https://cdn.adidssd7.workers.dev/?id=thumb-cdn77.xvideos-cdn.com/90bf15ca-18e3-4345-93eb-94c2f9e3ab0e/0/xv_8_t.jpg,Temukan berbagai kategori menarik dalam video pilihan kami.,huokdhhf789,H6AM4G
ucfzds-tonton-fsdss-992-opmtlto5d78,[UCFZDS] Tonton FSDSS-992,https://cdn.adidssd7.workers.dev/?id=thumb-cdn77.xvideos-cdn.com/9284327e-f4c9-4488-9cd7-a7a4ab090038/5/xv_18_t.jpg,Video yang sedang banyak dibicarakan oleh komunitas saat ini.,opmtlto5d78,UCFZDS
lgw3qs-pijat-premium-akari-asagiri-berubah-menjadi-pesta-penetrasi-ganda-yang-tegar-opofikma90b,[LGW3QS] Pijat Premium Akari Asagiri Berubah Menjadi Pesta Penetrasi Ganda yang Tegar,https://cdn.adidssd7.workers.dev/?id=thumb-cdn77.xvideos-cdn.com/93efc821-6174-4b6b-9b19-5a85b6560d48/5/xv_16_t.jpg,Video pilihan kualitas terbaik yang kami kurasi khusus untuk pengalaman menonton Anda.,opofikma90b,LGW3QS
qs5kga-membinasakan-si-rambut-coklat-lalu-mengoleskan-krim-ke-seluruh-vaginanya-haiocbd6e6d,[QS5KGA] Membinasakan si rambut coklat lalu mengoleskan krim ke seluruh vaginanya,https://cdn.adidssd7.workers.dev/?id=thumb-cdn77.xvideos-cdn.com/94ee0068-7616-4fab-8537-904dc7b1ff24/0/xv_15_t.jpg,Koleksi lengkap video pilihan dengan durasi yang pas untuk Anda.,haiocbd6e6d,QS5KGA
rahek5-milf-jepang-terpesona-dengan-keterampilan-blowjob-ahlinya-dan-pertarungan-payudara-besar-opueiou7fd0,[RAHEK5] MILF Jepang Terpesona Dengan Keterampilan Blowjob Ahlinya Dan Pertarungan Payudara Besar,https://cdn.adidssd7.workers.dev/?id=thumb-cdn77.xvideos-cdn.com/94f6c054-b34d-4970-ab81-48a2c66526ed/5/xv_6_t.jpg,Jangan lewatkan video menarik yang kami perbarui setiap harinya.,opueiou7fd0,RAHEK5
wb9rvf-pasangan-jepang-asli-dengan-payudara-besar-milf-muda-bercinta-di-rumah-ufhvtvm8874,[WB9RVF] Pasangan Jepang asli dengan payudara besar milf muda bercinta di rumah,https://cdn.adidssd7.workers.dev/?id=thumb-cdn77.xvideos-cdn.com/95915afc-34a0-4241-8ea5-b2149ea4b9c3/0/xv_10_t.jpg,Tonton video berkualitas tinggi ini sekarang juga hanya di sini.,ufhvtvm8874,WB9RVF
vrqc58-pembantu-asia-bisa-membersihkan-bbc-ickplkda2e9,[VRQC58] Pembantu Asia bisa membersihkan BBC!,https://cdn.adidssd7.workers.dev/?id=thumb-cdn77.xvideos-cdn.com/95f4a4e0-a058-4c86-9b25-2c2b07a71c55/0/xv_24_t.jpg,Konten terbaru yang sedang viral dan banyak dicari saat ini.,ickplkda2e9,VRQC58
q8vdup-ibu-mertua-cantik-rumah-kami-reiko-seo-kfkbemo4588,[Q8VDUP] Ibu Mertua Cantik Rumah Kami Reiko Seo,https://cdn.adidssd7.workers.dev/?id=thumb-cdn77.xvideos-cdn.com/960c4b33-a2cf-4455-aa67-3cfdcde57c88/0/xv_28_t.jpg,Tonton video berkualitas tinggi ini sekarang juga hanya di sini.,kfkbemo4588,Q8VDUP
vu7ynf-rahasia-istri-feromon-tetangga-saya-erika-mizumoto-2-iehaifod597,[VU7YNF] Rahasia Istri Feromon Tetangga Saya Erika Mizumoto 2,https://cdn.adidssd7.workers.dev/?id=thumb-cdn77.xvideos-cdn.com/9614431e-d981-45c8-b49a-63e452642379/0/xv_26_t.jpg,Video pilihan kualitas terbaik yang kami kurasi khusus untuk pengalaman menonton Anda.,iehaifod597,VU7YNF
9zd2hb-ibu-rumah-tangga-jepang-tsuna-kimura-menyukai-mmmf-tanpa-sensor-kieciaf2840,[9ZD2HB] Ibu rumah tangga Jepang Tsuna Kimura menyukai mmmf tanpa sensor,https://cdn.adidssd7.workers.dev/?id=thumb-cdn77.xvideos-cdn.com/97cd2d43-6cf1-4ab6-a901-e7a68f34b0fb/0/xv_14_t.jpg,Temukan berbagai kategori menarik dalam video pilihan kami.,kieciaf2840,9ZD2HB
3rxucs-obsesi-pelayaran-carter-blacked-bab-1-bdldddc4cd,[3RXUCS] Obsesi Pelayaran Carter BLACKED Bab 1,https://cdn.adidssd7.workers.dev/?id=thumb-cdn77.xvideos-cdn.com/97f13263-802f-40fa-9148-772b63378f93/0/xv_19_t.jpg,Kami menyajikan konten paling populer yang wajib Anda tonton hari ini.,bdldddc4cd,3RXUCS
6k2agc-rambut-coklat-asia-ditiduri-oleh-teman-teman-dengan-sangat-keras-haecimda15a,[6K2AGC] Rambut coklat Asia ditiduri oleh teman-teman dengan sangat keras,https://cdn.adidssd7.workers.dev/?id=thumb-cdn77.xvideos-cdn.com/97ff1866-8577-4aca-875a-4d5a858f7077/0/xv_12_t.jpg,Temukan berbagai kategori menarik dalam video pilihan kami.,haecimda15a,6K2AGC
j5mdwh-istri-selingkuh-bertemu-kekasihnya-setelah-lama-absen-dan-bercinta-kffclmd2e4f,[J5MDWH] Istri selingkuh bertemu kekasihnya setelah lama absen dan bercinta,https://cdn.adidssd7.workers.dev/?id=thumb-cdn77.xvideos-cdn.com/97ff9dbc-daf7-407a-8b07-fe67bf48c72c/0/xv_1_t.jpg,Jangan lewatkan video menarik yang kami perbarui setiap harinya.,kffclmd2e4f,J5MDWH
7hqwey-ibu-tiri-jepang-yang-dewasa-meniduri-putra-tirinya-yang-masih-kecil---chiduru-tamiya-uidbbkm8e81,[7HQWEY] Ibu tiri Jepang yang dewasa meniduri putra tirinya yang masih kecil - (Chiduru Tamiya),https://cdn.adidssd7.workers.dev/?id=thumb-cdn77.xvideos-cdn.com/98ba6e7b-e4e2-4c12-8c8d-903a98a45954/0/xv_2_t.jpg,Konten terbaru yang sedang viral dan banyak dicari saat ini.,uidbbkm8e81,7HQWEY
at5be3-nozomi-hazuki-yang-berdada-menikmati-dua-ayam-di-lubangnya-hktdphh1825,[AT5BE3] Nozomi Hazuki yang berdada menikmati dua ayam di lubangnya,https://cdn.adidssd7.workers.dev/?id=thumb-cdn77.xvideos-cdn.com/99032fa0-ddb4-4903-a7b4-a15645895ddb/0/xv_12_t.jpg,Koleksi lengkap video pilihan dengan durasi yang pas untuk Anda.,hktdphh1825,AT5BE3
v6q9fc-pornografi-berat-remaja-jav-yang-gerah-hitomikitagawa-merangsang-pov-besar-dengan-cara-yang-serius-opoappb6afb,[V6Q9FC] Pornografi berat remaja JAV yang gerah HitomiKitagawa merangsang POV besar dengan cara yang serius,https://cdn.adidssd7.workers.dev/?id=thumb-cdn77.xvideos-cdn.com/9b889c84-d5a3-47fe-b199-97d3e7bc4bc0/5/xv_6_t.jpg,Nikmati momen terbaik dengan koleksi video trending kami.,opoappb6afb,V6Q9FC
4r7lpn-tushy-semua-kompilasi-emma-ohfmohhecd1,[4R7LPN] TUSHY Semua Kompilasi Emma,https://cdn.adidssd7.workers.dev/?id=thumb-cdn77.xvideos-cdn.com/9b992bb9-6c18-4c1a-9037-d72331403792/0/xv_6_t.jpg,Koleksi lengkap video pilihan dengan durasi yang pas untuk Anda.,ohfmohhecd1,4R7LPN
gms48e-hot-jepang-cewek-seksi-sakura-aida-mendapat-hardcore-sialan-untuk-kesenangan-opmddecd039,[GMS48E] hot jepang cewek seksi sakura aida mendapat hardcore sialan untuk kesenangan,https://cdn.adidssd7.workers.dev/?id=thumb-cdn77.xvideos-cdn.com/9c27cfe0-aa4c-4179-a90c-09c7bece78d1/5/xv_6_t.jpg,Tonton video berkualitas tinggi ini sekarang juga hanya di sini.,opmddecd039,GMS48E
pd96ub-aksi-blowjob-dan-fingering-asia-nakal-miu-kimura-opvpktle750,[PD96UB] Aksi Blowjob dan Fingering Asia Nakal Miu Kimura,https://cdn.adidssd7.workers.dev/?id=thumb-cdn77.xvideos-cdn.com/9d7efb17-bb9c-42ea-851c-644a31e224c2/5/xv_15_t.jpg,Temukan berbagai kategori menarik dalam video pilihan kami.,opvpktle750,PD96UB
upjrwf-buah-dada-dewasa-mendapat-fucked-di-bak-mandi-ahbdue9562,[UPJRWF] Buah dada dewasa mendapat fucked di bak mandi,https://cdn.adidssd7.workers.dev/?id=thumb-cdn77.xvideos-cdn.com/9d814271-ab1e-4b80-afcf-d0a610b00cb7/0/xv_15_t.jpg,Video yang sedang banyak dibicarakan oleh komunitas saat ini.,ahbdue9562,UPJRWF
gklcjh-menumpahkan-air-maninya-jauh-ke-dalam-vagina-si-rambut-coklat-hailfvm53c6,[GKLCJH] Menumpahkan air maninya jauh ke dalam vagina si rambut coklat,https://cdn.adidssd7.workers.dev/?id=thumb-cdn77.xvideos-cdn.com/9dbb34d0-5609-4551-801e-c4dd0d7a92c2/0/xv_11_t.jpg,Kami menyajikan konten paling populer yang wajib Anda tonton hari ini.,hailfvm53c6,GKLCJH
43hy2p-versi-lengkap-https-bit-ly-2mxxzii-dvtpmh1bdf,[43HY2P] versi lengkap https://bit.ly/2mXxzII,https://cdn.adidssd7.workers.dev/?id=thumb-cdn77.xvideos-cdn.com/9dc95a84-f441-4e54-a7c3-4d6e318e1601/0/xv_24_t.jpg,Temukan koleksi video eksklusif terbaru hanya untuk Anda hari ini.,dvtpmh1bdf,43HY2P
kdg5hr-hitomi-kitagawa-yang-penuh-gairah-memberikan-sensasi-blowjob-asia-yang-menakjubkan-oiohepbcabb,[KDG5HR] Hitomi Kitagawa yang Penuh Gairah Memberikan Sensasi Blowjob Asia yang Menakjubkan,https://cdn.adidssd7.workers.dev/?id=thumb-cdn77.xvideos-cdn.com/a07d46cf-0d32-4e24-8819-b09bb08cdc0b/0/xv_10_t.jpg,Video pilihan kualitas terbaik yang kami kurasi khusus untuk pengalaman menonton Anda.,oiohepbcabb,KDG5HR
awfze4-pelacur-asia-menjadi-aneh-dengan-pria-kulit-hitam-hkfcpum371b,[AWFZE4] Pelacur Asia menjadi aneh dengan pria kulit hitam,https://cdn.adidssd7.workers.dev/?id=thumb-cdn77.xvideos-cdn.com/a0cfdcd7-eedf-4643-8373-0f18ca217f5d/0/xv_20_t.jpg,Kami menyajikan konten paling populer yang wajib Anda tonton hari ini.,hkfcpum371b,AWFZE4
qlnw9a-maki-hojo-mencoba-penis-besar-di-cherry-bengkaknya-fkoefk1c66,[QLNW9A] Maki Hojo mencoba penis besar di cherry bengkaknya,https://cdn.adidssd7.workers.dev/?id=thumb-cdn77.xvideos-cdn.com/a1d380a1-9637-47c7-ad4b-4a6cbb363c30/0/xv_5_t.jpg,Video pilihan kualitas terbaik yang kami kurasi khusus untuk pengalaman menonton Anda.,fkoefk1c66,QLNW9A
r5xn4f-163209-0-25-0-10-hcalfum8902,[R5XN4F] 163209 0Ã¦25Ã¥0Ã§Â§(Ã§Ã©Â·10Ã¥),https://cdn.adidssd7.workers.dev/?id=thumb-cdn77.xvideos-cdn.com/a20eac25-54e5-47fa-9d86-ffff71aa191b/0/xv_5_t.jpg,Kami menyajikan konten paling populer yang wajib Anda tonton hari ini.,hcalfum8902,R5XN4F
r3zwb4-marica-hase-yang-berusia-18-tahun-menjadi-kacau-eauhokd7e4,[R3ZWB4] Marica Hase yang berusia 18 tahun menjadi kacau,https://cdn.adidssd7.workers.dev/?id=thumb-cdn77.xvideos-cdn.com/a2b59da5-e928-4117-ad08-cb7748540c18/0/xv_10_t.jpg,Tonton video berkualitas tinggi ini sekarang juga hanya di sini.,eauhokd7e4,R3ZWB4
b3dsle-pelacur-berusia-46-tahun-nanako-shimada-tidak-bisa-hidup-tanpa-sperma-tanpa-sensor-upornia-com-hbflkaf5462,[B3DSLE] Pelacur berusia 46 tahun Nanako Shimada tidak bisa hidup tanpa sperma (Tanpa sensor) Upornia.com,https://cdn.adidssd7.workers.dev/?id=thumb-cdn77.xvideos-cdn.com/a2bb7343-2446-4cf0-b992-8c674e325e83/0/xv_7_t.jpg,Koleksi lengkap video pilihan dengan durasi yang pas untuk Anda.,hbflkaf5462,B3DSLE
4pw7gd-pingsan-seksi-italia-babe-valentina-nappi-rimming-pria-kulit-hitam-dengan-gairah-bukobm1648,[4PW7GD] Pingsan Seksi Italia Babe Valentina Nappi Rimming Pria Kulit Hitam Dengan Gairah,https://cdn.adidssd7.workers.dev/?id=thumb-cdn77.xvideos-cdn.com/a42cad5e-c7a5-41db-98f8-d24477797228/0/xv_25_t.jpg,Kami menyajikan konten paling populer yang wajib Anda tonton hari ini.,bukobm1648,4PW7GD
gtvze3-budak-perbudakan-shiori-natsumi-ganda-kacau-oleh-dua-penyimpangan-terangsang-iokvkiae925,[GTVZE3] Budak perbudakan Shiori Natsumi ganda kacau oleh dua penyimpangan terangsang,https://cdn.adidssd7.workers.dev/?id=thumb-cdn77.xvideos-cdn.com/a576c75d-99b1-4a5a-9247-ba1b45c89ee2/0/xv_3_t.jpg,Video yang sedang banyak dibicarakan oleh komunitas saat ini.,iokvkiae925,GTVZE3
5fymqr-pingsan-petite-riley-reid-mencoba-ayam-hitam-besar-di-pantatnya-huivbukaec5,[5FYMQR] Pingsan Petite Riley Reid Mencoba Ayam Hitam Besar Di Pantatnya,https://cdn.adidssd7.workers.dev/?id=thumb-cdn77.xvideos-cdn.com/a6175eaa-176d-414c-89a4-2473a810ebc6/0/xv_29_t.jpg,Kami menyajikan konten paling populer yang wajib Anda tonton hari ini.,huivbukaec5,5FYMQR
e2j5ms-maki-koizumi-threesome-serius-sepanjang-dua-tahun-hcbudvv2310,[E2J5MS] Maki Koizumi threesome serius sepanjang dua tahun. ,https://cdn.adidssd7.workers.dev/?id=thumb-cdn77.xvideos-cdn.com/a81783f3-ef7d-48a3-8ac1-caf3487ec2ba/0/xv_9_t.jpg,Jangan lewatkan video menarik yang kami perbarui setiap harinya.,hcbudvv2310,E2J5MS
jxyk27-keterampilan-blowjob-intens-dewi-asia-airu-setelah-permainan-oral-beruap-opmbuei1fbf,[JXYK27] Keterampilan Blowjob Intens Dewi Asia Airu Setelah Permainan Oral Beruap,https://cdn.adidssd7.workers.dev/?id=thumb-cdn77.xvideos-cdn.com/a82df627-0b31-41b5-9aea-e575bb510894/5/xv_9_t.jpg,Nikmati momen terbaik dengan koleksi video trending kami.,opmbuei1fbf,JXYK27
lp7cq9-bintang-jav-keriting-sakura-aida-memberikan-oral-seks-asia-mentah-yang-tidak-bisa-dilakukan-oleh-gadis-lain-okmumuf564a,[LP7CQ9] Bintang JAV keriting Sakura Aida memberikan oral seks Asia mentah yang tidak bisa dilakukan oleh gadis lain,https://cdn.adidssd7.workers.dev/?id=thumb-cdn77.xvideos-cdn.com/aaa38395-f7e4-4507-bd5f-7b02f0ef9a29/0/xv_19_t.jpg,Video yang sedang banyak dibicarakan oleh komunitas saat ini.,okmumuf564a,LP7CQ9
e2p3vw-kenikmatan-yang-membuatnya-merasa-sangat-kotor-iipcaph4b9e,[E2P3VW] Kenikmatan yang membuatnya merasa sangat kotor,https://cdn.adidssd7.workers.dev/?id=thumb-cdn77.xvideos-cdn.com/ac34770a-21da-4c3a-9932-f8cd61e4eb92/0/xv_9_t.jpg,Nikmati momen terbaik dengan koleksi video trending kami.,iipcaph4b9e,E2P3VW
t3u4gx-blow-job-jepang-maya-kato-yang-menakjubkan-dan-pertemuan-tegar-yang-intens-oppampt25a9,[T3U4GX] Blow Job Jepang Maya Kato yang Menakjubkan dan Pertemuan Tegar yang Intens,https://cdn.adidssd7.workers.dev/?id=thumb-cdn77.xvideos-cdn.com/ad65995a-bd3b-4d91-a17f-b65bd9b2ccf9/5/xv_15_t.jpg,Kami menyajikan konten paling populer yang wajib Anda tonton hari ini.,oppampt25a9,T3U4GX
7gczyn-b7-hoduidkedcf,[7GCZYN] b7,https://cdn.adidssd7.workers.dev/?id=thumb-cdn77.xvideos-cdn.com/adc59a3e-dfba-402f-aa5b-e083a453c642/0/xv_3_t.jpg,Temukan berbagai kategori menarik dalam video pilihan kami.,hoduidkedcf,7GCZYN
7nmexs-pengalaman-porno-yang-mempesona-untuk-ibu-seksi-naho-hadsuki-fclcdo9d00,[7NMEXS] Pengalaman porno yang mempesona untuk ibu seksi Naho Hadsuki,https://cdn.adidssd7.workers.dev/?id=thumb-cdn77.xvideos-cdn.com/ae83d052-b8b5-46a4-972f-bfcde70ba1a5/0/xv_23_t.jpg,Kami menyajikan konten paling populer yang wajib Anda tonton hari ini.,fclcdo9d00,7NMEXS
arzf8k-sayang-jepang-michiru-ogawa-melakukan-seks-anal-tanpa-sensor-kmaufhhf6c9,[ARZF8K] Sayang Jepang Michiru Ogawa melakukan seks anal tanpa sensor,https://cdn.adidssd7.workers.dev/?id=thumb-cdn77.xvideos-cdn.com/af913d40-2197-4dd6-a250-0f3a81152152/0/xv_30_t.jpg,Video yang sedang banyak dibicarakan oleh komunitas saat ini.,kmaufhhf6c9,ARZF8K
nxp6zf-perawat-asia-yang-mulus-dibenturkan-dari-belakang-dengan-gaya-doggy-begitu-keras-hfbbhfo7a05,[NXP6ZF] Perawat Asia yang mulus dibenturkan dari belakang dengan gaya doggy begitu keras,https://cdn.adidssd7.workers.dev/?id=thumb-cdn77.xvideos-cdn.com/afaf7fb9-81f7-490f-8131-a473df5d750a/0/xv_26_t.jpg,Kami menyajikan konten paling populer yang wajib Anda tonton hari ini.,hfbbhfo7a05,NXP6ZF
5jv6bn-jurnalis-jepang-pingsan-vs-bbc-terbesar-di-dunia-haitkhh8a09,[5JV6BN] Jurnalis Jepang Pingsan vs BBC TERBESAR DI DUNIA,https://cdn.adidssd7.workers.dev/?id=thumb-cdn77.xvideos-cdn.com/b02683d7-b269-43c3-ad42-fc5ccc94410b/0/xv_12_t.jpg,Tonton video berkualitas tinggi ini sekarang juga hanya di sini.,haitkhh8a09,5JV6BN
kacw3n-airi-ai-menikmati-ayam-di-antara-payudara-dan-bibirnya-hlcaimb5066,[KACW3N] Airi Ai menikmati ayam di antara payudara dan bibirnya,https://cdn.adidssd7.workers.dev/?id=thumb-cdn77.xvideos-cdn.com/b32927ff-45aa-4f7e-94f1-90bbaf626e0a/0/xv_11_t.jpg,Temukan berbagai kategori menarik dalam video pilihan kami.,hlcaimb5066,KACW3N
khw3n9-hot-ass-jalang-mendapatkan-fucked-dari-gaya-doggy-hbdlhth02ff,[KHW3N9] Hot Ass jalang mendapatkan fucked dari gaya doggy,https://cdn.adidssd7.workers.dev/?id=thumb-cdn77.xvideos-cdn.com/b36e25c8-58c3-4792-a381-862a8dd635e2/0/xv_27_t.jpg,Nikmati momen terbaik dengan koleksi video trending kami.,hbdlhth02ff,KHW3N9
trmv35-boneka-bercinta-jepang-yu-ito-dipaku-keras-tanpa-sensor-utmtumh79e6,[TRMV35] Boneka bercinta Jepang Yu Ito dipaku keras tanpa sensor,https://cdn.adidssd7.workers.dev/?id=thumb-cdn77.xvideos-cdn.com/b4e405f8-a048-48a2-8d79-46e1ed480c88/0/xv_30_t.jpg,Video yang sedang banyak dibicarakan oleh komunitas saat ini.,utmtumh79e6,TRMV35
glx49r-nazomi-hazuki-mendapatkan-vagina-licinnya-kacau-pov-hmvcthbca77,[GLX49R] Nazomi Hazuki mendapatkan vagina licinnya kacau pov,https://cdn.adidssd7.workers.dev/?id=thumb-cdn77.xvideos-cdn.com/b591b717-82bd-406a-a02a-93b4c623696c/0/xv_12_t.jpg,Koleksi lengkap video pilihan dengan durasi yang pas untuk Anda.,hmvcthbca77,GLX49R
nw6qup-tiga-pria-kulit-hitam-menghancurkan-vagina-pelacur-asia-hutmbbmf15c,[NW6QUP] Tiga pria kulit hitam menghancurkan vagina pelacur Asia,https://cdn.adidssd7.workers.dev/?id=thumb-cdn77.xvideos-cdn.com/b5ad24e0-25c0-4397-95ea-24e0e0cf3cd1/0/xv_25_t.jpg,Temukan berbagai kategori menarik dalam video pilihan kami.,hutmbbmf15c,NW6QUP
5rcvtj-siapa-dia-siapa-dia-hclacmf0fa5,[5RCVTJ] Siapa dia / Siapa dia,https://cdn.adidssd7.workers.dev/?id=thumb-cdn77.xvideos-cdn.com/b5e596aa-9e55-49e3-a2f4-e1a1320f85c6/0/xv_1_t.jpg,Nikmati momen terbaik dengan koleksi video trending kami.,hclacmf0fa5,5RCVTJ
zvae6s-pelacur-asia-membuat-vaginanya-yang-basah-dimakan-dengan-sangat-keras-hlpodkh8f8b,[ZVAE6S] Pelacur Asia membuat vaginanya yang basah dimakan dengan sangat keras,https://cdn.adidssd7.workers.dev/?id=thumb-cdn77.xvideos-cdn.com/b6c38fd9-a689-40ab-9fe8-e65b71ff28b4/0/xv_28_t.jpg,Video yang sedang banyak dibicarakan oleh komunitas saat ini.,hlpodkh8f8b,ZVAE6S
tdyvfn-sekretaris-jepang-reiko-datang-tanpa-sensor-kmocllk99c7,[TDYVFN] Sekretaris Jepang Reiko datang tanpa sensor,https://cdn.adidssd7.workers.dev/?id=thumb-cdn77.xvideos-cdn.com/b6d508af-cf5f-4442-bc86-52f6bfcd16dc/0/xv_12_t.jpg,Konten terbaru yang sedang viral dan banyak dicari saat ini.,kmocllk99c7,TDYVFN
lvsbaq-bajingan-yang-beruntung-punya-tiga-pelacur-yang-menghisap-kemaluannya-himemtfd726,[LVSBAQ] Bajingan yang beruntung punya tiga pelacur yang menghisap kemaluannya,https://cdn.adidssd7.workers.dev/?id=thumb-cdn77.xvideos-cdn.com/b6f5e865-976e-4903-9d7a-3a94af343a02/0/xv_29_t.jpg,Temukan berbagai kategori menarik dalam video pilihan kami.,himemtfd726,LVSBAQ
gd3hqm-penggoda-jepang-yui-misaki-melakukan-seks-liar-tanpa-sensor-kufofid77eb,[GD3HQM] Penggoda Jepang Yui Misaki melakukan seks liar tanpa sensor,https://cdn.adidssd7.workers.dev/?id=thumb-cdn77.xvideos-cdn.com/b809a85e-7d42-489a-ae42-6e913b25ebce/0/xv_10_t.jpg,Koleksi lengkap video pilihan dengan durasi yang pas untuk Anda.,kufofid77eb,GD3HQM
7s2lgh-old-goes-young---pejantan-yang-digantung-dengan-baik-mani-muncrat-di-seluruh-tubuh-berambut-cokelat-mungil-iikvmvb2207,[7S2LGH] Old Goes Young - Pejantan yang digantung dengan baik mani muncrat di seluruh tubuh berambut cokelat mungil,https://cdn.adidssd7.workers.dev/?id=thumb-cdn77.xvideos-cdn.com/b854ce55-ca0d-4b6a-9fa5-b654290e8c06/0/xv_12_t.jpg,Koleksi lengkap video pilihan dengan durasi yang pas untuk Anda.,iikvmvb2207,7S2LGH
efg8jt-threesome-sialan-vagina-basah-itu-dengan-dua-pecker-keras-hciboaob44e,[EFG8JT] Threesome sialan vagina basah itu dengan dua pecker keras,https://cdn.adidssd7.workers.dev/?id=thumb-cdn77.xvideos-cdn.com/b87a7cb5-e50e-42bf-8bf2-753aa894560a/0/xv_6_t.jpg,Nikmati momen terbaik dengan koleksi video trending kami.,hciboaob44e,EFG8JT
lnfp6v--muvfdbaa08,[LNFP6V] ÃƒÂ¨Ã‚Â¶Ã¢Â¦ÃƒÂ¦Ã‚Ã‚Â£ÃƒÂ¦Ã¢Â¬Ã‚Â§ÃƒÂ¦Ã¢Ã…Â¸ÃƒÂ§Ã‚Â¾Ã…Â½ÃƒÂ¥Ã‚Â¥Ã‚Â³,https://cdn.adidssd7.workers.dev/?id=thumb-cdn77.xvideos-cdn.com/b8bdfd79-1c95-4995-9483-377729cfe4ea/0/xv_4_t.jpg,Konten terbaru yang sedang viral dan banyak dicari saat ini.,muvfdbaa08,LNFP6V
9k5nsx-wanita-cantik-dan-baik-ayaki-lena-1-iapkevv05eb,[9K5NSX] Wanita cantik dan baik Ayaki Lena 1,https://cdn.adidssd7.workers.dev/?id=thumb-cdn77.xvideos-cdn.com/b98f5a5c-b9bb-4172-9a2f-ef5cbe4c928b/0/xv_30_t.jpg,Kami menyajikan konten paling populer yang wajib Anda tonton hari ini.,iapkevv05eb,9K5NSX
lanfbr-remaja-jepang-memberikan-blowjob-luar-biasa-sebelum-persetan-hardcore-intens-dengan-akhir-creampie-ophipev5c5f,[LANFBR] Remaja Jepang Memberikan Blowjob Luar Biasa Sebelum Persetan Hardcore Intens dengan Akhir Creampie,https://cdn.adidssd7.workers.dev/?id=thumb-cdn77.xvideos-cdn.com/b9ac03da-8fb0-4165-a89f-5e3beca87a09/4/xv_27_t.jpg,Tonton video berkualitas tinggi ini sekarang juga hanya di sini.,ophipev5c5f,LANFBR
jn5seb-adegan-porno-threesome-untuk-kaoru-natsuki-yang-manis-hibkdfkc35d,[JN5SEB] Adegan porno threesome untuk Kaoru Natsuki yang manis,https://cdn.adidssd7.workers.dev/?id=thumb-cdn77.xvideos-cdn.com/bb213e57-6b43-4003-8e0b-8652efacc206/0/xv_26_t.jpg,Video pilihan kualitas terbaik yang kami kurasi khusus untuk pengalaman menonton Anda.,hibkdfkc35d,JN5SEB
6ysex3-meledakkan-vaginanya-dari-belakang-doggy-style-dengan-penuh-semangat-iibeubda815,[6YSEX3] Meledakkan vaginanya dari belakang doggy style dengan penuh semangat,https://cdn.adidssd7.workers.dev/?id=thumb-cdn77.xvideos-cdn.com/bb95531a-5fe3-4680-add7-bef0d4f994e0/0/xv_26_t.jpg,Nikmati momen terbaik dengan koleksi video trending kami.,iibeubda815,6YSEX3
73vqcp-threesome-sialan-gadis-asia-lalu-membuat-krim-vaginanya-hbipivda7fc,[73VQCP] Threesome sialan gadis Asia lalu membuat krim vaginanya,https://cdn.adidssd7.workers.dev/?id=thumb-cdn77.xvideos-cdn.com/bbd7661b-8ef5-4c15-95a0-dd365350ff0b/0/xv_17_t.jpg,Video yang sedang banyak dibicarakan oleh komunitas saat ini.,hbipivda7fc,73VQCP
myq473-manis-dan-juicy-jepang-milfs-vol-13-kelabeo8275,[MYQ473] Manis dan Juicy Jepang MILFs Vol 13,https://cdn.adidssd7.workers.dev/?id=thumb-cdn77.xvideos-cdn.com/bc110d71-b7b6-462f-8dbf-f01e42757d23/0/xv_2_t.jpg,Nikmati momen terbaik dengan koleksi video trending kami.,kelabeo8275,MYQ473
tcr2du-dapur-adalah-tempat-terbaik-untuk-memasak-vaginanya-hakaomb15bc,[TCR2DU] Dapur adalah tempat terbaik untuk memasak vaginanya,https://cdn.adidssd7.workers.dev/?id=thumb-cdn77.xvideos-cdn.com/bc19f2a6-4e06-407f-8906-f1cca9ff72b3/0/xv_22_t.jpg,Konten terbaru yang sedang viral dan banyak dicari saat ini.,hakaomb15bc,TCR2DU
muenax-rahasia-keluarga-iabmpuf9367,[MUENAX] Rahasia Keluarga,https://cdn.adidssd7.workers.dev/?id=thumb-cdn77.xvideos-cdn.com/bc94f9b0-8ab0-4680-8081-5af7db9d54d3/0/xv_5_t.jpg,Konten terbaru yang sedang viral dan banyak dicari saat ini.,iabmpuf9367,MUENAX
9uqm4c-asia-mendapat-kacau-keras-saat-memberikan-blowjob-di-kelas-dengan-chihiro-nishikawa-oppecff2b2d,[9UQM4C] Asia Mendapat Kacau Keras Saat Memberikan Blowjob di Kelas dengan Chihiro Nishikawa,https://cdn.adidssd7.workers.dev/?id=thumb-cdn77.xvideos-cdn.com/bce38945-58e4-4f55-8cf8-d5c5135dd95b/5/xv_3_t.jpg,Konten terbaru yang sedang viral dan banyak dicari saat ini.,oppecff2b2d,9UQM4C
jrxstq-gadis-jepang-menyukainya-vol-19-ululfhfe27a,[JRXSTQ] Gadis Jepang menyukainya Vol 19,https://cdn.adidssd7.workers.dev/?id=thumb-cdn77.xvideos-cdn.com/be13b7b6-5084-42b3-9c22-de4de5dc864a/0/xv_15_t.jpg,Kami menyajikan konten paling populer yang wajib Anda tonton hari ini.,ululfhfe27a,JRXSTQ
d8ybnv-buah-dada-milf-hinata-komine-menikmati-ayam-yang-kuat-di-twatnya-hhpchad1def,[D8YBNV] Buah dada milf Hinata Komine menikmati ayam yang kuat di twatnya,https://cdn.adidssd7.workers.dev/?id=thumb-cdn77.xvideos-cdn.com/bfe016b8-b6ca-4c4a-8438-ef586725fc46/0/xv_24_t.jpg,Video pilihan kualitas terbaik yang kami kurasi khusus untuk pengalaman menonton Anda.,hhpchad1def,D8YBNV
htpb4g-pelacur-asia-mendapatkan-mainan-celah-merah-mudanya-kacau-dengan-baik-hputhctf3c5,[HTPB4G] Pelacur Asia mendapatkan mainan celah merah mudanya kacau dengan baik,https://cdn.adidssd7.workers.dev/?id=thumb-cdn77.xvideos-cdn.com/c031e6cf-355b-4f3b-a057-2aefc8b56201/0/xv_18_t.jpg,Video yang sedang banyak dibicarakan oleh komunitas saat ini.,hputhctf3c5,HTPB4G
dh3pmf-jepang-milf-menerima-sperma-di-vaginanya-kfvpmihc45e,[DH3PMF] Jepang MILF Menerima sperma Di Vaginanya,https://cdn.adidssd7.workers.dev/?id=thumb-cdn77.xvideos-cdn.com/c215f6fc-a084-40f4-b344-edc8eb9206c7/0/xv_1_t.jpg,Koleksi lengkap video pilihan dengan durasi yang pas untuk Anda.,kfvpmihc45e,DH3PMF
z9384v-istri-seksi-3-hcceuhv2e30,[Z9384V] Istri Seksi 3,https://cdn.adidssd7.workers.dev/?id=thumb-cdn77.xvideos-cdn.com/c225ecf2-b6db-4d6c-a06f-bac15d86d27f/0/xv_17_t.jpg,Tonton video berkualitas tinggi ini sekarang juga hanya di sini.,hcceuhv2e30,Z9384V
lhjcsk-kejutan-jepang-yang-gerah-kaede-yuki-memberikan-blowjob-panas-dan-menggoda-anda-opuaevhc0f1,[LHJCSK] Kejutan Jepang yang Gerah Kaede Yuki Memberikan Blowjob Panas Dan Menggoda Anda,https://cdn.adidssd7.workers.dev/?id=thumb-cdn77.xvideos-cdn.com/c22765e6-e20c-4ea7-8fc3-7edd6b7d067c/5/xv_8_t.jpg,Temukan koleksi video eksklusif terbaru hanya untuk Anda hari ini.,opuaevhc0f1,LHJCSK
ms29wq-xvideos-com-b0751669edff1fec249ba3a4a2b1eeb7-fdebtd4443,[MS29WQ] xvideos.com b0751669edff1fec249ba3a4a2b1eeb7,https://cdn.adidssd7.workers.dev/?id=thumb-cdn77.xvideos-cdn.com/c34e11e8-b41e-4a3a-bffd-33684c8f32e6/0/xv_11_t.jpg,Video pilihan kualitas terbaik yang kami kurasi khusus untuk pengalaman menonton Anda.,fdebtd4443,MS29WQ
r7uezn-obsesi-pelayaran-carter-blacked-bab-2-cavvbk3955,[R7UEZN] Obsesi Pelayaran Carter BLACKED Bab 2,https://cdn.adidssd7.workers.dev/?id=thumb-cdn77.xvideos-cdn.com/c4dd1c46-8e2e-4cd3-a489-56d064f7ad36/0/xv_23_t.jpg,Nikmati momen terbaik dengan koleksi video trending kami.,cavvbk3955,R7UEZN
jvkfyw-wanita-jepang-kaori-buk-mendapat-gangbang-tanpa-sensor-utdlalf3e42,[JVKFYW] Wanita Jepang Kaori Buk mendapat gangbang tanpa sensor,https://cdn.adidssd7.workers.dev/?id=thumb-cdn77.xvideos-cdn.com/c655c666-bb16-4f02-b7d1-89c230e28c06/0/xv_10_t.jpg,Tonton video berkualitas tinggi ini sekarang juga hanya di sini.,utdlalf3e42,JVKFYW
bpvc3w-pelacur-asia-yang-lucu-menyebalkan-lalu-mengendarai-ayam-ailcfhb853,[BPVC3W] Pelacur Asia yang lucu menyebalkan lalu mengendarai ayam,https://cdn.adidssd7.workers.dev/?id=thumb-cdn77.xvideos-cdn.com/c731499f-1b93-4339-a665-474385c4620a/0/xv_30_t.jpg,Jangan lewatkan video menarik yang kami perbarui setiap harinya.,ailcfhb853,BPVC3W
xjfqke-remaja-jepang-berambut-cokelat-sena-sakura-mendapat-kacau-dan-menyemprotkan-tanpa-sensor-idkvlffb7c9,[XJFQKE] Remaja Jepang berambut cokelat Sena Sakura mendapat kacau dan menyemprotkan tanpa sensor,https://cdn.adidssd7.workers.dev/?id=thumb-cdn77.xvideos-cdn.com/c7e2c122-5055-48ea-aa9d-7b962d54a35c/0/xv_18_t.jpg,Konten terbaru yang sedang viral dan banyak dicari saat ini.,idkvlffb7c9,XJFQKE
q6ch8z-remaja-tunawisma-asia-mendapat-kacau-di-threesome-hhaudchb0a5,[Q6CH8Z] Remaja tunawisma Asia mendapat kacau di threesome,https://cdn.adidssd7.workers.dev/?id=thumb-cdn77.xvideos-cdn.com/c7f723f1-4df6-4548-9b71-d740aacad45a/0/xv_14_t.jpg,Video yang sedang banyak dibicarakan oleh komunitas saat ini.,hhaudchb0a5,Q6CH8Z
zg2mdl-pelacur-asia-dewasa-dengan-seorang-remaja-bercinta-dengan-seorang-pria-eviioh1e65,[ZG2MDL] Pelacur Asia dewasa dengan seorang remaja bercinta dengan seorang pria,https://cdn.adidssd7.workers.dev/?id=thumb-cdn77.xvideos-cdn.com/c9d5ff12-4125-42d2-8641-336e5c109e68/0/xv_8_t.jpg,Video pilihan kualitas terbaik yang kami kurasi khusus untuk pengalaman menonton Anda.,eviioh1e65,ZG2MDL
85y2dw-kompilasi-creampie-jepang-tanpa-sensor-terbaik-hckehefa920,[85Y2DW] Kompilasi Creampie Jepang Tanpa Sensor Terbaik,https://cdn.adidssd7.workers.dev/?id=thumb-cdn77.xvideos-cdn.com/cbde1fec-188e-490b-8977-6c64e7ef5406/0/xv_5_t.jpg,Video yang sedang banyak dibicarakan oleh komunitas saat ini.,hckehefa920,85Y2DW
j85p3m-menganalisis-orang-asia-iicuo238a,[J85P3M] Menganalisis orang Asia,https://cdn.adidssd7.workers.dev/?id=thumb-cdn77.xvideos-cdn.com/cc7a6d36-98fa-49d7-bf3c-f02286a06992/0/xv_18_t.jpg,Video yang sedang banyak dibicarakan oleh komunitas saat ini.,iicuo238a,J85P3M
9xzl6u-bimbo-asia-dalam-gaun-merah-muda-membuat-ayam-meledak-hvbukdk696b,[9XZL6U] Bimbo Asia dalam gaun merah muda membuat ayam meledak,https://cdn.adidssd7.workers.dev/?id=thumb-cdn77.xvideos-cdn.com/cccc2f0e-8fa2-4894-884c-9ee97029554f/0/xv_3_t.jpg,Video yang sedang banyak dibicarakan oleh komunitas saat ini.,hvbukdk696b,9XZL6U
3awcfx-yui-kasuga-mendapat-penis-lezat-jauh-di-dalam-lubang-pantatnya-hhkahvh3d26,[3AWCFX] Yui Kasuga mendapat penis lezat jauh di dalam lubang pantatnya,https://cdn.adidssd7.workers.dev/?id=thumb-cdn77.xvideos-cdn.com/cd5881ab-37b1-4a25-a450-5bcae1d793b4/0/xv_9_t.jpg,Temukan koleksi video eksklusif terbaru hanya untuk Anda hari ini.,hhkahvh3d26,3AWCFX
a7prmc-cantik-sekali-ippitmh95e7,[A7PRMC] Cantik sekali,https://cdn.adidssd7.workers.dev/?id=thumb-cdn77.xvideos-cdn.com/ce2a3d1a-458c-43f9-b35a-a4ef8a143db9/0/xv_16_t.jpg,Konten terbaru yang sedang viral dan banyak dicari saat ini.,ippitmh95e7,A7PRMC
vaxhf9-seks-bertiga-anal-kasar-dengan-kanon-hanai-yang-ramping-duufoh2ece,[VAXHF9] Seks bertiga anal kasar dengan Kanon Hanai yang ramping,https://cdn.adidssd7.workers.dev/?id=thumb-cdn77.xvideos-cdn.com/ce3e0138-fad5-496d-8558-91c93362c9fd/0/xv_11_t.jpg,Tonton video berkualitas tinggi ini sekarang juga hanya di sini.,duufoh2ece,VAXHF9
8gyjl6-pelacur-dewasa-melahap-cotok-seperti-iblis-seks-iuthuiv9186,[8GYJL6] Pelacur dewasa melahap cotok seperti iblis seks,https://cdn.adidssd7.workers.dev/?id=thumb-cdn77.xvideos-cdn.com/cf6feec6-790f-4014-a3d2-6fc328188f6e/0/xv_28_t.jpg,Tonton video berkualitas tinggi ini sekarang juga hanya di sini.,iuthuiv9186,8GYJL6
xycbm8-ruri-houshou-jepang-hffhaiv3eea,[XYCBM8] Ruri Houshou Jepang,https://cdn.adidssd7.workers.dev/?id=thumb-cdn77.xvideos-cdn.com/cfdbf8bc-9bf0-4fee-81c8-19df71509931/0/xv_7_t.jpg,Temukan koleksi video eksklusif terbaru hanya untuk Anda hari ini.,hffhaiv3eea,XYCBM8
9fwq6c-pertemuan-mandi-sensual-akari-asagiri-menyalakan-hasrat-yang-penuh-gairah-opueicffdfd,[9FWQ6C] Pertemuan Mandi Sensual Akari Asagiri Menyalakan Hasrat yang Penuh Gairah,https://cdn.adidssd7.workers.dev/?id=thumb-cdn77.xvideos-cdn.com/d04ae7e4-c1d7-426a-881f-18c044faa838/5/xv_9_t.jpg,Nikmati momen terbaik dengan koleksi video trending kami.,opueicffdfd,9FWQ6C
x8ljg3-pelacur-jepang-yuka-sawakita-melakukan-seks-bertiga-antar-ras-liar-tanpa-sensor-iapomvfe58c,[X8LJG3] Pelacur Jepang Yuka Sawakita melakukan seks bertiga antar-ras liar tanpa sensor,https://cdn.adidssd7.workers.dev/?id=thumb-cdn77.xvideos-cdn.com/d0bb94f3-2c25-44f3-95c8-819a57b961b5/0/xv_2_t.jpg,Video pilihan kualitas terbaik yang kami kurasi khusus untuk pengalaman menonton Anda.,iapomvfe58c,X8LJG3
hrpela-blow-job-milf-asia-yang-menakjubkan-dari-yui-hatano-menyenangkan-penggemar-ouelepd0209,[HRPELA] Blow Job MILF Asia yang Menakjubkan dari Yui Hatano Menyenangkan Penggemar,https://cdn.adidssd7.workers.dev/?id=thumb-cdn77.xvideos-cdn.com/d17a522e-3d2c-45f6-afd4-5815387a5857/3/xv_23_t.jpg,Jangan lewatkan video menarik yang kami perbarui setiap harinya.,ouelepd0209,HRPELA
j3ta4x-cherry-inggris-tigerr-benson-ayam-hitam-iiffikh8bd4,[J3TA4X] Cherry Inggris & Tigerr Benson ayam hitam,https://cdn.adidssd7.workers.dev/?id=thumb-cdn77.xvideos-cdn.com/d31fa46e-d839-45c6-904f-0ffbfa57c6ce/0/xv_22_t.jpg,Konten terbaru yang sedang viral dan banyak dicari saat ini.,iiffikh8bd4,J3TA4X
v7pmud-petualangan-blowjob-jepang-kaori-maeda-yang-gerah-menghasilkan-aksi-kasar-yang-intens-opoaiouddd7,[V7PMUD] Petualangan Blowjob Jepang Kaori Maeda yang Gerah Menghasilkan Aksi Kasar yang Intens,https://cdn.adidssd7.workers.dev/?id=thumb-cdn77.xvideos-cdn.com/d358d241-ea92-46e9-9b8f-e519b5a11e3b/5/xv_17_t.jpg,Temukan koleksi video eksklusif terbaru hanya untuk Anda hari ini.,opoaiouddd7,V7PMUD
uhk6lz-hazuki-okita-mendapat-ayam-di-setiap-lubang-kremnya-eeoeuo4bf5,[UHK6LZ] Hazuki Okita mendapat ayam di setiap lubang kremnya,https://cdn.adidssd7.workers.dev/?id=thumb-cdn77.xvideos-cdn.com/d3831317-efad-4276-bc9e-68619bb5a319/0/xv_12_t.jpg,Koleksi lengkap video pilihan dengan durasi yang pas untuk Anda.,eeoeuo4bf5,UHK6LZ
f94xbe-xxxpawn---gadis-yang-kurang-beruntung-meminta-bantuan-kepada-pegadaian-hdpvtlk1764,[F94XBE] XXXPAWN - Gadis yang Kurang Beruntung Meminta Bantuan kepada Pegadaian,https://cdn.adidssd7.workers.dev/?id=thumb-cdn77.xvideos-cdn.com/d411bad7-ab8c-421f-b8c7-2e04309c9ce5/0/xv_9_t.jpg,Kami menyajikan konten paling populer yang wajib Anda tonton hari ini.,hdpvtlk1764,F94XBE
ne749y-memek-melengkung-nao-mizuki-dihancurkan-dalam-threesome-beruap-dengan-dua-pria-horny-oploauo8cfa,[NE749Y] Memek Melengkung Nao Mizuki Dihancurkan dalam Threesome Beruap dengan Dua Pria Horny!,https://cdn.adidssd7.workers.dev/?id=thumb-cdn77.xvideos-cdn.com/d65bade2-72ff-4ada-876a-6495a1bfafcc/5/xv_19_t.jpg,Koleksi lengkap video pilihan dengan durasi yang pas untuk Anda.,oploauo8cfa,NE749Y
atfug5-asia-milf-ngentot-pertama-kali-di-depan-kamera-utcbhpd36c1,[ATFUG5] Asia milf ngentot pertama kali di depan kamera,https://cdn.adidssd7.workers.dev/?id=thumb-cdn77.xvideos-cdn.com/d670122f-f0f2-4487-98bc-31e3cda79a73/0/xv_1_t.jpg,Kami menyajikan konten paling populer yang wajib Anda tonton hari ini.,utcbhpd36c1,ATFUG5
h9m3sp-ibu-milf-jepang-rambut-coklat-dewasa-membuat-vaginanya-yang-berbulu-diisi-oleh-anak-tirinya-otedlvv4aab,[H9M3SP] Ibu MILF Jepang Rambut coklat dewasa membuat vaginanya yang berbulu diisi oleh anak tirinya,https://cdn.adidssd7.workers.dev/?id=thumb-cdn77.xvideos-cdn.com/d740e3cb-5931-4b79-b53f-1bbc297e90e2/0/xv_17_t.jpg,Jangan lewatkan video menarik yang kami perbarui setiap harinya.,otedlvv4aab,H9M3SP
v4c8gu-tiga-gadis-nakal-adalah-pria-yang-sangat-beruntung-hvmdkib87d0,[V4C8GU] Tiga gadis nakal adalah pria yang sangat beruntung,https://cdn.adidssd7.workers.dev/?id=thumb-cdn77.xvideos-cdn.com/d8d6d981-523e-49e4-8ebc-e1e6899faa42/0/xv_29_t.jpg,Video pilihan kualitas terbaik yang kami kurasi khusus untuk pengalaman menonton Anda.,hvmdkib87d0,V4C8GU
rjebnv-cewek-jepang-slutty-airi-tachibana-melebarkan-kaki-untuk-pukulan-keras-ipmiblda573,[RJEBNV] Cewek Jepang Slutty Airi Tachibana melebarkan kaki untuk pukulan keras,https://cdn.adidssd7.workers.dev/?id=thumb-cdn77.xvideos-cdn.com/d99fc3e7-d8f3-4258-adba-89999376ff46/0/xv_26_t.jpg,Temukan berbagai kategori menarik dalam video pilihan kami.,ipmiblda573,RJEBNV
vnkpru-pelacur-asia-yang-lezat-membuat-tacco-berbulunya-diisi-dfdakm98fb,[VNKPRU] Pelacur Asia yang lezat membuat tacco berbulunya diisi,https://cdn.adidssd7.workers.dev/?id=thumb-cdn77.xvideos-cdn.com/d9ff57ab-1389-40df-afd5-6948a097e3ba/0/xv_27_t.jpg,Temukan berbagai kategori menarik dalam video pilihan kami.,dfdakm98fb,VNKPRU
huefzl-pelacur-mengerang-saat-dia-dipermainkan-oleh-orang-kulit-hitam-hokcbmf0f87,[HUEFZL] Pelacur mengerang saat dia dipermainkan oleh orang kulit hitam,https://cdn.adidssd7.workers.dev/?id=thumb-cdn77.xvideos-cdn.com/dba9714b-8c1f-4d54-b694-8c6b583e6b00/0/xv_4_t.jpg,Nikmati momen terbaik dengan koleksi video trending kami.,hokcbmf0f87,HUEFZL
jdnc9w-mai-nishida---mai-boy-1-hcdtpmm3e60,[JDNC9W] Mai Nishida --Mai Boy 1,https://cdn.adidssd7.workers.dev/?id=thumb-cdn77.xvideos-cdn.com/dbdf45e2-83da-4254-a12b-77d73de011dc/0/xv_28_t.jpg,Temukan berbagai kategori menarik dalam video pilihan kami.,hcdtpmm3e60,JDNC9W
n9a2zm-petualangan-porno-rumah-menakjubkan-ema-kato---blowjob-intens-hasil-akhir-creampie-yang-meledak-oppmmtp4a7c,[N9A2ZM] Petualangan Porno Rumah Menakjubkan Ema Kato - Blowjob Intens & Hasil Akhir Creampie yang Meledak!,https://cdn.adidssd7.workers.dev/?id=thumb-cdn77.xvideos-cdn.com/dbee52ce-e9dc-4b78-b1e0-fa4d960f80d3/5/xv_10_t.jpg,Video pilihan kualitas terbaik yang kami kurasi khusus untuk pengalaman menonton Anda.,oppmmtp4a7c,N9A2ZM
fn3j96-ibu-mertua-cantik-dari-rumahku-misono-takahashi-kvtpuood6e2,[FN3J96] Ibu mertua cantik dari rumahku Misono Takahashi,https://cdn.adidssd7.workers.dev/?id=thumb-cdn77.xvideos-cdn.com/dd592cb4-9998-4b81-9c6a-9b31147f55c4/0/xv_27_t.jpg,Video pilihan kualitas terbaik yang kami kurasi khusus untuk pengalaman menonton Anda.,kvtpuood6e2,FN3J96
bvcu96-petualangan-gangbang-liar-miu-tsukino-dengan-mainan-dan-aksi-kelompok-yang-penuh-gairah-oppdpfmd059,[BVCU96] Petualangan Gangbang Liar Miu Tsukino Dengan Mainan dan Aksi Kelompok yang Penuh Gairah,https://cdn.adidssd7.workers.dev/?id=thumb-cdn77.xvideos-cdn.com/dda59b79-bea1-45d4-8994-947db7f5c751/5/xv_13_t.jpg,Video yang sedang banyak dibicarakan oleh komunitas saat ini.,oppdpfmd059,BVCU96
zkmdvr-gadis-gadis-seksi-dan-seksi-bercinta-di-threesome-panas-haechph0a74,[ZKMDVR] Gadis-gadis seksi dan seksi bercinta di threesome panas,https://cdn.adidssd7.workers.dev/?id=thumb-cdn77.xvideos-cdn.com/dfc670db-5b30-4f9d-a9a3-36c87bb32917/0/xv_13_t.jpg,Tonton video berkualitas tinggi ini sekarang juga hanya di sini.,haechph0a74,ZKMDVR
ujxszy-tushy-gadis-muda-kaya-dihukum-dan-pantatnya-ternganga-hmuipcd545b,[UJXSZY] TUSHY Gadis muda kaya dihukum dan pantatnya ternganga,https://cdn.adidssd7.workers.dev/?id=thumb-cdn77.xvideos-cdn.com/dffeadef-f49b-4823-b41c-74cc7e7a6586/0/xv_24_t.jpg,Tonton video berkualitas tinggi ini sekarang juga hanya di sini.,hmuipcd545b,UJXSZY
ph9eus-rei-kitajima-dewasa-jepang-menyukainya-gaya-doggy-dan-tanpa-sensor-ifcbpkbb350,[PH9EUS] Rei Kitajima dewasa Jepang menyukainya gaya doggy dan tanpa sensor,https://cdn.adidssd7.workers.dev/?id=thumb-cdn77.xvideos-cdn.com/e0e56cb2-ed23-46cd-9b26-c5317789088d/0/xv_18_t.jpg,Konten terbaru yang sedang viral dan banyak dicari saat ini.,ifcbpkbb350,PH9EUS
3sexv9-orang-tua-sedang-memakan-vagina-remaja-berbulu-basah-itu-hodhklk7517,[3SEXV9] Orang tua sedang memakan vagina remaja berbulu basah itu,https://cdn.adidssd7.workers.dev/?id=thumb-cdn77.xvideos-cdn.com/e30da30c-771e-4443-8e29-15a920b83526/0/xv_13_t.jpg,Kami menyajikan konten paling populer yang wajib Anda tonton hari ini.,hodhklk7517,3SEXV9
4chm8z-adegan-jav-nakal-dengan-saya-tachibana-seksi-mendapat-creampiednya-dengan-menyenangkan-okicaaf599e,[4CHM8Z] Adegan JAV Nakal Dengan Saya Tachibana Seksi Mendapat Creampiednya dengan Menyenangkan,https://cdn.adidssd7.workers.dev/?id=thumb-cdn77.xvideos-cdn.com/e4264ca6-756c-41b7-8900-2412a34e39da/0/xv_28_t.jpg,Temukan berbagai kategori menarik dalam video pilihan kami.,okicaaf599e,4CHM8Z
p7uman-ibu-keluarga-telanjang-jepang-dan-putri-tiri-dalam-aksi-lesbian-otlkpkv489d,[P7UMAN] Ibu keluarga telanjang Jepang dan putri tiri dalam aksi lesbian,https://cdn.adidssd7.workers.dev/?id=thumb-cdn77.xvideos-cdn.com/e4f80e7c-ed2c-4e0b-95df-6efbc78d4bf3/0/xv_6_t.jpg,Nikmati momen terbaik dengan koleksi video trending kami.,otlkpkv489d,P7UMAN
zgwnar-wanita-kantoran-jepang-miina-minamoto-melakukan-hubungan-seks-tanpa-sensor-yang-tak-terlupakan-ophbptoeac0,[ZGWNAR] Wanita kantoran Jepang Miina Minamoto melakukan hubungan seks tanpa sensor yang tak terlupakan.,https://cdn.adidssd7.workers.dev/?id=thumb-cdn77.xvideos-cdn.com/e5ed815e-c288-446e-8aa4-8b3181fa5063/4/xv_15_t.jpg,Video yang sedang banyak dibicarakan oleh komunitas saat ini.,ophbptoeac0,ZGWNAR
bv6sa9-pelacur-asia-titty-manis-meniduri-pria-di-berempat-yang-panas-itkmkuo958a,[BV6SA9] Pelacur Asia titty manis meniduri pria di berempat yang panas,https://cdn.adidssd7.workers.dev/?id=thumb-cdn77.xvideos-cdn.com/e7826d17-8662-4933-8df2-b1bc233c557c/0/xv_30_t.jpg,Nikmati momen terbaik dengan koleksi video trending kami.,itkmkuo958a,BV6SA9
ep7yrz-kereta-wanita-menikah-lima-puluh-ibu-tersentuh-masami-nagaoka-uibmatv30e0,[EP7YRZ] Kereta Wanita Menikah-Lima Puluh Ibu Tersentuh-Masami Nagaoka,https://cdn.adidssd7.workers.dev/?id=thumb-cdn77.xvideos-cdn.com/e85b0991-d9d1-4ce2-adfd-0a166b4534ef/0/xv_12_t.jpg,Tonton video berkualitas tinggi ini sekarang juga hanya di sini.,uibmatv30e0,EP7YRZ
egfqxp-rei-kitajima-istri-seksi-adegan-porno-yang-luar-biasa-di-sofa---selengkapnya-di-javhd-net-iuvlaio4a7a,[EGFQXP] Rei Kitajima istri seksi adegan porno yang luar biasa di sofa - Selengkapnya di javhd.net,https://cdn.adidssd7.workers.dev/?id=thumb-cdn77.xvideos-cdn.com/e8757bd1-f2bb-4711-88e0-3246116489d4/0/xv_11_t.jpg,Video pilihan kualitas terbaik yang kami kurasi khusus untuk pengalaman menonton Anda.,iuvlaio4a7a,EGFQXP
rkayw3-ibu-rumah-tangga-jepang-miwa-nishiki-di-sebelahnya-memberikan-kepuasan-lisan-umvbckd9f6a,[RKAYW3] Ibu rumah tangga Jepang Miwa Nishiki di sebelahnya memberikan kepuasan lisan.,https://cdn.adidssd7.workers.dev/?id=thumb-cdn77.xvideos-cdn.com/e8cce35f-0422-4447-9309-b9e25c986cab/0/xv_19_t.jpg,Jangan lewatkan video menarik yang kami perbarui setiap harinya.,umvbckd9f6a,RKAYW3
3vne2t-kecantikan-liar-jepang-sakura-aida-memiliki-pengalaman-seks-yang-kasar-oplvlkub626,[3VNE2T] Kecantikan Liar Jepang Sakura Aida Memiliki Pengalaman Seks Yang Kasar,https://cdn.adidssd7.workers.dev/?id=thumb-cdn77.xvideos-cdn.com/e8ee36d7-01e1-44c2-85b8-68aa2ee5f020/5/xv_25_t.jpg,Kami menyajikan konten paling populer yang wajib Anda tonton hari ini.,oplvlkub626,3VNE2T
4qnl8h-akari-asagiri-menghasilkan-creampie-dari-sialan-yang-dalam-pppuut3daa,[4QNL8H] Akari Asagiri Menghasilkan Creampie Dari Sialan Yang Dalam,https://cdn.adidssd7.workers.dev/?id=thumb-cdn77.xvideos-cdn.com/e96a302e-bf00-4685-ba26-2c74fe843ad3/0/xv_12_t.jpg,Nikmati momen terbaik dengan koleksi video trending kami.,pppuut3daa,4QNL8H
sncjaf-perawat-shino-aoi-jepang-menikmati-seks-dengan-pasien-tanpa-sensor-upkpamf91ae,[SNCJAF] Perawat Shino Aoi Jepang menikmati seks dengan pasien tanpa sensor.,https://cdn.adidssd7.workers.dev/?id=thumb-cdn77.xvideos-cdn.com/eb86655d-dc69-4f36-bb02-fdfe9abfec8f/0/xv_11_t.jpg,Tonton video berkualitas tinggi ini sekarang juga hanya di sini.,upkpamf91ae,SNCJAF
kzsuhp-blacked---iconic-julio---yang-terbaik-dari-julio-gomez-uiiocfbd785,[KZSUHP] BLACKED - ICONIC JULIO - Yang Terbaik dari Julio Gomez,https://cdn.adidssd7.workers.dev/?id=thumb-cdn77.xvideos-cdn.com/ec1ad4fc-794a-476b-ba49-b3cabd2ad831/0/xv_22_t.jpg,Nikmati momen terbaik dengan koleksi video trending kami.,uiiocfbd785,KZSUHP
xpn4ga-gadis-remaja-ebony-creampied-ktibeuv358b,[XPN4GA] Gadis Remaja Ebony Creampied,https://cdn.adidssd7.workers.dev/?id=thumb-cdn77.xvideos-cdn.com/eebf7ada-38b2-43a6-9e5e-67fb4ac19249/0/xv_16_t.jpg,Koleksi lengkap video pilihan dengan durasi yang pas untuk Anda.,ktibeuv358b,XPN4GA
v2x57h-lexington-steele-vs-ptppu5a74,[V2X57H] Lexington Steele Vs. ,https://cdn.adidssd7.workers.dev/?id=thumb-cdn77.xvideos-cdn.com/ef7a99b3-42ed-4acb-bcf4-718ca13eec0a/0/xv_19_t.jpg,Temukan berbagai kategori menarik dalam video pilihan kami.,ptppu5a74,V2X57H
yvzl6b-istri-berdada-besar-ran-minami-melebarkan-kaki-dalam-adegan-nakal-hippipvbb7b,[YVZL6B] Istri berdada besar Ran Minami melebarkan kaki dalam adegan nakal,https://cdn.adidssd7.workers.dev/?id=thumb-cdn77.xvideos-cdn.com/f01877aa-f31d-4b50-84ae-da12e1fed9db/0/xv_3_t.jpg,Kami menyajikan konten paling populer yang wajib Anda tonton hari ini.,hippipvbb7b,YVZL6B
vy795w-ibu-rumah-tangga-yang-kesepian-eommtkd594,[VY795W] ibu rumah tangga yang kesepian,https://cdn.adidssd7.workers.dev/?id=thumb-cdn77.xvideos-cdn.com/f01b75ca-f869-4ca8-ae2a-ded070a91b7c/0/xv_30_t.jpg,Tonton video berkualitas tinggi ini sekarang juga hanya di sini.,eommtkd594,VY795W
mvcsew-waktu-pengumpulan-11-hatkfkf9c63,[MVCSEW] Waktu pengumpulan 11,https://cdn.adidssd7.workers.dev/?id=thumb-cdn77.xvideos-cdn.com/f0a6f782-6b8f-4bb7-908e-10de6b7921c3/0/xv_29_t.jpg,Temukan koleksi video eksklusif terbaru hanya untuk Anda hari ini.,hatkfkf9c63,MVCSEW
mnxurb-hitam---10-inci---yang-terbesar-dalam-game-uiofbod8d80,[MNXURB] HITAM - 10 INCI - Yang Terbesar dalam Game,https://cdn.adidssd7.workers.dev/?id=thumb-cdn77.xvideos-cdn.com/f17c6c0b-7def-4001-a29a-f2eb0e565942/0/xv_15_t.jpg,Temukan koleksi video eksklusif terbaru hanya untuk Anda hari ini.,uiofbod8d80,MNXURB
evg4qh-model-av-jepang-dengan-payudara-bagus-menjadi-liar-pada-penis-hitam-htpketfb891,[EVG4QH] Model AV Jepang dengan payudara bagus menjadi liar pada penis hitam,https://cdn.adidssd7.workers.dev/?id=thumb-cdn77.xvideos-cdn.com/f1b2df4c-9c27-45ee-a4d2-b487391448d3/0/xv_8_t.jpg,Koleksi lengkap video pilihan dengan durasi yang pas untuk Anda.,htpketfb891,EVG4QH
wxefm9-wanita-jepang-reon-otowa-mendapat-kacau-keras-tanpa-sensor-kbvvifh0366,[WXEFM9] Wanita Jepang Reon Otowa mendapat kacau keras tanpa sensor,https://cdn.adidssd7.workers.dev/?id=thumb-cdn77.xvideos-cdn.com/f3d0ec5f-63db-47fb-9392-8e17bc11f5e0/0/xv_27_t.jpg,Nikmati momen terbaik dengan koleksi video trending kami.,kbvvifh0366,WXEFM9
n5vuca-dengan-wajah-imut-1-kvpuhiv0da8,[N5VUCA] dengan wajah imut ~ 1,https://cdn.adidssd7.workers.dev/?id=thumb-cdn77.xvideos-cdn.com/f44714a5-7808-4045-ae7e-e757912a3c1b/0/xv_20_t.jpg,Temukan berbagai kategori menarik dalam video pilihan kami.,kvpuhiv0da8,N5VUCA
qsxuv9-creampie-dan-terus-sialan---remaja-jepang-melengkung-untuk-bercinta-di-porno-jav-tanpa-sensor-uekpccm6c55,[QSXUV9] Creampie dan terus Sialan - Remaja Jepang Melengkung untuk Bercinta di Porno JAV tanpa sensor,https://cdn.adidssd7.workers.dev/?id=thumb-cdn77.xvideos-cdn.com/f6706bcb-e759-46c2-ac7c-92c45395353b/0/xv_4_t.jpg,Temukan koleksi video eksklusif terbaru hanya untuk Anda hari ini.,uekpccm6c55,QSXUV9
he2p5z-kecantikan-asia-langsing-senang-dengan-pekerjaan-tiup-sensual-dan-keterampilan-menjilati-bola-opmdfttbdfa,[HE2P5Z] Kecantikan Asia Langsing Senang Dengan Pekerjaan Tiup Sensual dan Keterampilan Menjilati Bola,https://cdn.adidssd7.workers.dev/?id=thumb-cdn77.xvideos-cdn.com/f69b5b78-5144-4bcf-af61-5cde52c6a8a5/5/xv_16_t.jpg,Temukan berbagai kategori menarik dalam video pilihan kami.,opmdfttbdfa,HE2P5Z
taph2g-dua-pelacur-asia-nakal-disetubuhi-oleh-teman-teman-emobifc8a1,[TAPH2G] Dua pelacur Asia nakal disetubuhi oleh teman-teman,https://cdn.adidssd7.workers.dev/?id=thumb-cdn77.xvideos-cdn.com/f6a90bbb-305b-4f98-b093-2a017cdedb90/0/xv_17_t.jpg,Tonton video berkualitas tinggi ini sekarang juga hanya di sini.,emobifc8a1,TAPH2G
d5srng-wanita-jepang-misaki-yoshimura-mendapat-kacau-tanpa-sensor-kfotcmh788a,[D5SRNG] Wanita Jepang Misaki Yoshimura mendapat kacau tanpa sensor,https://cdn.adidssd7.workers.dev/?id=thumb-cdn77.xvideos-cdn.com/f7538f00-499f-4f8d-b2e1-d2d4d742f8a8/0/xv_7_t.jpg,Koleksi lengkap video pilihan dengan durasi yang pas untuk Anda.,kfotcmh788a,D5SRNG
8vkh6g-lucu-remaja-gadis-menikmati-kacau-keras-hbpeeef700d,[8VKH6G] Lucu Remaja Gadis Menikmati Kacau Keras,https://cdn.adidssd7.workers.dev/?id=thumb-cdn77.xvideos-cdn.com/f7a05ad8-2113-482a-9112-05d43412bbce/0/xv_25_t.jpg,Kami menyajikan konten paling populer yang wajib Anda tonton hari ini.,hbpeeef700d,8VKH6G
gb7dch-gadis-jepang-tubasa-mengerang-saat-berhubungan-seks-tanpa-sensor-ukvlhcd606d,[GB7DCH] Gadis Jepang Tubasa mengerang saat berhubungan seks tanpa sensor,https://cdn.adidssd7.workers.dev/?id=thumb-cdn77.xvideos-cdn.com/f7d3b2a1-2570-440f-998f-dd9cb5896229/0/xv_12_t.jpg,Temukan berbagai kategori menarik dalam video pilihan kami.,ukvlhcd606d,GB7DCH
urk2de-istri-selingkuh-yang-kotor-membuat-vaginanya-dimakan-oleh-pria-itu-hauukch6f7c,[URK2DE] Istri selingkuh yang kotor membuat vaginanya dimakan oleh pria itu,https://cdn.adidssd7.workers.dev/?id=thumb-cdn77.xvideos-cdn.com/f88f2628-871a-4358-8498-9fc608eaf7e4/0/xv_22_t.jpg,Jangan lewatkan video menarik yang kami perbarui setiap harinya.,hauukch6f7c,URK2DE
tshymq-rei-kitajima-yang-berdada-memberikan-ayam-dalam-adegan-grup-yang-luar-biasa---lebih-lanjut-di-javhd-net-ipfpack26d8,[TSHYMQ] Rei Kitajima yang berdada memberikan ayam dalam adegan grup yang luar biasa - Lebih lanjut di javhd.net,https://cdn.adidssd7.workers.dev/?id=thumb-cdn77.xvideos-cdn.com/f90635f6-d643-4574-818b-11528895f40a/0/xv_18_t.jpg,Koleksi lengkap video pilihan dengan durasi yang pas untuk Anda.,ipfpack26d8,TSHYMQ
frbqd4-akemi-49-yang-sudah-lebih-dari-satu-dekade-tidak-berhubungan-seks-siap-melepaskan-rasa-frustrasinya-uttvlpke119,[FRBQD4] Akemi 49 yang sudah lebih dari satu dekade tidak berhubungan seks siap melepaskan rasa frustrasinya. ,https://cdn.adidssd7.workers.dev/?id=thumb-cdn77.xvideos-cdn.com/fac4431e-59e6-45cd-8cdf-9d61f07a96b8/0/xv_24_t.jpg,Video yang sedang banyak dibicarakan oleh komunitas saat ini.,uttvlpke119,FRBQD4
5ql8z4-buah-dada-milf-kyouko-maki-mendapat-fucked-dalam-tegar-etdkoff711,[5QL8Z4] Buah dada milf Kyouko Maki mendapat fucked dalam tegar,https://cdn.adidssd7.workers.dev/?id=thumb-cdn77.xvideos-cdn.com/fc5c3222-947e-40ca-8f82-5f4799b3bebf/0/xv_12_t.jpg,Koleksi lengkap video pilihan dengan durasi yang pas untuk Anda.,etdkoff711,5QL8Z4
8xuel7-porno-jepang-rumah-intens-menampilkan-blowjob-dan-creampie-eksplosif-ema-kato-seksi-opolbot5fae,[8XUEL7] Porno Jepang Rumah Intens Menampilkan Blowjob dan Creampie Eksplosif Ema Kato Seksi,https://cdn.adidssd7.workers.dev/?id=thumb-cdn77.xvideos-cdn.com/fc745c90-5a6f-415e-bc9f-b213c7e24344/5/xv_5_t.jpg,Konten terbaru yang sedang viral dan banyak dicari saat ini.,opolbot5fae,8XUEL7
w6f7yh-persetan-hkempmb7da7,[W6F7YH] Persetan,https://cdn.adidssd7.workers.dev/?id=thumb-cdn77.xvideos-cdn.com/fcd192df-6f7f-491b-a639-b0f99ca73a78/0/xv_27_t.jpg,Tonton video berkualitas tinggi ini sekarang juga hanya di sini.,hkempmb7da7,W6F7YH
rkmlhx-reon-otowa-yang-memikat-mengetahui-hal-hal-menakjubkan-dengan-mulutnya---selengkapnya-di-javhd-net-ikmlilkeb25,[RKMLHX] Reon Otowa yang memikat mengetahui hal-hal menakjubkan dengan mulutnya - Selengkapnya di javhd.net,https://cdn.adidssd7.workers.dev/?id=thumb-cdn77.xvideos-cdn.com/fcf4cf32-9eba-439e-96af-68ad7e51eab9/0/xv_8_t.jpg,Konten terbaru yang sedang viral dan banyak dicari saat ini.,ikmlilkeb25,RKMLHX
g4eu9x-jiwa-aktris-wanita-iblis-setengah-jerapah-dengan-tipu-muslihat-2-ivaaalmb928,[G4EU9X] Jiwa aktris ~ Wanita iblis setengah jerapah dengan tipu muslihat ~ 2,https://cdn.adidssd7.workers.dev/?id=thumb-cdn77.xvideos-cdn.com/fd74871f-7cd9-4ed3-83b8-11fd0523ff3c/0/xv_26_t.jpg,Koleksi lengkap video pilihan dengan durasi yang pas untuk Anda.,ivaaalmb928,G4EU9X
3u9rg2-saya-ejakulasi-5-kali-dengan-porno-ini-hahldmm7915,[3U9RG2] Saya ejakulasi 5 kali dengan porno ini. ,https://cdn.adidssd7.workers.dev/?id=thumb-cdn77.xvideos-cdn.com/fdbb7ff1-7158-4130-b88e-3870ed4f7985/0/xv_6_t.jpg,Konten terbaru yang sedang viral dan banyak dicari saat ini.,hahldmm7915,3U9RG2
8j6rl4-gerah-jepang-milf-takjub-dengan-momen-blowjob-lezatnya-oioubhbae0c,[8J6RL4] Gerah Jepang MILF Takjub dengan Momen Blowjob Lezatnya,https://cdn.adidssd7.workers.dev/?id=thumb-cdn77.xvideos-cdn.com/fde8ae3d-40a6-4b90-8550-b56146c91ae6/0/xv_21_t.jpg,Konten terbaru yang sedang viral dan banyak dicari saat ini.,oioubhbae0c,8J6RL4
j5hdmx-sayang-jepang-tomoka-sakurai-menyemprotkan-tanpa-sensor-kkakvmbc111,[J5HDMX] Sayang Jepang Tomoka Sakurai menyemprotkan tanpa sensor,https://cdn.adidssd7.workers.dev/?id=thumb-cdn77.xvideos-cdn.com/fe3ae526-be5b-4add-abb5-8f44d2f139da/0/xv_11_t.jpg,Video yang sedang banyak dibicarakan oleh komunitas saat ini.,kkakvmbc111,J5HDMX
z649c7-sayang-kurus-membungkuk-dan-mengebor-keras-dari-belakang-oflcbccd41,[Z649C7] Sayang kurus membungkuk dan mengebor keras dari belakang,https://cdn.adidssd7.workers.dev/?id=thumb-cdn77.xvideos-cdn.com/fe41b3b4-6c06-4c50-8a2b-49ccdf5eded1/0/xv_20_t.jpg,Koleksi lengkap video pilihan dengan durasi yang pas untuk Anda.,oflcbccd41,Z649C7
tmrguj-x-6986575-ayako-satonaka-milf-mengundang-di-pantat-hbfecdb8db1,[TMRGUJ] x 6986575 ayako satonaka milf mengundang di pantat,https://cdn.adidssd7.workers.dev/?id=thumb-cdn77.xvideos-cdn.com/ff02bf84-e51e-42d6-9b74-d75ad72a047a/0/xv_14_t.jpg,Temukan koleksi video eksklusif terbaru hanya untuk Anda hari ini.,hbfecdb8db1,TMRGUJ
8zcrvx-cfnm-jepang-milf-dibor-di-pantat-ketat-bbbvam46cc,[8ZCRVX] CFNM Jepang milf dibor di pantat ketat,https://cdn.adidssd7.workers.dev/?id=thumb-cdn77.xvideos-cdn.com/ff05bc71-911f-4a53-b0c8-e3ba61e27b5e/0/xv_27_t.jpg,Konten terbaru yang sedang viral dan banyak dicari saat ini.,bbbvam46cc,8ZCRVX
msr57k-kecantikan-asia-suka-membawa-ayam-jauh-di-dalam-video-semaknya-hbflulvb961,[MSR57K] Kecantikan Asia Suka Membawa Ayam Jauh Di Dalam Video Semaknya,https://cdn.adidssd7.workers.dev/?id=thumb-cdn77.xvideos-cdn.com/ffe8b047-7b41-46ba-9b9d-8043611dc702/0/xv_24_t.jpg,Kami menyajikan konten paling populer yang wajib Anda tonton hari ini.,hbflulvb961,MSR57K
wjb3fe-godaan-ibu-mertua-maiko-kashiwagi-yang-bertubuh-penuh---gratis1-kfkbekv4858,[WJB3FE] Godaan ibu mertua Maiko Kashiwagi yang bertubuh penuh - Gratis1,https://cdn.adidssd7.workers.dev/?id=thumbs-gcore.xvideos-cdn.com/0579e3b4-4171-4a8c-a2e2-f3412aa80ec4/0/xv_24_t.jpg,Tonton video berkualitas tinggi ini sekarang juga hanya di sini.,kfkbekv4858,WJB3FE
4qzjyt-gilf-leilani-mengambil-bbc-rome-mayor-dan-pipa-hitam-hfkmpfo797e,[4QZJYT] gilf leilani mengambil bbc rome mayor dan pipa hitam,https://cdn.adidssd7.workers.dev/?id=thumbs-gcore.xvideos-cdn.com/146ec1cd-6b9b-46b2-8f34-1250fadc38fc/0/xv_28_t.jpg,Konten terbaru yang sedang viral dan banyak dicari saat ini.,hfkmpfo797e,4QZJYT
evzarj-kaori-akitsu-menyebalkan-ayam-dan-bercinta-sampai-kelelahan-hkilcpva2d1,[EVZARJ] Kaori Akitsu menyebalkan ayam dan bercinta sampai kelelahan,https://cdn.adidssd7.workers.dev/?id=thumbs-gcore.xvideos-cdn.com/1658a568-e734-4d8d-9d63-76d3b549ee0b/0/xv_24_t.jpg,Tonton video berkualitas tinggi ini sekarang juga hanya di sini.,hkilcpva2d1,EVZARJ
qx36fd-naho-hadsuki-busty-jepang-kacau-dengan-cara-yang-buruk-bitlid8c58,[QX36FD] Naho Hadsuki busty Jepang kacau dengan cara yang buruk,https://cdn.adidssd7.workers.dev/?id=thumbs-gcore.xvideos-cdn.com/17fd2b38-48b9-4f8a-bd19-9d48c3b79e54/0/xv_1_t.jpg,Temukan koleksi video eksklusif terbaru hanya untuk Anda hari ini.,bitlid8c58,QX36FD
jg8zrd-gadis-asia-payudara-besar-mendapat-hcdvvho11cf,[JG8ZRD] gadis asia payudara besar mendapat,https://cdn.adidssd7.workers.dev/?id=thumbs-gcore.xvideos-cdn.com/31468019-e406-48f6-99f7-721ab1f37bcb/0/xv_9_t.jpg,Temukan berbagai kategori menarik dalam video pilihan kami.,hcdvvho11cf,JG8ZRD
r3cpvg-brunette-berdada-besar-dan-bersih-dirusak-dengan-hot-rod-iiohcbv15f7,[R3CPVG] Brunette berdada besar dan bersih dirusak dengan hot rod,https://cdn.adidssd7.workers.dev/?id=thumbs-gcore.xvideos-cdn.com/42f57cd1-ad3e-41c3-9ce7-22bc4f3f4632/0/xv_30_t.jpg,Video pilihan kualitas terbaik yang kami kurasi khusus untuk pengalaman menonton Anda.,iiohcbv15f7,R3CPVG
qn6wua-pelacur-asia-yang-manis-mengendarai-kesalahan-bodoh-yang-gemuk-lbputd84d5,[QN6WUA] Pelacur Asia yang manis mengendarai kesalahan bodoh yang gemuk,https://cdn.adidssd7.workers.dev/?id=thumbs-gcore.xvideos-cdn.com/4a5c3aa7-287d-46aa-a4a9-b401e8dd0ab4/0/xv_26_t.jpg,Temukan koleksi video eksklusif terbaru hanya untuk Anda hari ini.,lbputd84d5,QN6WUA
lf28rp-pelacur-asia-kashii-membuat-vaginanya-yang-basah-dimusnahkan-hkeitib5a6f,[LF28RP] Pelacur Asia Kashii membuat vaginanya yang basah dimusnahkan,https://cdn.adidssd7.workers.dev/?id=thumbs-gcore.xvideos-cdn.com/59539df5-0cc9-42ba-be1c-2d673474ecef/0/xv_17_t.jpg,Nikmati momen terbaik dengan koleksi video trending kami.,hkeitib5a6f,LF28RP
9zlnts-bandit-vagina-menghisap-dan-memakan-vagina-basah-itu-hbuodmmc4e2,[9ZLNTS] Bandit vagina menghisap dan memakan vagina basah itu,https://cdn.adidssd7.workers.dev/?id=thumbs-gcore.xvideos-cdn.com/5e7c880a-3708-4b1d-864a-c6d8981b3f3c/0/xv_3_t.jpg,Koleksi lengkap video pilihan dengan durasi yang pas untuk Anda.,hbuodmmc4e2,9ZLNTS
fweba4-istri-selingkuh-satomi-suzuki-menghisap-penis-di-samping-suaminya-uehhiive069,[FWEBA4] Istri Selingkuh Satomi Suzuki Menghisap Penis Di Samping Suaminya,https://cdn.adidssd7.workers.dev/?id=thumbs-gcore.xvideos-cdn.com/63bcc800-e520-4323-b5fc-b70fed1eb264/0/xv_5_t.jpg,Temukan berbagai kategori menarik dalam video pilihan kami.,uehhiive069,FWEBA4
a2npbx-brunette-asia-mengendarai-ayam-keras-dan-dia-cums-kuat-huhluck4015,[A2NPBX] Brunette Asia mengendarai ayam keras dan dia cums kuat,https://cdn.adidssd7.workers.dev/?id=thumbs-gcore.xvideos-cdn.com/75dd3c62-74d4-49da-b1a0-19b099dc9ea3/0/xv_21_t.jpg,Video yang sedang banyak dibicarakan oleh komunitas saat ini.,huhluck4015,A2NPBX
cun5at-kencan-romantis-mirei-yokoyama-berakhir-dengan-bercinta---selengkapnya-di-japanesemamas-com-ivhfilf9aa2,[CUN5AT] Kencan romantis Mirei Yokoyama berakhir dengan bercinta - Selengkapnya di Japanesemamas com,https://cdn.adidssd7.workers.dev/?id=thumbs-gcore.xvideos-cdn.com/7ebfb87d-7043-4b76-86b7-4b1924adb52d/0/xv_10_t.jpg,Video pilihan kualitas terbaik yang kami kurasi khusus untuk pengalaman menonton Anda.,ivhfilf9aa2,CUN5AT
6tkze9-nozomi-hazuki-mengerang-keras-saat-bercinta-dalam-pornografi-berat---selengkapnya-di-javhd-net-hvaioub66f5,[6TKZE9] Nozomi Hazuki mengerang keras saat bercinta dalam pornografi berat - Selengkapnya di Javhd.net,https://cdn.adidssd7.workers.dev/?id=thumbs-gcore.xvideos-cdn.com/7f46e59c-1f2b-4a72-879f-f5688a34f241/0/xv_3_t.jpg,Temukan koleksi video eksklusif terbaru hanya untuk Anda hari ini.,hvaioub66f5,6TKZE9
9djl5b-pembantu-jepang-kotomi-asakura-mendapat-kacau-tanpa-sensor-klkmkhd6bf6,[9DJL5B] Pembantu Jepang Kotomi Asakura mendapat kacau tanpa sensor,https://cdn.adidssd7.workers.dev/?id=thumbs-gcore.xvideos-cdn.com/82022af1-b139-4cc1-9312-a913a89bf884/0/xv_6_t.jpg,Video pilihan kualitas terbaik yang kami kurasi khusus untuk pengalaman menonton Anda.,klkmkhd6bf6,9DJL5B
lsatdz-rui-natsukawa-vagina-yang-dipangkas-dengan-jari-kacau-terisi-kccvko73b0,[LSATDZ] Rui Natsukawa vagina yang dipangkas dengan jari kacau terisi,https://cdn.adidssd7.workers.dev/?id=thumbs-gcore.xvideos-cdn.com/8c76dc0a-c6d4-48ac-8415-10ff0dbb062c/0/xv_15_t.jpg,Video yang sedang banyak dibicarakan oleh komunitas saat ini.,kccvko73b0,LSATDZ
zaf5bx-blacked---emas---kompilasi-pirang-teratas-uitbkuk0a9b,[ZAF5BX] BLACKED - EMAS - Kompilasi Pirang Teratas,https://cdn.adidssd7.workers.dev/?id=thumbs-gcore.xvideos-cdn.com/8fa04b15-0725-490c-a5e1-0313d111408f/0/xv_27_t.jpg,Jangan lewatkan video menarik yang kami perbarui setiap harinya.,uitbkuk0a9b,ZAF5BX
4e2gmw-sabrine-maui---beberapa-menyukainya-hitam-bpmkm0b09,[4E2GMW] Sabrine Maui - Beberapa Menyukainya Hitam,https://cdn.adidssd7.workers.dev/?id=thumbs-gcore.xvideos-cdn.com/913f8a2b-a847-4482-90d0-b5b6fca82bcf/0/xv_1_t.jpg,Konten terbaru yang sedang viral dan banyak dicari saat ini.,bpmkm0b09,4E2GMW
zxh8yl-video-berharga-dari-staf-balai-kota-kelas-idola-dirilis-uhupfvof8eb,[ZXH8YL] Video berharga dari staf balai kota kelas idola dirilis. ,https://cdn.adidssd7.workers.dev/?id=thumbs-gcore.xvideos-cdn.com/92dd0f87-e992-44f8-afd5-ec97ffca1452/0/xv_2_t.jpg,Nikmati momen terbaik dengan koleksi video trending kami.,uhupfvof8eb,ZXH8YL
pm8gfl-yui-hatano-sangat-membutuhkan-ayam-di-dalam-vaginanya-yang-berbulu-hililpdf542,[PM8GFL] Yui Hatano sangat membutuhkan ayam di dalam vaginanya yang berbulu,https://cdn.adidssd7.workers.dev/?id=thumbs-gcore.xvideos-cdn.com/9529658a-dac9-4e20-ac2b-f62f046641c9/0/xv_25_t.jpg,Jangan lewatkan video menarik yang kami perbarui setiap harinya.,hililpdf542,PM8GFL
qvec4r-bocah-asia-dimakan-dengan-keterampilan-hpolcel5874,[QVEC4R] Bocah Asia dimakan dengan keterampilan,https://cdn.adidssd7.workers.dev/?id=thumbs-gcore.xvideos-cdn.com/9a1b2827-8049-4670-82ab-535c2241a38e/0/xv_9_t.jpg,Video yang sedang banyak dibicarakan oleh komunitas saat ini.,hpolcel5874,QVEC4R
qechxf-wanita-kantor-jepang-tubasa-menyebalkan-penis-tanpa-sensor-uklpolk4d03,[QECHXF] Wanita kantor Jepang Tubasa menyebalkan penis tanpa sensor,https://cdn.adidssd7.workers.dev/?id=thumbs-gcore.xvideos-cdn.com/9f70e335-e91e-4573-8f2b-97f4f6c14276/0/xv_21_t.jpg,Konten terbaru yang sedang viral dan banyak dicari saat ini.,uklpolk4d03,QECHXF
p4bqdn-ibu-rumah-tangga-jepang-yang-cantik-suka-vaginanya-yang-berbulu-bertulang-keras-vkituk4257,[P4BQDN] Ibu rumah tangga Jepang yang cantik suka vaginanya yang berbulu bertulang keras,https://cdn.adidssd7.workers.dev/?id=thumbs-gcore.xvideos-cdn.com/b170827f-b773-472d-a020-503572b5e812/0/xv_17_t.jpg,Konten terbaru yang sedang viral dan banyak dicari saat ini.,vkituk4257,P4BQDN
qkde74-harus-melihat-pussy-jepang-yang-dicukur-uielmff39ef,[QKDE74] HARUS MELIHAT PUSSY JEPANG YANG DICUKUR! ,https://cdn.adidssd7.workers.dev/?id=thumbs-gcore.xvideos-cdn.com/bb2d4828-79bb-42d3-9aea-6d58f1dfb3ca/0/xv_12_t.jpg,Video pilihan kualitas terbaik yang kami kurasi khusus untuk pengalaman menonton Anda.,uielmff39ef,QKDE74
w2jk54-pekerja-logam-meniduri-pelacur-kecanduan-seks-hpucmti467f,[W2JK54] Pekerja logam meniduri pelacur kecanduan seks,https://cdn.adidssd7.workers.dev/?id=thumbs-gcore.xvideos-cdn.com/be81d2f0-2411-4352-8331-e8ad80b523ed/0/xv_13_t.jpg,Nikmati momen terbaik dengan koleksi video trending kami.,hpucmti467f,W2JK54
6c28vy-3935491-hq-hdpkmmh3344,[6C28VY] 3935491 hq,https://cdn.adidssd7.workers.dev/?id=thumbs-gcore.xvideos-cdn.com/c1128d8a-0823-405a-9fec-591c09ad06ba/0/xv_14_t.jpg,Temukan koleksi video eksklusif terbaru hanya untuk Anda hari ini.,hdpkmmh3344,6C28VY
28tnuf-brunette-jepangjun-kusanagi-dan-yuri-aine-telanjang-di-ruang-tamu-tanpa-sensor-otelhdv313d,[28TNUF] Brunette JepangJun Kusanagi dan Yuri Aine telanjang di ruang tamu tanpa sensor.,https://cdn.adidssd7.workers.dev/?id=thumbs-gcore.xvideos-cdn.com/ca039157-0f6c-49b1-96ad-753bc7cef764/0/xv_6_t.jpg,Video pilihan kualitas terbaik yang kami kurasi khusus untuk pengalaman menonton Anda.,otelhdv313d,28TNUF
n2ed7y-remaja-yang-luar-biasa-lucu-meniduri-dan-meledakkan-suaminya-di-kamar-mandi-hatovvo8925,[N2ED7Y] Remaja yang luar biasa lucu meniduri dan meledakkan suaminya di kamar mandi,https://cdn.adidssd7.workers.dev/?id=thumbs-gcore.xvideos-cdn.com/cdb27884-d0ef-48c3-a806-141b7f059543/0/xv_28_t.jpg,Temukan koleksi video eksklusif terbaru hanya untuk Anda hari ini.,hatovvo8925,N2ED7Y
ka6gwf-magang-horny-pingsan-tidak-bisa-berhenti-di-sekitar-bbc-itaoliv24d6,[KA6GWF] Magang Horny Pingsan Tidak Bisa Berhenti Di Sekitar BBC,https://cdn.adidssd7.workers.dev/?id=thumbs-gcore.xvideos-cdn.com/d514b348-7701-45c7-afc5-13bd66960a1c/0/xv_28_t.jpg,Koleksi lengkap video pilihan dengan durasi yang pas untuk Anda.,itaoliv24d6,KA6GWF
3y9k4a-jepang-milf-stoking-sialan-dedblh3a31,[3Y9K4A] Jepang MILF stoking sialan,https://cdn.adidssd7.workers.dev/?id=thumbs-gcore.xvideos-cdn.com/de3d9e7d-6738-439d-ad67-a63956f506b0/0/xv_3_t.jpg,Tonton video berkualitas tinggi ini sekarang juga hanya di sini.,dedblh3a31,3Y9K4A
yz42gu-milf-asia-sempurna-yui-hatano-memberikan-pengalaman-blowjob-yang-menakjubkan-oubfbhb64dc,[YZ42GU] MILF Asia Sempurna Yui Hatano Memberikan Pengalaman Blowjob yang Menakjubkan,https://cdn.adidssd7.workers.dev/?id=thumbs-gcore.xvideos-cdn.com/e9cd97bd-afc2-4ea2-b41f-ad0b76ea7bce/3/xv_11_t.jpg,Temukan berbagai kategori menarik dalam video pilihan kami.,oubfbhb64dc,YZ42GU
brw4a9-tetangga-nakal-biarkan-aku-bercinta-rekam-kami-berhubungan-seks-di-luar-khdakuv144a,[BRW4A9] Tetangga nakal Biarkan aku bercinta & Rekam Kami berhubungan seks di luar,https://cdn.adidssd7.workers.dev/?id=thumbs-gcore.xvideos-cdn.com/edfac317-d27b-454b-b4d0-ad7d4901fe9c/0/xv_28_t.jpg,Kami menyajikan konten paling populer yang wajib Anda tonton hari ini.,khdakuv144a,BRW4A9
8hq5dj-pertemuan-intens-reika-kashiwakura-dengan-ayam-pria-tua-opuaabtc262,[8HQ5DJ] Pertemuan Intens Reika Kashiwakura Dengan Ayam Pria Tua,https://cdn.adidssd7.workers.dev/?id=thumbs-gcore.xvideos-cdn.com/f00bcf4a-1d59-4a86-8c1c-23feb0b3e097/5/xv_26_t.jpg,Temukan koleksi video eksklusif terbaru hanya untuk Anda hari ini.,opuaabtc262,8HQ5DJ
vh7nl8-boneka-asia-liar-sakura-aidas-blowjob-beruap-menyenangkan-penggemar-porno-jepang-oiduipbe5da,[VH7NL8] Boneka Asia Liar Sakura Aidas Blowjob Beruap Menyenangkan Penggemar Porno Jepang,https://cdn.adidssd7.workers.dev/?id=thumbs-gcore.xvideos-cdn.com/f9c683e1-6081-413f-8042-f0035bd6bfb3/0/xv_26_t.jpg,Konten terbaru yang sedang viral dan banyak dicari saat ini.,oiduipbe5da,VH7NL8
h7tzwj-seks-hardcore-yang-hebat-dengan-sara-seori-yang-luar-biasa-hckdubofea3,[H7TZWJ] Seks hardcore yang hebat dengan Sara Seori yang luar biasa,https://cdn.adidssd7.workers.dev/?id=thumbs-gcore.xvideos-cdn.com/ff1f3726-9a06-447c-a359-8a8bdeabcc5d/0/xv_21_t.jpg,Nikmati momen terbaik dengan koleksi video trending kami.,hckdubofea3,H7TZWJ
6mu8c9-gadis-asia-903-utbdmhf7bbe,[6MU8C9] gadis asia 903,https://cdn.adidssd7.workers.dev/?id=thumbs-gcore.xvideos-cdn.com/b8b890a1-0417-450e-8606-52b7241f17b7/0/xv_18_t.jpg,Video pilihan kualitas terbaik yang kami kurasi khusus untuk pengalaman menonton Anda.,utbdmhf7bbe,6MU8C9
ykv5ja-seorang-wanita-cantik-ortodoks-yang-bersekolah-di-sekolah-swasta-untuk-wanita-muda-uhevlho1409,[YKV5JA] Seorang wanita cantik ortodoks yang bersekolah di sekolah swasta untuk wanita muda.,https://cdn.adidssd7.workers.dev/?id=thumb-cdn77.xvideos-cdn.com/42984571-b224-4aaa-9381-ae072fd5df6e/0/xv_24_t.jpg,Nikmati momen terbaik dengan koleksi video trending kami.,uhevlho1409,YKV5JA
xrn3j7-gadis-asia-uhouelv7d0b,[XRN3J7] gadis Asia,https://cdn.adidssd7.workers.dev/?id=thumb-cdn77.xvideos-cdn.com/ae433483-4a2c-467c-b841-9b0a2525a9c2/0/xv_12_t.jpg,Temukan koleksi video eksklusif terbaru hanya untuk Anda hari ini.,uhouelv7d0b,XRN3J7
46zxu3-gadis-asia-1299-uhmhclb445b,[46ZXU3] gadis asia 1299,https://cdn.adidssd7.workers.dev/?id=thumb-cdn77.xvideos-cdn.com/853488e7-de0e-4ee5-ae6f-0180f135f80e/0/xv_24_t.jpg,Temukan koleksi video eksklusif terbaru hanya untuk Anda hari ini.,uhmhclb445b,46ZXU3
76y52r-wanita-yang-dalam-dan-rapi-diganggu-berkali-kali-seolah-mengisi-kesepiannya-creampie-kepada-wanita-cantik-yang-kesakitan-mencapai-klimaks-uhviidvde4e,[76Y52R] Wanita yang dalam dan rapi diganggu berkali-kali seolah mengisi kesepiannya... Creampie kepada wanita cantik yang kesakitan mencapai klimaks! ,https://cdn.adidssd7.workers.dev/?id=thumb-cdn77.xvideos-cdn.com/9799742c-2deb-4b95-9dbe-1663797484c6/0/xv_25_t.jpg,Koleksi lengkap video pilihan dengan durasi yang pas untuk Anda.,uhviidvde4e,76Y52R
jufblt-seorang-siswi-berdada-yang-ingin-tahu-tentang-saya-saya-berjanji-tetapi-saya-tidak-tahan-dan-melakukan-suntikan-cum-vagina-uhulkcfc079,[JUFBLT] Seorang siswi berdada yang ingin tahu tentang saya ... Saya berjanji tetapi saya tidak tahan dan melakukan suntikan cum vagina! ,https://cdn.adidssd7.workers.dev/?id=thumb-cdn77.xvideos-cdn.com/51f63b91-898b-4f2b-9b6b-bce4d0e0e8e7/0/xv_23_t.jpg,Temukan koleksi video eksklusif terbaru hanya untuk Anda hari ini.,uhulkcfc079,JUFBLT
wtxdfz-dua-orang-amatir-asia-senang-dengan-alatnya-ibdoafo0f05,[WTXDFZ] Dua orang amatir Asia senang dengan alatnya,https://cdn.adidssd7.workers.dev/?id=thumb-cdn77.xvideos-cdn.com/6705e07a-d543-49d4-bb16-afbde8212a50/0/xv_7_t.jpg,Temukan koleksi video eksklusif terbaru hanya untuk Anda hari ini.,ibdoafo0f05,WTXDFZ
x68ebc-anda-tidak-boleh-melewatkan-raut-wajah-seorang-gadis-yang-belum-pernah-mengalami-orgasme-ketika-dia-dibuat-orgasme-oleh-seekor-ayam-untuk-pertama-kali-dalam-hidupnya-uhovcbob104,[X68EBC] Anda tidak boleh melewatkan raut wajah seorang gadis yang belum pernah mengalami orgasme ketika dia dibuat orgasme oleh seekor ayam untuk pertama kali dalam hidupnya.,https://cdn.adidssd7.workers.dev/?id=thumb-cdn77.xvideos-cdn.com/f856b087-a5a6-4f3c-9a94-28bdbc8b6068/0/xv_10_t.jpg,Temukan koleksi video eksklusif terbaru hanya untuk Anda hari ini.,uhovcbob104,X68EBC
shurm8-https-bit-ly-3hn1bko-istri-istri-berpayudara-besar-di-lingkungan-sekitar-yang-tiba-tiba-bercerai-dan-menjadi-ayah-tunggal-dan-merasa-kasihan-padaku-akan-membantu-pekerjaan-rumah-uhkoktv5c88,[SHURM8] https://bit.ly/3hN1bkO Istri-istri berpayudara besar di lingkungan sekitar yang tiba-tiba bercerai dan menjadi ayah tunggal dan merasa kasihan padaku akan membantu pekerjaan rumah! ,https://cdn.adidssd7.workers.dev/?id=thumb-cdn77.xvideos-cdn.com/e84e335a-d126-4f32-9562-44cf7a20c733/0/xv_22_t.jpg,Koleksi lengkap video pilihan dengan durasi yang pas untuk Anda.,uhkoktv5c88,SHURM8
x4tlzq-aku-suka-sensasi-vagina-asia-utctdmob936,[X4TLZQ] Aku suka sensasi vagina Asia,https://cdn.adidssd7.workers.dev/?id=thumb-cdn77.xvideos-cdn.com/287c0970-472a-432c-afa5-a23eeaae4b86/0/xv_26_t.jpg,Nikmati momen terbaik dengan koleksi video trending kami.,utctdmob936,X4TLZQ
2xtvju-video-berharga-dari-staf-balai-kota-kelas-idola-dirilis-uhumtak3b62,[2XTVJU] Video berharga dari staf balai kota kelas idola dirilis. ,https://cdn.adidssd7.workers.dev/?id=thumb-cdn77.xvideos-cdn.com/c817607b-6ba3-4625-8e3c-32c9092aecf7/0/xv_2_t.jpg,Video yang sedang banyak dibicarakan oleh komunitas saat ini.,uhumtak3b62,2XTVJU
tvr93c-suami-yg-istrinya-tdk-setia-threesome-dengan-istri-bertato-panas-oplmulee335,[TVR93C] Suami Yg Istrinya Tdk Setia Threesome Dengan Istri Bertato Panas,https://cdn.adidssd7.workers.dev/?id=thumb-cdn77.xvideos-cdn.com/b2101eb7-4e36-4836-a3c0-129c9716f129/5/xv_20_t.jpg,Temukan koleksi video eksklusif terbaru hanya untuk Anda hari ini.,oplmulee335,TVR93C
v5y7zp-dua-imut-menikmati-schlong-yang-berdenyut-keras-ibdtovv7556,[V5Y7ZP] Dua imut menikmati schlong yang berdenyut keras,https://cdn.adidssd7.workers.dev/?id=thumb-cdn77.xvideos-cdn.com/b9792372-3bb5-4a90-b5a0-13fd621e86b2/0/xv_2_t.jpg,Konten terbaru yang sedang viral dan banyak dicari saat ini.,ibdtovv7556,V5Y7ZP
vmh2d7-turis-meniduri-dua-gadis-asia-pada-liburannya-ibvtubmb162,[VMH2D7] Turis meniduri dua gadis Asia pada liburannya,https://cdn.adidssd7.workers.dev/?id=thumb-cdn77.xvideos-cdn.com/b7d242dd-6218-4a21-8a8d-505e16b8015b/0/xv_27_t.jpg,Video pilihan kualitas terbaik yang kami kurasi khusus untuk pengalaman menonton Anda.,ibvtubmb162,VMH2D7
3gv6pu-bercinta-dengan-wanita-dewasa-jepang-uhouffo2304,[3GV6PU] bercinta dengan wanita dewasa Jepang,https://cdn.adidssd7.workers.dev/?id=thumb-cdn77.xvideos-cdn.com/9a334661-613d-44f7-9ef2-5b7efd94d40b/0/xv_6_t.jpg,Kami menyajikan konten paling populer yang wajib Anda tonton hari ini.,uhouffo2304,3GV6PU
tf8wj9-ketika-cunnilingus-diterapkan-pada-vagina-yang-lezat-pinggul-rampingnya-terpelintir-dan-dia-mencapai-klimaks-dalam-kesakitan-utvhefd213a,[TF8WJ9] Ketika cunnilingus diterapkan pada vagina yang lezat pinggul rampingnya terpelintir dan dia mencapai klimaks dalam kesakitan.,https://cdn.adidssd7.workers.dev/?id=thumb-cdn77.xvideos-cdn.com/2d4da731-ece4-44cf-b02a-e037465ed127/0/xv_10_t.jpg,Temukan koleksi video eksklusif terbaru hanya untuk Anda hari ini.,utvhefd213a,TF8WJ9
elbgw2-pijat-refleksi-mari-haneda-1-kpmlhddcb27,[ELBGW2] pijat refleksi Mari Haneda 1,https://cdn.adidssd7.workers.dev/?id=thumb-cdn77.xvideos-cdn.com/cf663cd4-4d8a-48ba-bf9e-bccdf3f527ac/0/xv_21_t.jpg,Koleksi lengkap video pilihan dengan durasi yang pas untuk Anda.,kpmlhddcb27,ELBGW2
ajhum2-gadis-asia-5012-umddlioa7ec,[AJHUM2] gadis asia 5012,https://cdn.adidssd7.workers.dev/?id=thumb-cdn77.xvideos-cdn.com/cf07ed3c-fba5-488c-8ba0-d9e3db221f5d/0/xv_21_t.jpg,Temukan koleksi video eksklusif terbaru hanya untuk Anda hari ini.,umddlioa7ec,AJHUM2
xc93kd-versi-lengkap-docp-304-https-is-gd-duzztp-kcbmtfk66e2,[XC93KD] Versi lengkap DOCP-304 https://is.gd/DuzzTP,https://cdn.adidssd7.workers.dev/?id=thumb-cdn77.xvideos-cdn.com/5b32d98d-d191-4489-992e-5057e85748ed/0/xv_1_t.jpg,Nikmati momen terbaik dengan koleksi video trending kami.,kcbmtfk66e2,XC93KD
hntbpx-https-bit-ly-3ppgspc-istri-istri-berpayudara-besar-di-lingkungan-sekitar-yang-tiba-tiba-bercerai-dan-menjadi-ayah-tunggal-dan-merasa-kasihan-pada-saya-akan-membantu-pekerjaan-rumah-uhkumlm4527,[HNTBPX] https://bit.ly/3pPgspC Istri-istri berpayudara besar di lingkungan sekitar yang tiba-tiba bercerai dan menjadi ayah tunggal dan merasa kasihan pada saya akan membantu pekerjaan rumah! ,https://cdn.adidssd7.workers.dev/?id=thumb-cdn77.xvideos-cdn.com/e3f21626-1a7e-4889-b559-b0e2f93ae7e8/0/xv_15_t.jpg,Temukan berbagai kategori menarik dalam video pilihan kami.,uhkumlm4527,HNTBPX
dnf7yb-pembantu-asia-berdada-besar-yang-seksi-akan-melakukan-apa-pun-demi-pekerjaannya-uhbaafmea06,[DNF7YB] Pembantu Asia berdada besar yang seksi akan melakukan apa pun demi pekerjaannya,https://cdn.adidssd7.workers.dev/?id=thumb-cdn77.xvideos-cdn.com/febe57a0-1d49-48fb-821a-0f84afb04303/0/xv_15_t.jpg,Tonton video berkualitas tinggi ini sekarang juga hanya di sini.,uhbaafmea06,DNF7YB
nysrka-kutu-buku-asia-menjadi-kaku-di-dalam-dirinya-kevfepfeb6f,[NYSRKA] Kutu buku Asia menjadi kaku di dalam dirinya,https://cdn.adidssd7.workers.dev/?id=thumb-cdn77.xvideos-cdn.com/da6e2940-e6ac-4765-936e-a9ff99984ac4/0/xv_2_t.jpg,Temukan berbagai kategori menarik dalam video pilihan kami.,kevfepfeb6f,NYSRKA
267s35-asian-milf-mengurus-ayam-keras-saya-utcoveb5b78,[267S35] Asian MILF mengurus ayam keras saya,https://cdn.adidssd7.workers.dev/?id=thumb-cdn77.xvideos-cdn.com/490b56d6-e043-482a-a4fb-6ec893bf1822/0/xv_28_t.jpg,Tonton video berkualitas tinggi ini sekarang juga hanya di sini.,utcoveb5b78,267S35
rfp9va-sudut-pandang-2-uimumcb5f49,[RFP9VA] sudut pandang 2,https://cdn.adidssd7.workers.dev/?id=thumb-cdn77.xvideos-cdn.com/d12167e4-8be7-46ff-8b9f-ca7545650bf3/0/xv_28_t.jpg,Kami menyajikan konten paling populer yang wajib Anda tonton hari ini.,uimumcb5f49,RFP9VA
mw4utv-gonzo-aktif-1-uimhdtb3ccc,[MW4UTV] Gonzo aktif 1,https://cdn.adidssd7.workers.dev/?id=thumb-cdn77.xvideos-cdn.com/28ed82cf-4daa-4982-8554-b80a70261a64/0/xv_11_t.jpg,Jangan lewatkan video menarik yang kami perbarui setiap harinya.,uimhdtb3ccc,MW4UTV
utw7gy-handuk-blowjob-di-dapur-telanjang-rambut-pirang-ibu-rumah-tangga-menyebalkan-kontol-oplediu2abb,[UTW7GY] Handuk Blowjob di Dapur Telanjang Rambut Pirang Ibu Rumah Tangga Menyebalkan Kontol,https://cdn.adidssd7.workers.dev/?id=thumb-cdn77.xvideos-cdn.com/4a217385-15c3-4108-bf22-ede3428ca6ef/5/xv_21_t.jpg,Video yang sedang banyak dibicarakan oleh komunitas saat ini.,oplediu2abb,UTW7GY
tjmdx9-pengantin-olga-kacau-keras-di-hari-pernikahan-opodovpb2ff,[TJMDX9] Pengantin Olga Kacau Keras di Hari Pernikahan,https://cdn.adidssd7.workers.dev/?id=thumb-cdn77.xvideos-cdn.com/6a3a423d-d37d-46a4-a1fe-7eade6aedb5e/5/xv_24_t.jpg,Kami menyajikan konten paling populer yang wajib Anda tonton hari ini.,opodovpb2ff,TJMDX9
rzdst4-dua-wanita-cantik-jepang-menikmati-kesalahan-bodoh-yang-keras-ibmmaubb545,[RZDST4] Dua wanita cantik Jepang menikmati kesalahan bodoh yang keras,https://cdn.adidssd7.workers.dev/?id=thumb-cdn77.xvideos-cdn.com/a71ae25d-842e-46b2-84c1-9224115cd180/0/xv_20_t.jpg,Video pilihan kualitas terbaik yang kami kurasi khusus untuk pengalaman menonton Anda.,ibmmaubb545,RZDST4
zl9wfm-ep-hcvcp0166-hckdpimf8f9,[ZL9WFM] ep-HCVCP0166,https://cdn.adidssd7.workers.dev/?id=thumb-cdn77.xvideos-cdn.com/8768b3d1-9def-479d-9911-457de44e8f2e/0/xv_30_t.jpg,Konten terbaru yang sedang viral dan banyak dicari saat ini.,hckdpimf8f9,ZL9WFM
enjwl6-amatir-kulit-hitam-yang-gugup-mendapat-pekerjaan-casting-porno-iupidfvc4b5,[ENJWL6] Amatir kulit hitam yang gugup mendapat pekerjaan casting porno,https://cdn.adidssd7.workers.dev/?id=thumb-cdn77.xvideos-cdn.com/4a342108-4057-485f-8c51-f84b8e5c594c/0/xv_14_t.jpg,Temukan koleksi video eksklusif terbaru hanya untuk Anda hari ini.,iupidfvc4b5,ENJWL6
lrjw4h-ibu-mertuaku-yang-menduda-rieko-hiraoka-kddmvfd8296,[LRJW4H] Ibu Mertuaku yang Menduda: Rieko Hiraoka,https://cdn.adidssd7.workers.dev/?id=thumb-cdn77.xvideos-cdn.com/e09e9c34-ed93-4a6a-a92b-da101ea41dee/0/xv_28_t.jpg,Video yang sedang banyak dibicarakan oleh komunitas saat ini.,kddmvfd8296,LRJW4H
gcar3f-jepang-dewasa-dengan-vagina-creampie-berbulu-uhoufpd351c,[GCAR3F] jepang dewasa dengan vagina creampie berbulu,https://cdn.adidssd7.workers.dev/?id=thumb-cdn77.xvideos-cdn.com/c722537d-28ba-4be6-a825-2a96f6ef5657/0/xv_18_t.jpg,Video yang sedang banyak dibicarakan oleh komunitas saat ini.,uhoufpd351c,GCAR3F
n67f4y-gadis-jepang-dengan-payudara-besar-uhootlbfa3e,[N67F4Y] gadis jepang dengan payudara besar,https://cdn.adidssd7.workers.dev/?id=thumb-cdn77.xvideos-cdn.com/0ab8ce20-4dd9-4ed9-a523-b4f03e92aa43/0/xv_4_t.jpg,Nikmati momen terbaik dengan koleksi video trending kami.,uhootlbfa3e,N67F4Y
pblh9x-1080-p-012584400125-llpkli1a7b,[PBLH9X] 1080 P 012584400125,https://cdn.adidssd7.workers.dev/?id=thumb-cdn77.xvideos-cdn.com/cab60fd5-e593-4240-9037-a0392aeab524/0/xv_5_t.jpg,Tonton video berkualitas tinggi ini sekarang juga hanya di sini.,llpkli1a7b,PBLH9X
rm8dfa-0008-hvlkmok4944,[RM8DFA] 0008,https://cdn.adidssd7.workers.dev/?id=thumb-cdn77.xvideos-cdn.com/b7ac2b5f-4b4a-4bf2-b49e-03cd7c93f888/0/xv_1_t.jpg,Konten terbaru yang sedang viral dan banyak dicari saat ini.,hvlkmok4944,RM8DFA
cpxa9w-cfnm-kasar-buttfucking-pantat-besar-asia-dalam-rok-umktbfo0b3c,[CPXA9W] CFNM Kasar BUTTFUCKING Pantat Besar Asia dalam Rok,https://cdn.adidssd7.workers.dev/?id=thumb-cdn77.xvideos-cdn.com/ce4a59fc-b80f-48c7-ba72-11a6173012af/0/xv_16_t.jpg,Video pilihan kualitas terbaik yang kami kurasi khusus untuk pengalaman menonton Anda.,umktbfo0b3c,CPXA9W
6jexp4-ibu-rumah-tangga-jepang-rei-kitajima-disetubuhi-tanpa-sensor-kmmtdho606f,[6JEXP4] Ibu rumah tangga Jepang Rei Kitajima disetubuhi tanpa sensor,https://cdn.adidssd7.workers.dev/?id=thumb-cdn77.xvideos-cdn.com/4905f7ec-c927-4962-870d-a3b5833f0f37/0/xv_25_t.jpg,Temukan berbagai kategori menarik dalam video pilihan kami.,kmmtdho606f,6JEXP4
9egcau-cewek-jepang-sayaka-aishiro-mendapat-kacau-di-pantat-tanpa-sensor-iflbkad1313,[9EGCAU] Cewek Jepang Sayaka Aishiro mendapat kacau di pantat tanpa sensor,https://cdn.adidssd7.workers.dev/?id=thumb-cdn77.xvideos-cdn.com/3c8b5007-1735-4315-8668-2c3056208533/0/xv_27_t.jpg,Jangan lewatkan video menarik yang kami perbarui setiap harinya.,iflbkad1313,9EGCAU
5gz2hp-seorang-gadis-rapi-dan-lugu-dengan-wajah-imut-dan-sikap-yang-terlihat-serius-utplmohef9c,[5GZ2HP] Seorang gadis rapi dan lugu dengan wajah imut dan sikap yang terlihat serius! ,https://cdn.adidssd7.workers.dev/?id=thumb-cdn77.xvideos-cdn.com/5b79ccf5-4cf8-496f-a247-eca9a532114a/0/xv_7_t.jpg,Kami menyajikan konten paling populer yang wajib Anda tonton hari ini.,utplmohef9c,5GZ2HP
pntwe8-penjemputan-yang-berani-uthpfib2343,[PNTWE8] Penjemputan yang berani! ,https://cdn.adidssd7.workers.dev/?id=thumbs-gcore.xvideos-cdn.com/7c4fd60e-c326-4577-8521-4eddbd0f2f9d/0/xv_22_t.jpg,Video yang sedang banyak dibicarakan oleh komunitas saat ini.,uthpfib2343,PNTWE8
g6dc8x-ichika-matsumoto---mainan-seks-brut-l-kecantikan-berseragam-direnggut-dari-pacarnya-lihat-selengkapnya-https-bit-ly-raptor-xvideos-utvmuokfe79,[G6DC8X] Ichika Matsumoto - Mainan Seks Brut*l: Kecantikan Berseragam Direnggut Dari Pacarnya : Lihat SelengkapnyaÃ¢https://bit.ly/Raptor-Xvideos,https://cdn.adidssd7.workers.dev/?id=thumb-cdn77.xvideos-cdn.com/105eaefd-7888-40a3-8541-4366f5dd0c10/0/xv_9_t.jpg,Tonton video berkualitas tinggi ini sekarang juga hanya di sini.,utvmuokfe79,G6DC8X
z4cxjr-pijat-refleksi-mari-haneda-2-kpmlhed293d,[Z4CXJR] pijat refleksi Mari Haneda 2,https://cdn.adidssd7.workers.dev/?id=thumb-cdn77.xvideos-cdn.com/7bef56b8-974a-4089-b07d-c9853bdc6459/0/xv_8_t.jpg,Nikmati momen terbaik dengan koleksi video trending kami.,kpmlhed293d,Z4CXJR
5vab9y-saya-akan-menunjukkan-kepada-anda-semua-sex-pribadi-mari-haneda-yang-merupakan-gadis-cantik-sekolah-yang-lugu-dengan-jalan-pintas-koiufik19d8,[5VAB9Y] Saya akan menunjukkan kepada Anda semua SEX pribadi "Mari Haneda" yang merupakan gadis cantik sekolah yang lugu dengan jalan pintas! ,https://cdn.adidssd7.workers.dev/?id=thumb-cdn77.xvideos-cdn.com/6bb5ee93-a66e-492f-b6a7-3e06c5ba12fc/0/xv_27_t.jpg,Temukan berbagai kategori menarik dalam video pilihan kami.,koiufik19d8,5VAB9Y
b49l8x-rikka-anna-pekerjaan-pukulan-asia-yang-luar-biasa-dengan-sensual---lebih-lanjut-di-javhd-net-ilividk50d8,[B49L8X] Rikka Anna pekerjaan pukulan Asia yang luar biasa dengan sensual - Lebih lanjut di javhd.net,https://cdn.adidssd7.workers.dev/?id=thumb-cdn77.xvideos-cdn.com/8b69cb67-a602-437d-96dd-f2243d0a8582/0/xv_27_t.jpg,Jangan lewatkan video menarik yang kami perbarui setiap harinya.,ilividk50d8,B49L8X
zndh93-gadis-asia-2290-utdfhobaed0,[ZNDH93] gadis asia 2290,https://cdn.adidssd7.workers.dev/?id=thumbs-gcore.xvideos-cdn.com/8627f30f-87e7-4568-b3d1-35cd99029a94/0/xv_5_t.jpg,Jangan lewatkan video menarik yang kami perbarui setiap harinya.,utdfhobaed0,ZNDH93
yg7qur-payudara-indah-yang-benar-benar-terbuka-dan-pantat-yang-bagus-kecantikan-kelas-s-adalah-etsa-dalam-mobil-pertama-dan-kontak-dekat-yang-sangat-bersemangat-cinta-seks-dan-tembakan-cum-massal-uhvpkome343,[YG7QUR] Payudara indah yang benar-benar terbuka dan pantat yang bagus Kecantikan kelas S adalah etsa dalam mobil pertama dan kontak dekat yang sangat bersemangat,https://cdn.adidssd7.workers.dev/?id=thumbs-gcore.xvideos-cdn.com/372b5cc4-befd-4dda-be29-70e26f3c0059/0/xv_28_t.jpg,Video yang sedang banyak dibicarakan oleh komunitas saat ini.,uhvpkome343,YG7QUR
rve6kf-kenangan-musim-panas-tembakan-cum-vagina-terakhir-di-tubuh-sensitif-dengan-libido-yang-kuat-dari-resepsionis-kecantikan-salon-kecantikan-uheehvo3380,[RVE6KF] Kenangan musim panas ... Tembakan cum vagina terakhir di tubuh sensitif dengan libido yang kuat dari resepsionis kecantikan salon kecantikan! ,https://cdn.adidssd7.workers.dev/?id=thumb-cdn77.xvideos-cdn.com/fdc9487e-3df8-4dea-b64f-0d97de3e904a/0/xv_29_t.jpg,Temukan koleksi video eksklusif terbaru hanya untuk Anda hari ini.,uheehvo3380,RVE6KF
u8cwlh-ao-intelektual-berusia-18-tahun-di-tahun-pertama-universitas-gakuin-uicmkmvbfa3,[U8CWLH] Ao Ã¢Â¯ Intelektual berusia 18 tahun di tahun pertama Universitas Gakuin. ,https://cdn.adidssd7.workers.dev/?id=thumb-cdn77.xvideos-cdn.com/b6be025b-d4aa-4a55-9dd6-ba45b131c002/0/xv_7_t.jpg,Kami menyajikan konten paling populer yang wajib Anda tonton hari ini.,uicmkmvbfa3,U8CWLH
2upjch-gadis-asia-uhopbco0142,[2UPJCH] gadis Asia,https://cdn.adidssd7.workers.dev/?id=thumbs-gcore.xvideos-cdn.com/8017f5c8-6fce-4477-a77f-d1a3c4d768af/0/xv_3_t.jpg,Temukan berbagai kategori menarik dalam video pilihan kami.,uhopbco0142,2UPJCH
empdf8-gadis-asia-5009-umdlakva71f,[EMPDF8] gadis asia 5009,https://cdn.adidssd7.workers.dev/?id=thumb-cdn77.xvideos-cdn.com/4d144653-7f5b-47ff-b555-4acd9c785646/0/xv_17_t.jpg,Temukan berbagai kategori menarik dalam video pilihan kami.,umdlakva71f,EMPDF8
3zh2gk-sialan-amatir-asia-imbov8542,[3ZH2GK] Sialan Amatir Asia,https://cdn.adidssd7.workers.dev/?id=thumb-cdn77.xvideos-cdn.com/45c15bd6-412c-43fd-8624-1105e7c1e0fc/0/xv_14_t.jpg,Temukan berbagai kategori menarik dalam video pilihan kami.,imbov8542,3ZH2GK
lz95gy-comshot-amatir-uokeded918f,[LZ95GY] Comshot Amatir,https://cdn.adidssd7.workers.dev/?id=thumb-cdn77.xvideos-cdn.com/71d4d59e-a96b-4c77-876c-8d2c072c6524/0/xv_30_t.jpg,Tonton video berkualitas tinggi ini sekarang juga hanya di sini.,uokeded918f,LZ95GY
tpxfje-versi-lengkap-docp-303-https-is-gd-vgewoy-kcbmthfa650,[TPXFJE] Versi lengkap DOCP-303 https://is.gd/vgewOY,https://cdn.adidssd7.workers.dev/?id=thumb-cdn77.xvideos-cdn.com/2dfecb00-aead-4828-8304-fa336276abbd/0/xv_3_t.jpg,Koleksi lengkap video pilihan dengan durasi yang pas untuk Anda.,kcbmthfa650,TPXFJE
4bxa6y-video-verifikasi-ibdfeobe0bd,[4BXA6Y] Video verifikasi,https://cdn.adidssd7.workers.dev/?id=thumb-cdn77.xvideos-cdn.com/828a168d-4fa0-4151-937b-e8c47fc65f69/0/xv_26_t.jpg,Konten terbaru yang sedang viral dan banyak dicari saat ini.,ibdfeobe0bd,4BXA6Y
9rjawb-sialan-buatan-sendiri-di-kamar-mertua-kedolhd23fe,[9RJAWB] Sialan buatan sendiri di kamar mertua,https://cdn.adidssd7.workers.dev/?id=thumb-cdn77.xvideos-cdn.com/bb8d83ec-057f-40de-8742-8b5e386d44d9/0/xv_22_t.jpg,Video pilihan kualitas terbaik yang kami kurasi khusus untuk pengalaman menonton Anda.,kedolhd23fe,9RJAWB
qac9vm-https-bit-ly-3ihkhdq-keingintahuan-intelektual-dari-ketiga-kacamata-sastra-cemberut-mengarah-pada-hasrat-seksual-utcudhb8c1e,[QAC9VM] https://bit.ly/3IHkHdQ Keingintahuan intelektual dari ketiga kacamata sastra cemberut mengarah pada hasrat seksual!? ,https://cdn.adidssd7.workers.dev/?id=thumb-cdn77.xvideos-cdn.com/59f52ef6-e659-485d-81dd-524c76c63f46/0/xv_5_t.jpg,Tonton video berkualitas tinggi ini sekarang juga hanya di sini.,utcudhb8c1e,QAC9VM
jbecx8-kehidupan-siang-hari-gelombang-rumah-01-uhtedmbe85e,[JBECX8] Kehidupan siang hari gelombang rumah 01,https://cdn.adidssd7.workers.dev/?id=thumb-cdn77.xvideos-cdn.com/db3fcf22-635f-436c-8ef9-c4b50c778c59/0/xv_6_t.jpg,Video pilihan kualitas terbaik yang kami kurasi khusus untuk pengalaman menonton Anda.,uhtedmbe85e,JBECX8
rtzb42-pembantu-asia-dengan-payudara-alami-besar-meniduri-bos-barunya-kpdfbom0619,[RTZB42] Pembantu Asia dengan payudara alami besar meniduri bos barunya,https://cdn.adidssd7.workers.dev/?id=thumb-cdn77.xvideos-cdn.com/87f6c075-6c32-4ca3-ba07-b286067e576e/0/xv_26_t.jpg,Koleksi lengkap video pilihan dengan durasi yang pas untuk Anda.,kpdfbom0619,RTZB42
kdgeur-pembantu-asia-ramping-seksi-tahu-apa-yang-diperlukan-untuk-dipekerjakan-utdebmde426,[KDGEUR] Pembantu Asia Ramping Seksi Tahu Apa yang Diperlukan Untuk Dipekerjakan,https://cdn.adidssd7.workers.dev/?id=thumb-cdn77.xvideos-cdn.com/78bc4a6c-e72c-4578-9e2f-53a3d75949ec/0/xv_11_t.jpg,Konten terbaru yang sedang viral dan banyak dicari saat ini.,utdebmde426,KDGEUR
fqwrva-minum-kopi-pagi-sementara-pembantuku-meniupku-kfvuvkh0d88,[FQWRVA] Minum Kopi Pagi Sementara Pembantuku Meniupku,https://cdn.adidssd7.workers.dev/?id=thumb-cdn77.xvideos-cdn.com/12e594d8-fe70-4fc8-8ca3-b3aab74c58d2/0/xv_25_t.jpg,Koleksi lengkap video pilihan dengan durasi yang pas untuk Anda.,kfvuvkh0d88,FQWRVA
ajzc96-hot-atletik-babe-akan-hancur-setelah-latihan-gym-opopdov8e92,[AJZC96] Hot Atletik Babe Akan Hancur Setelah Latihan Gym,https://cdn.adidssd7.workers.dev/?id=thumbs-gcore.xvideos-cdn.com/3d902c4b-6050-4708-bb28-854ce6ca15c3/5/xv_27_t.jpg,Koleksi lengkap video pilihan dengan durasi yang pas untuk Anda.,opopdov8e92,AJZC96
jrzqc4-bayi-muda-yang-lucu-ingin-kamu-melihat-semuanya-iehtvah8ebb,[JRZQC4] Bayi muda yang lucu ingin kamu melihat semuanya,https://cdn.adidssd7.workers.dev/?id=thumb-cdn77.xvideos-cdn.com/e8b67cc8-1cdb-4cfe-a25a-5dc1d10a13da/0/xv_3_t.jpg,Nikmati momen terbaik dengan koleksi video trending kami.,iehtvah8ebb,JRZQC4
fnwvtm-freeuse-keluarga-asia-kacau-oleh-lucky-kapan-saja-dia-ingin---krystal-davis-alona-bloom-nyomi-bintang-christy-cinta-david-lee-uthlbok4852,[FNWVTM] Freeuse Keluarga Asia Kacau Oleh Lucky Kapan Saja Dia Ingin - Krystal Davis Alona Bloom Nyomi Bintang Christy Cinta David Lee,https://cdn.adidssd7.workers.dev/?id=thumbs-gcore.xvideos-cdn.com/7596a515-040d-4d73-8de0-3d20e08c46b5/0/xv_13_t.jpg,Temukan berbagai kategori menarik dalam video pilihan kami.,uthlbok4852,FNWVTM
enjqvd-guru-lamaku-menikmati-penisku-yang-keras-utktptoad58,[ENJQVD] Guru lamaku menikmati penisku yang keras,https://cdn.adidssd7.workers.dev/?id=thumb-cdn77.xvideos-cdn.com/22e1e73f-2c52-41af-9fbf-af99b1a2741f/0/xv_19_t.jpg,Tonton video berkualitas tinggi ini sekarang juga hanya di sini.,utktptoad58,ENJQVD
6zu7lg-debut-nogi-chan-uiealiv1d8d,[6ZU7LG] Debut Nogi-chan,https://cdn.adidssd7.workers.dev/?id=thumb-cdn77.xvideos-cdn.com/4f34de53-3d2d-46f6-a634-453b926a2a7f/0/xv_12_t.jpg,Nikmati momen terbaik dengan koleksi video trending kami.,uiealiv1d8d,6ZU7LG
9p6kv8-kecantikan-idola-wanita-gonzo-uibelkh082e,[9P6KV8] Kecantikan idola Ã¢Â¯ wanita Gonzo,https://cdn.adidssd7.workers.dev/?id=thumb-cdn77.xvideos-cdn.com/3c09ad7d-97eb-4f58-9aa1-63a93926218f/0/xv_9_t.jpg,Tonton video berkualitas tinggi ini sekarang juga hanya di sini.,uibelkh082e,9P6KV8
unpslf-seorang-wanita-cantik-dari-klub-seni-uidepav3230,[UNPSLF] Seorang wanita cantik dari klub seni.,https://cdn.adidssd7.workers.dev/?id=thumb-cdn77.xvideos-cdn.com/c85ae9f4-7b4c-45e2-bdc1-5dd2f05dbad1/0/xv_20_t.jpg,Koleksi lengkap video pilihan dengan durasi yang pas untuk Anda.,uidepav3230,UNPSLF
8ysp5j-gonzo-aktif-berkulit-putih-lucu-1-uimpeuf1db7,[8YSP5J] Gonzo aktif berkulit putih lucu 1,https://cdn.adidssd7.workers.dev/?id=thumb-cdn77.xvideos-cdn.com/df033cfd-11b4-4d86-94cc-d929508dca10/0/xv_3_t.jpg,Jangan lewatkan video menarik yang kami perbarui setiap harinya.,uimpeuf1db7,8YSP5J
hykn7f-video-40-pesta-gonzo-ukdpmtdf25c,[HYKN7F] Video 40 Pesta Gonzo,https://cdn.adidssd7.workers.dev/?id=thumb-cdn77.xvideos-cdn.com/0f5c83da-e880-4b6d-b9bf-99f3483e959d/0/xv_7_t.jpg,Nikmati momen terbaik dengan koleksi video trending kami.,ukdpmtdf25c,HYKN7F
e8tj6d-amatir-pekerjaan-pukulan-kkmve68c,[E8TJ6D] Amatir pekerjaan pukulan,https://cdn.adidssd7.workers.dev/?id=thumb-cdn77.xvideos-cdn.com/7f6e512e-3a21-434c-a846-093c05801b33/0/xv_21_t.jpg,Konten terbaru yang sedang viral dan banyak dicari saat ini.,kkmve68c,E8TJ6D
6e5drm-pantat-besar-milf-sepong-penis-besar-seks-anal-dan-air-mani-makan-di-dapur-koltifvd47e,[6E5DRM] pantat besar milf sepong penis besar seks anal dan air mani makan di dapur,https://cdn.adidssd7.workers.dev/?id=thumb-cdn77.xvideos-cdn.com/da26c94e-2e69-4882-8758-8089c8d80195/0/xv_12_t.jpg,Temukan koleksi video eksklusif terbaru hanya untuk Anda hari ini.,koltifvd47e,6E5DRM
cfuz5j-blowjob-panas-dari-seorang-pirang-merokok-dengan-air-mani-di-mulut-ublfeah24a8,[CFUZ5J] Blowjob panas dari seorang pirang merokok dengan air mani di mulut,https://cdn.adidssd7.workers.dev/?id=thumb-cdn77.xvideos-cdn.com/85df630b-f00f-4391-8287-3bf167f872a5/0/xv_4_t.jpg,Kami menyajikan konten paling populer yang wajib Anda tonton hari ini.,ublfeah24a8,CFUZ5J
pn9fl7-persetan-denganku-sementara-saudara-tiriku-tidak-melihat-opkvpik967f,[PN9FL7] Persetan denganku sementara saudara tiriku tidak melihat,https://cdn.adidssd7.workers.dev/?id=thumb-cdn77.xvideos-cdn.com/36604c76-d86e-40b5-9498-f2cd52e0e39c/4/xv_29_t.jpg,Kami menyajikan konten paling populer yang wajib Anda tonton hari ini.,opkvpik967f,PN9FL7
fbv48j-selingkuh-di-hari-pernikahan-saat-bertelepon-dengan-pengantin-pria-kphtiom94de,[FBV48J] Selingkuh Di Hari Pernikahan Saat Bertelepon Dengan Pengantin Pria,https://cdn.adidssd7.workers.dev/?id=thumb-cdn77.xvideos-cdn.com/20c76bcf-a611-4e2c-8dd5-ffdba475e87c/0/xv_16_t.jpg,Video pilihan kualitas terbaik yang kami kurasi khusus untuk pengalaman menonton Anda.,kphtiom94de,FBV48J
xwza5j-brunette-jepang-menginginkan-penis-di-dalam-dirinya-ibavpbk7a1e,[XWZA5J] Brunette Jepang menginginkan penis di dalam dirinya,https://cdn.adidssd7.workers.dev/?id=thumb-cdn77.xvideos-cdn.com/bdcfe04a-6677-421b-85e9-0f8d10908b8a/0/xv_19_t.jpg,Video yang sedang banyak dibicarakan oleh komunitas saat ini.,ibavpbk7a1e,XWZA5J
hb3ktp-ep-hcvcp0153-hckdmmb3ee9,[HB3KTP] ep-HCVCP0153,https://cdn.adidssd7.workers.dev/?id=thumb-cdn77.xvideos-cdn.com/931eecfe-4c59-48b5-9a74-67d261f343d5/0/xv_24_t.jpg,Tonton video berkualitas tinggi ini sekarang juga hanya di sini.,hckdmmb3ee9,HB3KTP
46qdau-saya-menembakkannya-setengah-ke-pai-dan-setengahnya-lagi-ke-joy-hcakctfda33,[46QDAU] Saya menembakkannya setengah ke Pai dan setengahnya lagi ke Joy,https://cdn.adidssd7.workers.dev/?id=thumb-cdn77.xvideos-cdn.com/fd79cd41-f5d0-4837-a998-1cf3c810ce11/0/xv_4_t.jpg,Temukan berbagai kategori menarik dalam video pilihan kami.,hcakctfda33,46QDAU
2hzx75-ep-hcvcp0164-hckdpmk3cc1,[2HZX75] ep-HCVCP0164,https://cdn.adidssd7.workers.dev/?id=thumb-cdn77.xvideos-cdn.com/094d8a4b-b3ba-413e-836c-ce7318683038/0/xv_21_t.jpg,Video pilihan kualitas terbaik yang kami kurasi khusus untuk pengalaman menonton Anda.,hckdpmk3cc1,2HZX75
7x5vpc-gadis-kulit-hitam-membungkuk-dan-bercinta-di-tempat-tidurnya-iolvtuud687,[7X5VPC] Gadis kulit hitam membungkuk dan bercinta di tempat tidurnya,https://cdn.adidssd7.workers.dev/?id=thumb-cdn77.xvideos-cdn.com/57bbb519-33a5-45cf-8705-5d3a162b2dd9/0/xv_6_t.jpg,Tonton video berkualitas tinggi ini sekarang juga hanya di sini.,iolvtuud687,7X5VPC
yja5qn-payudara-besar-denise-menonton-anal-sebelum-makan-cumshot-ibmmhlh8cda,[YJA5QN] Payudara besar Denise menonton anal sebelum makan cumshot,https://cdn.adidssd7.workers.dev/?id=thumb-cdn77.xvideos-cdn.com/e0f43da7-dd67-47aa-a42e-8ca5f6df1c68/0/xv_7_t.jpg,Kami menyajikan konten paling populer yang wajib Anda tonton hari ini.,ibmmhlh8cda,YJA5QN
uvtzq9-3-sahabat---1-audisi-athvchcf34,[UVTZQ9] 3 sahabat - 1 audisi,https://cdn.adidssd7.workers.dev/?id=thumb-cdn77.xvideos-cdn.com/5f0a98fd-72ea-4fbc-8f45-b74f0e64cb30/0/xv_3_t.jpg,Temukan berbagai kategori menarik dalam video pilihan kami.,athvchcf34,UVTZQ9
g35fnv-tidak-jangan-cum-di-dalam-diriku-uoapvak56aa,[G35FNV] "Tidak Jangan Cum di Dalam Diriku!" ,https://cdn.adidssd7.workers.dev/?id=thumb-cdn77.xvideos-cdn.com/1640d0d8-7ba0-4ada-a895-a5381adf3a89/0/xv_27_t.jpg,Nikmati momen terbaik dengan koleksi video trending kami.,uoapvak56aa,G35FNV
zctehb-merawat-bibi-yang-sakit-idvakpdd858,[ZCTEHB] merawat bibi yang sakit,https://cdn.adidssd7.workers.dev/?id=thumb-cdn77.xvideos-cdn.com/39c97b14-54c5-438a-9624-c42164a534ea/0/xv_7_t.jpg,Kami menyajikan konten paling populer yang wajib Anda tonton hari ini.,idvakpdd858,ZCTEHB
jdm3ge-sprd875-hukdcdm9c34,[JDM3GE] SPRD875,https://cdn.adidssd7.workers.dev/?id=thumb-cdn77.xvideos-cdn.com/61d5beca-cdfd-4437-a017-52d92449e1b3/0/xv_4_t.jpg,Tonton video berkualitas tinggi ini sekarang juga hanya di sini.,hukdcdm9c34,JDM3GE
9btgxj-jepang-creampie---amatir-milf-uhotavf7b99,[9BTGXJ] jepang creampie - amatir milf,https://cdn.adidssd7.workers.dev/?id=thumb-cdn77.xvideos-cdn.com/a4f73ab7-c011-4a59-8336-3cec7c0733f0/0/xv_5_t.jpg,Konten terbaru yang sedang viral dan banyak dicari saat ini.,uhotavf7b99,9BTGXJ
2wuqdt-dewasa-jepang-amatir-dari-tokyo-dalam-video-pribadi-pertamanya-kfvpmmv92b6,[2WUQDT] Dewasa Jepang Amatir Dari Tokyo Dalam Video Pribadi Pertamanya,https://cdn.adidssd7.workers.dev/?id=thumb-cdn77.xvideos-cdn.com/120490bd-bb29-406b-ba47-464a677183e4/0/xv_25_t.jpg,Temukan koleksi video eksklusif terbaru hanya untuk Anda hari ini.,kfvpmmv92b6,2WUQDT
t6q2xd-hasumi-kawaguchi---istri-tanpa-bra-lewat-di-tempat-pembuangan-sampah-di-pagi-hari-lihat-selengkapnya-https-bit-ly-raptor-xvideos-uhouvkdeab6,[T6Q2XD] Hasumi Kawaguchi - Istri Tanpa Bra Lewat di Tempat Pembuangan Sampah di Pagi Hari : Lihat SelengkapnyaÃ¢https://bit.ly/Raptor-Xvideos,https://cdn.adidssd7.workers.dev/?id=thumb-cdn77.xvideos-cdn.com/7c5c9740-be4b-49ec-bc48-b670c63731b9/0/xv_1_t.jpg,Temukan berbagai kategori menarik dalam video pilihan kami.,uhouvkdeab6,T6Q2XD
7vrqhs-menit-terakhir-dengan-ibu-tiriku-yang-mengizinkanku-memasukkan-hingga-ujung-rui-ayukawa-kmcaetf0491,[7VRQHS] Menit terakhirÃ£dengan ibu tiriku yang mengizinkanku memasukkan hingga ujung Rui Ayukawa,https://cdn.adidssd7.workers.dev/?id=thumb-cdn77.xvideos-cdn.com/ff731ad9-c909-415d-8277-9527e746e220/0/xv_22_t.jpg,Temukan berbagai kategori menarik dalam video pilihan kami.,kmcaetf0491,7VRQHS
whrdfz-milf-amatir-jepang-gemuk-uhoudbo33f6,[WHRDFZ] milf amatir jepang gemuk,https://cdn.adidssd7.workers.dev/?id=thumb-cdn77.xvideos-cdn.com/da6857d1-ff25-4421-8940-fdbd1232a654/0/xv_22_t.jpg,Temukan koleksi video eksklusif terbaru hanya untuk Anda hari ini.,uhoudbo33f6,WHRDFZ
5ghpvj-kompilasi-istri-seksi-suami-yg-istrinya-tdk-setia-ikaebhf5497,[5GHPVJ] Kompilasi Istri Seksi Suami Yg Istrinya Tdk Setia,https://cdn.adidssd7.workers.dev/?id=thumb-cdn77.xvideos-cdn.com/08392be5-fff5-4576-a0a4-d5948e93f9f8/0/xv_27_t.jpg,Koleksi lengkap video pilihan dengan durasi yang pas untuk Anda.,ikaebhf5497,5GHPVJ
2qz48n-istri-seksi-mempermalukan-suami-cuck-selama-seks-bertiga-anal-dengan-bbc-oohffda7954,[2QZ48N] Istri seksi mempermalukan suami cuck selama seks bertiga anal dengan BBC,https://cdn.adidssd7.workers.dev/?id=thumbs-gcore.xvideos-cdn.com/0f3dcb16-49d4-466d-9576-deca1f26535f/3/xv_9_t.jpg,Jangan lewatkan video menarik yang kami perbarui setiap harinya.,oohffda7954,2QZ48N
6xawuj-berbagi-istri-dengan-teman-upemcvv58af,[6XAWUJ] Berbagi istri dengan teman. ,https://cdn.adidssd7.workers.dev/?id=thumb-cdn77.xvideos-cdn.com/c089c3c9-ed24-4951-840b-74f42c93c950/0/xv_11_t.jpg,Kami menyajikan konten paling populer yang wajib Anda tonton hari ini.,upemcvv58af,6XAWUJ
5qgsb2-seks-bertiga-asia-yang-panas-ibcek2e11,[5QGSB2] Seks bertiga Asia yang panas,https://cdn.adidssd7.workers.dev/?id=thumb-cdn77.xvideos-cdn.com/d9a75328-c4db-4880-bdcb-faa07893939b/0/xv_30_t.jpg,Nikmati momen terbaik dengan koleksi video trending kami.,ibcek2e11,5QGSB2
unl6s9-nd3168-hiuodl5bd8,[UNL6S9] ND3168,https://cdn.adidssd7.workers.dev/?id=thumb-cdn77.xvideos-cdn.com/6d33b36a-1b57-4c7d-b870-85fede3926ce/0/xv_10_t.jpg,Kami menyajikan konten paling populer yang wajib Anda tonton hari ini.,hiuodl5bd8,UNL6S9
plz6de-jepang-milf-bersenang-senang-66---p-com-hctodhv545f,[PLZ6DE] Jepang MILF bersenang-senang 66 - p..com,https://cdn.adidssd7.workers.dev/?id=thumbs-gcore.xvideos-cdn.com/3a54188a-a58b-4ab5-b92a-1988c4e7ad55/0/xv_15_t.jpg,Video yang sedang banyak dibicarakan oleh komunitas saat ini.,hctodhv545f,PLZ6DE
d5gznj-publik-jepang-moivdu0b56,[D5GZNJ] publik Jepang,https://cdn.adidssd7.workers.dev/?id=thumbs-gcore.xvideos-cdn.com/060034fc-ceeb-4afa-8d41-f97b4d48dae6/0/xv_1_t.jpg,Temukan berbagai kategori menarik dalam video pilihan kami.,moivdu0b56,D5GZNJ
bqvj4u-tiga-orang-jepang-yang-luar-biasa-makkmhcdfb,[BQVJ4U] TIGA ORANG JEPANG YANG LUAR BIASA!!,https://cdn.adidssd7.workers.dev/?id=thumb-cdn77.xvideos-cdn.com/8e4ef53b-d14b-4742-9dea-1ac08cd26e18/0/xv_8_t.jpg,Jangan lewatkan video menarik yang kami perbarui setiap harinya.,makkmhcdfb,BQVJ4U
9kqx52-pelacur-asia-dewasa-dengan-seorang-remaja-bercinta-dengan-seorang-pria-eviioh1e65,[9KQX52] Pelacur Asia dewasa dengan seorang remaja bercinta dengan seorang pria,https://cdn.adidssd7.workers.dev/?id=thumb-cdn77.xvideos-cdn.com/c9d5ff12-4125-42d2-8641-336e5c109e68/0/xv_8_t.jpg,Temukan berbagai kategori menarik dalam video pilihan kami.,eviioh1e65,9KQX52
65zwjp-sialan-itu-besar-kotor-upllbdk9903,[65ZWJP] Sialan Itu Besar,https://cdn.adidssd7.workers.dev/?id=thumb-cdn77.xvideos-cdn.com/16966b12-c72d-4bd0-adc8-0f34caf7516a/0/xv_20_t.jpg,Video yang sedang banyak dibicarakan oleh komunitas saat ini.,upllbdk9903,65ZWJP
fz5yuk-assfucking-ketat-asia-anal-manis-umkoikdc6d5,[FZ5YUK] ASSFUCKING ketat Asia ANAL Manis,https://cdn.adidssd7.workers.dev/?id=thumb-cdn77.xvideos-cdn.com/292c94f5-c32e-4f62-94a8-ca62efcbdc1d/0/xv_5_t.jpg,Video pilihan kualitas terbaik yang kami kurasi khusus untuk pengalaman menonton Anda.,umkoikdc6d5,FZ5YUK
5nq4v3-pembantu-asia-bisa-membersihkan-bbc-ktbptpmf0db,[5NQ4V3] Pembantu Asia bisa membersihkan BBC!,https://cdn.adidssd7.workers.dev/?id=thumb-cdn77.xvideos-cdn.com/2c96e357-c38a-4ea8-827d-1d46d4921544/0/xv_25_t.jpg,Konten terbaru yang sedang viral dan banyak dicari saat ini.,ktbptpmf0db,5NQ4V3
mlnbd2-pembantu-jepang-rei-kitajima-sedang-meniduri-klien-terangsang-tanpa-sensor-icopohd9a5e,[MLNBD2] Pembantu Jepang Rei Kitajima sedang meniduri klien terangsang tanpa sensor,https://cdn.adidssd7.workers.dev/?id=thumb-cdn77.xvideos-cdn.com/5dcd16b8-7a7a-48eb-8da1-2d33f42ec4ee/0/xv_20_t.jpg,Video pilihan kualitas terbaik yang kami kurasi khusus untuk pengalaman menonton Anda.,icopohd9a5e,MLNBD2
3vq8ug-pemotretan-pertama-dokumen-wanita-menikah-yuriko-mikumo-kpektum1d67,[3VQ8UG] Pemotretan Pertama Dokumen Wanita Menikah Yuriko Mikumo,https://cdn.adidssd7.workers.dev/?id=thumbs-gcore.xvideos-cdn.com/7912c14d-cc73-48ff-8e27-802050a36d13/0/xv_12_t.jpg,Video pilihan kualitas terbaik yang kami kurasi khusus untuk pengalaman menonton Anda.,kpektum1d67,3VQ8UG
4bqync-jepang-dewasa-rei-kitajima-menyebalkan-ayam-tanpa-sensor-kimmmmbac99,[4BQYNC] Jepang dewasa Rei Kitajima menyebalkan ayam tanpa sensor,https://cdn.adidssd7.workers.dev/?id=thumb-cdn77.xvideos-cdn.com/a913ecf4-0e63-4e03-97a8-b877796cd590/0/xv_18_t.jpg,Video yang sedang banyak dibicarakan oleh komunitas saat ini.,kimmmmbac99,4BQYNC
u4sv5l-pemain-tenis-jepang-sayaka-aishiro-disetubuhi-dari-belakang-tanpa-sensor-ifcthfm3987,[U4SV5L] Pemain tenis Jepang Sayaka Aishiro disetubuhi dari belakang tanpa sensor,https://cdn.adidssd7.workers.dev/?id=thumb-cdn77.xvideos-cdn.com/85010e97-d2e9-4ea7-8e78-f3481506db39/0/xv_30_t.jpg,Nikmati momen terbaik dengan koleksi video trending kami.,ifcthfm3987,U4SV5L
slvyen-kana-mimura-melelahkan-dua-ayam-di-lubang-basahnya-daiumob5c2,[SLVYEN] Kana Mimura melelahkan dua ayam di lubang basahnya,https://cdn.adidssd7.workers.dev/?id=thumb-cdn77.xvideos-cdn.com/6ba268a2-8826-4457-a6ff-747833a668cd/0/xv_21_t.jpg,Temukan koleksi video eksklusif terbaru hanya untuk Anda hari ini.,daiumob5c2,SLVYEN
rjmbks-rei-kitajima-dewasa-jepang-menyukainya-gaya-doggy-dan-tanpa-sensor-ifcbpkbb350,[RJMBKS] Rei Kitajima dewasa Jepang menyukainya gaya doggy dan tanpa sensor,https://cdn.adidssd7.workers.dev/?id=thumb-cdn77.xvideos-cdn.com/e0e56cb2-ed23-46cd-9b26-c5317789088d/0/xv_18_t.jpg,Kami menyajikan konten paling populer yang wajib Anda tonton hari ini.,ifcbpkbb350,RJMBKS
rxz2hl-seorang-gadis-rapi-dan-lugu-dengan-wajah-imut-dan-sikap-yang-terlihat-serius-utplpehb0ba,[RXZ2HL] Seorang gadis rapi dan lugu dengan wajah imut dan sikap yang terlihat serius! ,https://cdn.adidssd7.workers.dev/?id=thumbs-gcore.xvideos-cdn.com/21b4bdc1-6be6-4bfc-9b6a-3a2d015f3384/0/xv_14_t.jpg,Tonton video berkualitas tinggi ini sekarang juga hanya di sini.,utplpehb0ba,RXZ2HL
qu69gw-seorang-gadis-sensitif-dari-tim-renang-yang-vaginanya-mudah-basah-utvmtdmc50c,[QU69GW] Seorang gadis sensitif dari tim renang yang vaginanya mudah basah! ,https://cdn.adidssd7.workers.dev/?id=thumb-cdn77.xvideos-cdn.com/40eacd1c-c2f1-4451-aca4-0a04da698b5d/0/xv_28_t.jpg,Kami menyajikan konten paling populer yang wajib Anda tonton hari ini.,utvmtdmc50c,QU69GW
re4dan-gadis-pemalu-yang-tak-bersalah-memberikan-audisi-porno-tinjunya-kbhchehceee,[RE4DAN] Gadis Pemalu yang Tak Bersalah memberikan Audisi Porno tinjunya,https://cdn.adidssd7.workers.dev/?id=thumb-cdn77.xvideos-cdn.com/526906bc-bc92-400f-ac62-51c1a173eb25/0/xv_30_t.jpg,Tonton video berkualitas tinggi ini sekarang juga hanya di sini.,kbhchehceee,RE4DAN
jheuz4-penjemputan-yang-berani-kfehvuve36f,[JHEUZ4] Penjemputan yang berani! ,https://cdn.adidssd7.workers.dev/?id=thumb-cdn77.xvideos-cdn.com/41cdcf0b-7c92-4b3d-a095-07f2e5a424b5/0/xv_17_t.jpg,Temukan koleksi video eksklusif terbaru hanya untuk Anda hari ini.,kfehvuve36f,JHEUZ4
2qaksn-penjemputan-yang-berani-kfkpaufa853,[2QAKSN] Penjemputan yang berani! ,https://cdn.adidssd7.workers.dev/?id=thumb-cdn77.xvideos-cdn.com/16594f81-abda-4ee9-a53e-47a7e7f5356b/0/xv_22_t.jpg,Video yang sedang banyak dibicarakan oleh komunitas saat ini.,kfkpaufa853,2QAKSN
vfrmsy-penjemputan-yang-berani-kfehlov3973,[VFRMSY] Penjemputan yang berani! ,https://cdn.adidssd7.workers.dev/?id=thumbs-gcore.xvideos-cdn.com/9a99bf2c-3c4f-40b0-98d8-159a8f4c169d/0/xv_30_t.jpg,Kami menyajikan konten paling populer yang wajib Anda tonton hari ini.,kfehlov3973,VFRMSY
ags8m9-gadis-paling-lucu-di-kelas-semuanya-dari-galaksi-revechi-kekasih-ciuman-yang-tak-tertandingi-pantat-super-cantik-dan-vagina-bercukur-super-cantik-kekasih-leher-dan-irama-kembalinya-masa-muda-semuanya-ueuedlm7a5c,[AGS8M9] [Gadis paling lucu di kelas] [Semuanya dari galaksi Revechi] [Kekasih ciuman yang tak tertandingi] [Pantat super cantik dan vagina bercukur super cantik] [Kekasih leher dan Irama] Kembalinya masa muda semuanya!  ,https://cdn.adidssd7.workers.dev/?id=thumb-cdn77.xvideos-cdn.com/0b1b1125-0104-435a-a1c0-9f45e3fd7a4f/0/xv_17_t.jpg,Kami menyajikan konten paling populer yang wajib Anda tonton hari ini.,ueuedlm7a5c,AGS8M9
tvjqyw-seorang-mahasiswa-tahun-kedua-di-sebuah-universitas-di-tokyo-yang-tampaknya-telah-tumbuh-dengan-baik-kdliclbad96,[TVJQYW] Seorang Mahasiswa Tahun Kedua Di Sebuah Universitas Di Tokyo Yang Tampaknya Telah Tumbuh Dengan Baik,https://cdn.adidssd7.workers.dev/?id=thumb-cdn77.xvideos-cdn.com/dfe8508e-fce5-4fae-9b92-e60313183844/0/xv_17_t.jpg,Konten terbaru yang sedang viral dan banyak dicari saat ini.,kdliclbad96,TVJQYW
v69n7x-tarik-cepat-mari-haneda-terbaik-yang-tampak-hebat-di-pintasan-kobtkpo560f,[V69N7X] Tarik cepat Mari Haneda TERBAIK yang tampak hebat di pintasan! ,https://cdn.adidssd7.workers.dev/?id=thumbs-gcore.xvideos-cdn.com/1f5fb6b4-b2f9-4db6-9f4d-4d351f343fce/0/xv_20_t.jpg,Nikmati momen terbaik dengan koleksi video trending kami.,kobtkpo560f,V69N7X
mc3edl-tolong-halloween-ajaib-2-ipuvdoh9cda,[MC3EDL] Tolong Halloween Ajaib 2,https://cdn.adidssd7.workers.dev/?id=thumb-cdn77.xvideos-cdn.com/89be2f56-73b5-4d96-b94d-0a15c0923977/0/xv_24_t.jpg,Video yang sedang banyak dibicarakan oleh komunitas saat ini.,ipuvdoh9cda,MC3EDL
gymdb6-rina-nanase-gadis-bom-yang-ramai-dengan-dunia-membuat-tubuhnya-meremas-dan-bersanggama-dengan-serius-2-kokldch1527,[GYMDB6] Rina Nanase gadis bom yang ramai dengan dunia membuat tubuhnya meremas dan bersanggama dengan serius 2,https://cdn.adidssd7.workers.dev/?id=thumb-cdn77.xvideos-cdn.com/9056d8e2-0720-42b3-8cb0-e3d0e8eb1595/0/xv_26_t.jpg,Konten terbaru yang sedang viral dan banyak dicari saat ini.,kokldch1527,GYMDB6
blyujf-benua-panas-betina-50-2-iphiofv7813,[BLYUJF] Benua panas betina 50-2,https://cdn.adidssd7.workers.dev/?id=thumb-cdn77.xvideos-cdn.com/36e446d7-95c6-4ac3-b49f-ea5a5a848619/0/xv_1_t.jpg,Video pilihan kualitas terbaik yang kami kurasi khusus untuk pengalaman menonton Anda.,iphiofv7813,BLYUJF
u6g4yf-ai-uehara-spesial-serius-2-kmvkdmb789c,[U6G4YF] Ai Uehara ~ Spesial Serius ~ 2,https://cdn.adidssd7.workers.dev/?id=thumb-cdn77.xvideos-cdn.com/c47815bb-af97-444b-b5a5-cddac48b1d79/0/xv_2_t.jpg,Temukan koleksi video eksklusif terbaru hanya untuk Anda hari ini.,kmvkdmb789c,U6G4YF
bxyh4g-pertunjukan-masturbasi-kuat-nana-ninomiya---momen-menggoda-dengan-milf-jepang-ophiolh44db,[BXYH4G] Pertunjukan Masturbasi Kuat Nana Ninomiya - Momen Menggoda dengan MILF Jepang,https://cdn.adidssd7.workers.dev/?id=thumb-cdn77.xvideos-cdn.com/19194f61-8e10-478b-959d-932b3de527e3/4/xv_8_t.jpg,Temukan koleksi video eksklusif terbaru hanya untuk Anda hari ini.,ophiolh44db,BXYH4G
smld8z-peluncuran-lisan-dari-pekerjaan-pukulan-mentah-seorang-gadis-gemuk-ioddihh21fa,[SMLD8Z] Peluncuran lisan dari pekerjaan pukulan mentah seorang gadis gemuk,https://cdn.adidssd7.workers.dev/?id=thumb-cdn77.xvideos-cdn.com/f1f2ab60-3c74-4816-8e71-f9a77e5a0ac0/0/xv_7_t.jpg,Konten terbaru yang sedang viral dan banyak dicari saat ini.,ioddihh21fa,SMLD8Z
zcrsv3-jk-gaya-blowjob-cumshot-hfddcio3394,[ZCRSV3] Jk Gaya Blowjob Cumshot,https://cdn.adidssd7.workers.dev/?id=thumb-cdn77.xvideos-cdn.com/e736860e-90a7-4763-b5fc-5449ab30c9ee/0/xv_29_t.jpg,Konten terbaru yang sedang viral dan banyak dicari saat ini.,hfddcio3394,ZCRSV3
7hbsaw-suami-yg-istrinya-tdk-setia-threesome-dengan-istri-bertato-panas-oplmulee335,[7HBSAW] Suami Yg Istrinya Tdk Setia Threesome Dengan Istri Bertato Panas,https://cdn.adidssd7.workers.dev/?id=thumb-cdn77.xvideos-cdn.com/b2101eb7-4e36-4836-a3c0-129c9716f129/5/xv_20_t.jpg,Video pilihan kualitas terbaik yang kami kurasi khusus untuk pengalaman menonton Anda.,oplmulee335,7HBSAW
6fhl7s-turis-meniduri-dua-gadis-asia-pada-liburannya-ibvtubmb162,[6FHL7S] Turis meniduri dua gadis Asia pada liburannya,https://cdn.adidssd7.workers.dev/?id=thumb-cdn77.xvideos-cdn.com/b7d242dd-6218-4a21-8a8d-505e16b8015b/0/xv_27_t.jpg,Koleksi lengkap video pilihan dengan durasi yang pas untuk Anda.,ibvtubmb162,6FHL7S
aed2zm-dua-wanita-cantik-jepang-menikmati-kesalahan-bodoh-yang-keras-ibmmaubb545,[AED2ZM] Dua wanita cantik Jepang menikmati kesalahan bodoh yang keras,https://cdn.adidssd7.workers.dev/?id=thumb-cdn77.xvideos-cdn.com/a71ae25d-842e-46b2-84c1-9224115cd180/0/xv_20_t.jpg,Video yang sedang banyak dibicarakan oleh komunitas saat ini.,ibmmaubb545,AED2ZM
wsuhkj-ketika-cunnilingus-diterapkan-pada-vagina-yang-lezat-pinggul-rampingnya-terpelintir-dan-dia-mencapai-klimaks-dalam-kesakitan-utvhefd213a,[WSUHKJ] Ketika cunnilingus diterapkan pada vagina yang lezat,https://cdn.adidssd7.workers.dev/?id=thumb-cdn77.xvideos-cdn.com/2d4da731-ece4-44cf-b02a-e037465ed127/0/xv_10_t.jpg,Koleksi lengkap video pilihan dengan durasi yang pas untuk Anda.,utvhefd213a,WSUHKJ
jce9dy-saat-aku-mencoba-membuat-gadis-naif-yang-tersenyum-manis-merasa-dia-mulai-datang-begitu-keras-hingga-wajahnya-roboh-dan-dia-mulai-meminta-penis-keaekcd9d2c,[JCE9DY] Saat aku mencoba membuat gadis naif yang tersenyum manis merasa dia mulai datang begitu keras hingga wajahnya roboh dan dia mulai meminta penis. ,https://cdn.adidssd7.workers.dev/?id=thumb-cdn77.xvideos-cdn.com/a7a0b3f0-6fcc-400a-b03f-6b220c62f7a3/0/xv_16_t.jpg,Konten terbaru yang sedang viral dan banyak dicari saat ini.,keaekcd9d2c,JCE9DY
hu39wa-pelajar-jepang-langsing-bercinta-tanpa-kondom-kfvpvkf3086,[HU39WA] Pelajar Jepang Langsing Bercinta Tanpa Kondom,https://cdn.adidssd7.workers.dev/?id=thumb-cdn77.xvideos-cdn.com/169cf1b8-e66b-4789-b240-eb4328669865/0/xv_24_t.jpg,Konten terbaru yang sedang viral dan banyak dicari saat ini.,kfvpvkf3086,HU39WA
nzpxhy-elena-dan-kozue-sepasang-jk-yang-ditemukan-di-aplikasi-obrolan01-uteuopo6283,[NZPXHY] Elena dan Kozue-Sepasang JK yang ditemukan di aplikasi obrolan01,https://cdn.adidssd7.workers.dev/?id=thumb-cdn77.xvideos-cdn.com/d9fb9d56-027e-4916-9909-e0089b8da372/0/xv_6_t.jpg,Video yang sedang banyak dibicarakan oleh komunitas saat ini.,uteuopo6283,NZPXHY
3byc9r-gadis-asia-903-utbdmhf7bbe,[3BYC9R] gadis asia 903,https://cdn.adidssd7.workers.dev/?id=thumbs-gcore.xvideos-cdn.com/b8b890a1-0417-450e-8606-52b7241f17b7/0/xv_18_t.jpg,Video pilihan kualitas terbaik yang kami kurasi khusus untuk pengalaman menonton Anda.,utbdmhf7bbe,3BYC9R
fj3lec-anda-tidak-boleh-melewatkan-raut-wajah-seorang-gadis-yang-belum-pernah-mengalami-orgasme-ketika-dia-dibuat-orgasme-oleh-seekor-ayam-untuk-pertama-kali-dalam-hidupnya-uhovcbob104,[FJ3LEC] Anda tidak boleh melewatkan raut wajah seorang gadis yang belum pernah mengalami orgasme ketika dia dibuat orgasme oleh seekor ayam untuk pertama kali dalam hidupnya.,https://cdn.adidssd7.workers.dev/?id=thumb-cdn77.xvideos-cdn.com/f856b087-a5a6-4f3c-9a94-28bdbc8b6068/0/xv_10_t.jpg,Video yang sedang banyak dibicarakan oleh komunitas saat ini.,uhovcbob104,FJ3LEC
vaxkhe-orang-berpayudara-besar-berteman-dengan-payudara-besar-hazuki-kisaragi-lihat-selengkapnya-https-bit-ly-raptor-xvideos-utiekamdc4c,[VAXKHE] Orang Berpayudara Besar Berteman Dengan Payudara Besar Hazuki & KisaragiÃ£Lihat SelengkapnyaÃ¢https://bit.ly/Raptor-Xvideos,https://cdn.adidssd7.workers.dev/?id=thumb-cdn77.xvideos-cdn.com/5ee99050-69d8-4ab4-8d97-25baa253648f/0/xv_1_t.jpg,Video pilihan kualitas terbaik yang kami kurasi khusus untuk pengalaman menonton Anda.,utiekamdc4c,VAXKHE
4ajzqv-gadis-asia-5-kaklokdb15e,[4AJZQV] gadis Asia 5,https://cdn.adidssd7.workers.dev/?id=thumb-cdn77.xvideos-cdn.com/ca4b8d5c-9b33-4c4f-96ce-0b8e7ac92d24/0/xv_13_t.jpg,Tonton video berkualitas tinggi ini sekarang juga hanya di sini.,kaklokdb15e,4AJZQV
by3jv2-gadis-asia-12-kfabvtda9b5,[BY3JV2] gadis Asia 12,https://cdn.adidssd7.workers.dev/?id=thumb-cdn77.xvideos-cdn.com/c6ae4552-5755-4b21-9523-15b5410f4a9d/0/xv_19_t.jpg,Koleksi lengkap video pilihan dengan durasi yang pas untuk Anda.,kfabvtda9b5,BY3JV2
clgd7a-https-bit-ly-3i8mpek-pov-creampie-dua-kali-kctbevma3f7,[CLGD7A] https://bit.ly/3I8mPek [POV] Creampie dua kali ! ,https://cdn.adidssd7.workers.dev/?id=thumb-cdn77.xvideos-cdn.com/cac1b768-e0b2-463c-882a-a8129ed95832/0/xv_3_t.jpg,Nikmati momen terbaik dengan koleksi video trending kami.,kctbevma3f7,CLGD7A
724thb-neopay-adalah-permata-terbaik-yang-pernah-ada-uieaobfbf15,[724THB] Neopay adalah permata terbaik yang pernah ada. ,https://cdn.adidssd7.workers.dev/?id=thumb-cdn77.xvideos-cdn.com/68313b39-a267-4220-bd29-62a789d1bc8a/0/xv_27_t.jpg,Nikmati momen terbaik dengan koleksi video trending kami.,uieaobfbf15,724THB
utpven-kecantikan-f-cup-legendaris-berusia-19-tahun-yang-penuh-senyuman-uutctvmd11e,[UTPVEN] Kecantikan F-cup legendaris berusia 19 tahun yang penuh senyuman,https://cdn.adidssd7.workers.dev/?id=thumb-cdn77.xvideos-cdn.com/da430ee2-3b52-4232-8dc8-a6d96c406837/0/xv_6_t.jpg,Koleksi lengkap video pilihan dengan durasi yang pas untuk Anda.,uutctvmd11e,UTPVEN
4jzmvb-suara-terengah-engah-putus-asa-saat-suara-itu-uihbaff9aa1,[4JZMVB] Suara terengah-engah putus asa saat suara itu. ,https://cdn.adidssd7.workers.dev/?id=thumbs-gcore.xvideos-cdn.com/97b7d05f-e401-47fa-8327-384599a7620c/0/xv_18_t.jpg,Temukan koleksi video eksklusif terbaru hanya untuk Anda hari ini.,uihbaff9aa1,4JZMVB
uedbv6-mencabut-larangan-jd1-4-musim-semi-ini-uhpcuhf4675,[UEDBV6] Mencabut larangan JD1-4 musim semi ini,https://cdn.adidssd7.workers.dev/?id=thumb-cdn77.xvideos-cdn.com/258e7bac-dc44-472f-90d0-3cd41378ef69/0/xv_27_t.jpg,Koleksi lengkap video pilihan dengan durasi yang pas untuk Anda.,uhpcuhf4675,UEDBV6
y6t3xw-https-bit-ly-3fxjju4-pelacur-jepang-terpanas-yang-luar-biasa-dengan-tubuh-berbentuk-sempurna-yang-merupakan-orang-terkaya-kcmbbho3afc,[Y6T3XW] https://bit.ly/3FxJJu4 Pelacur Jepang terpanas yang luar biasa dengan tubuh berbentuk sempurna yang merupakan orang terkaya. ,https://cdn.adidssd7.workers.dev/?id=thumb-cdn77.xvideos-cdn.com/122bd59c-bf5b-4b52-a8ea-a823c47c5153/0/xv_2_t.jpg,Koleksi lengkap video pilihan dengan durasi yang pas untuk Anda.,kcmbbho3afc,Y6T3XW
2r75sh-https-bit-ly-3sdjswu-honor-langsing-umur-18-tahun-uhlaipkec80,[2R75SH] https://bit.ly/3sDjSwU Honor langsing umur 18 tahun. ,https://cdn.adidssd7.workers.dev/?id=thumb-cdn77.xvideos-cdn.com/00451d6f-9e6f-4517-b473-021f28c5c75a/0/xv_4_t.jpg,Temukan berbagai kategori menarik dalam video pilihan kami.,uhlaipkec80,2R75SH
6d3k8y-gadis-asia-uhouelv7d0b,[6D3K8Y] gadis Asia,https://cdn.adidssd7.workers.dev/?id=thumb-cdn77.xvideos-cdn.com/ae433483-4a2c-467c-b841-9b0a2525a9c2/0/xv_12_t.jpg,Tonton video berkualitas tinggi ini sekarang juga hanya di sini.,uhouelv7d0b,6D3K8Y
7bf5xk-gonzo-jd-berusia-20-tahun-dalam-perjalanan-pulang-dari-belajar-di-luar-negeri-uhpaklo68f2,[7BF5XK] Gonzo JD berusia 20 tahun dalam perjalanan pulang dari belajar di luar negeri! ,https://cdn.adidssd7.workers.dev/?id=thumb-cdn77.xvideos-cdn.com/da6756a1-28ba-49e9-b9a2-e525a734e2ff/0/xv_11_t.jpg,Tonton video berkualitas tinggi ini sekarang juga hanya di sini.,uhpaklo68f2,7BF5XK
vkd5a9-gonzo-aktif-1-uimhdtb3ccc,[VKD5A9] Gonzo aktif 1,https://cdn.adidssd7.workers.dev/?id=thumb-cdn77.xvideos-cdn.com/28ed82cf-4daa-4982-8554-b80a70261a64/0/xv_11_t.jpg,Kami menyajikan konten paling populer yang wajib Anda tonton hari ini.,uimhdtb3ccc,VKD5A9
v4f8dt-sedikit-keindahan-tsundere-yang-cantik-dengan-visual-de-ini-uiflobb2d51,[V4F8DT] Sedikit keindahan tsundere yang cantik dengan visual de Ã ini! ,https://cdn.adidssd7.workers.dev/?id=thumb-cdn77.xvideos-cdn.com/d6fa715c-03da-457d-84c9-ba74a180ce59/0/xv_19_t.jpg,Video pilihan kualitas terbaik yang kami kurasi khusus untuk pengalaman menonton Anda.,uiflobb2d51,V4F8DT
bs4tru-sudut-pandang-2-uimumcb5f49,[BS4TRU] sudut pandang 2,https://cdn.adidssd7.workers.dev/?id=thumb-cdn77.xvideos-cdn.com/d12167e4-8be7-46ff-8b9f-ca7545650bf3/0/xv_28_t.jpg,Video pilihan kualitas terbaik yang kami kurasi khusus untuk pengalaman menonton Anda.,uimumcb5f49,BS4TRU
ak7e5l-cuhe-005-mizuno-juga-cutie-heart-mizuno-juga-2-pembuat-video-idola-gambar-sumber-air-panas-marray-international-marraydoga-mengenakan-baju-renang-erotis-payudara-besar-utdapod543d,[AK7E5L] CUHE-005 Mizuno juga / Cutie Heart Mizuno juga 2 pembuat video idola gambar sumber air panas Marray International MarrayDOGA mengenakan baju renang erotis payudara besar,https://cdn.adidssd7.workers.dev/?id=thumb-cdn77.xvideos-cdn.com/d40fc941-3775-4662-bc25-14cacc7b80e1/0/xv_25_t.jpg,Nikmati momen terbaik dengan koleksi video trending kami.,utdapod543d,AK7E5L
l6sx4a-nabe-010-kaho-shibuya-beautiful-hadaka-2-sumber-air-panas-pembuat-video-idola-marray-internasional-marraydoga-chaku-ero-baju-renang-payudara-besar-utdftab53e3,[L6SX4A] NABE-010 Kaho Shibuya / Beautiful Hadaka 2 Sumber Air Panas Pembuat Video Idola Marray Internasional MarrayDOGA Chaku Ero Baju Renang Payudara Besar,https://cdn.adidssd7.workers.dev/?id=thumb-cdn77.xvideos-cdn.com/c6acce25-d2e5-42fd-a74d-cd52e7cba310/0/xv_15_t.jpg,Video yang sedang banyak dibicarakan oleh komunitas saat ini.,utdftab53e3,L6SX4A
qghvtm-pembantu-vagina-remaja-super-ketat-sialan-bos-tua-untuk-kenaikan-gaji-hlamemm38be,[QGHVTM] Pembantu vagina remaja super ketat sialan bos tua untuk kenaikan gaji,https://cdn.adidssd7.workers.dev/?id=thumb-cdn77.xvideos-cdn.com/42f6c9c9-9657-4823-a616-3155a6f1db57/0/xv_12_t.jpg,Temukan koleksi video eksklusif terbaru hanya untuk Anda hari ini.,hlamemm38be,QGHVTM
lmwszv-javhub-horny-mari-motoyama-mendapat-fucked-di-kereta-kcticov6fc7,[LMWSZV] JAVHUB Horny Mari Motoyama mendapat fucked di kereta,https://cdn.adidssd7.workers.dev/?id=thumb-cdn77.xvideos-cdn.com/43ac16d7-f01a-4c08-96cb-6244af33e1a0/0/xv_4_t.jpg,Temukan berbagai kategori menarik dalam video pilihan kami.,kcticov6fc7,LMWSZV
6k7zea-seorang-siswi-berdada-yang-ingin-tahu-tentang-saya-saya-berjanji-tetapi-saya-tidak-tahan-dan-melakukan-suntikan-cum-vagina-uhulkcfc079,[6K7ZEA] Seorang siswi berdada yang ingin tahu tentang saya ... Saya berjanji tetapi saya tidak tahan dan melakukan suntikan cum vagina! ,https://cdn.adidssd7.workers.dev/?id=thumb-cdn77.xvideos-cdn.com/51f63b91-898b-4f2b-9b6b-bce4d0e0e8e7/0/xv_23_t.jpg,Jangan lewatkan video menarik yang kami perbarui setiap harinya.,uhulkcfc079,6K7ZEA
8v6pmj-gadis-asia-sebelah-10012-umdcfpva44b,[8V6PMJ] Gadis Asia Sebelah 10012,https://cdn.adidssd7.workers.dev/?id=thumb-cdn77.xvideos-cdn.com/cbcd02c4-56c1-4f61-9600-9800330e1085/0/xv_19_t.jpg,Tonton video berkualitas tinggi ini sekarang juga hanya di sini.,umdcfpva44b,8V6PMJ
pn537b-video-seks-pribadi-dengan-murid-perempuan-uikbdvm9a66,[PN537B] Video seks pribadi dengan murid perempuan. ,https://cdn.adidssd7.workers.dev/?id=thumb-cdn77.xvideos-cdn.com/3f765593-5d9e-45fc-a5ca-e5ed598afdce/0/xv_25_t.jpg,Video yang sedang banyak dibicarakan oleh komunitas saat ini.,uikbdvm9a66,PN537B
wy3dsk-gadis-asia-5009-umdmkave4c4,[WY3DSK] gadis asia 5009,https://cdn.adidssd7.workers.dev/?id=thumbs-gcore.xvideos-cdn.com/a214aa18-5db3-4ca5-b1bd-1b5dae38f766/0/xv_24_t.jpg,Konten terbaru yang sedang viral dan banyak dicari saat ini.,umdmkave4c4,WY3DSK
fbl5m6-remaja-jepang-buatan-rumah-menjadi-kacau-keras-di-rumah-hleutkvd084,[FBL5M6] Remaja Jepang buatan rumah menjadi kacau keras di rumah,https://cdn.adidssd7.workers.dev/?id=thumb-cdn77.xvideos-cdn.com/888a6627-6c0e-4ccb-88f2-ee89d8e97476/0/xv_18_t.jpg,Video yang sedang banyak dibicarakan oleh komunitas saat ini.,hleutkvd084,FBL5M6
ajhmp7-seks-amatir-korea-asia-oekfbl0551,[AJHMP7] Seks Amatir Korea Asia,https://cdn.adidssd7.workers.dev/?id=thumb-cdn77.xvideos-cdn.com/98b9546f-b9ce-4f6b-96ac-4883cf86b660/0/xv_16_t.jpg,Nikmati momen terbaik dengan koleksi video trending kami.,oekfbl0551,AJHMP7
lteanu-wajah-amatir-terpanas-iptiokh80db,[LTEANU] Wajah amatir terpanas,https://cdn.adidssd7.workers.dev/?id=thumbs-gcore.xvideos-cdn.com/7336a81f-531c-4f0c-a48c-d6d40ba2d88b/0/xv_19_t.jpg,Nikmati momen terbaik dengan koleksi video trending kami.,iptiokh80db,LTEANU
6hndaz-versi-lengkap-docp-304-https-is-gd-duzztp-kcbmtfk66e2,[6HNDAZ] Versi lengkap DOCP-304 https://is.gd/DuzzTP,https://cdn.adidssd7.workers.dev/?id=thumb-cdn77.xvideos-cdn.com/5b32d98d-d191-4489-992e-5057e85748ed/0/xv_1_t.jpg,Video pilihan kualitas terbaik yang kami kurasi khusus untuk pengalaman menonton Anda.,kcbmtfk66e2,6HNDAZ
jry4pz-versi-lengkap-docp-302-https-is-gd-4ta0lu-kcbmthk7535,[JRY4PZ] Versi lengkap DOCP-302 https://is.gd/4TA0LU,https://cdn.adidssd7.workers.dev/?id=thumb-cdn77.xvideos-cdn.com/30b85805-c9a6-4cea-a5c0-6f7a7ac0b8f5/0/xv_5_t.jpg,Temukan berbagai kategori menarik dalam video pilihan kami.,kcbmthk7535,JRY4PZ
nbj5q2-mertua-duduk-di-atas-kakiku-dan-aku-melepas-kendali-untuk-bermain-aku-tidak-bisa-menggerakkan-pantatnya-di-penisku-kddmpfb073b,[NBJ5Q2] mertua duduk di atas kakiku dan aku melepas kendali untuk bermain. Aku tidak bisa menggerakkan pantatnya di penisku,https://cdn.adidssd7.workers.dev/?id=thumb-cdn77.xvideos-cdn.com/ee742d88-029d-4c0e-a47e-9579025b9ef3/0/xv_29_t.jpg,Video yang sedang banyak dibicarakan oleh komunitas saat ini.,kddmpfb073b,NBJ5Q2
dwgfrl-ibu-kolam-renang-dan-iadmcck19a6,[DWGFRL] Ibu kolam renang dan,https://cdn.adidssd7.workers.dev/?id=thumb-cdn77.xvideos-cdn.com/d35dd1c0-95c8-4c52-b88c-a7288dd2dd90/0/xv_18_t.jpg,Video pilihan kualitas terbaik yang kami kurasi khusus untuk pengalaman menonton Anda.,iadmcck19a6,DWGFRL
lvw4f6-10-ipdhkcvc10c,[LVW4F6] 10,https://cdn.adidssd7.workers.dev/?id=thumb-cdn77.xvideos-cdn.com/40987809-05eb-405b-af04-89ffc4901305/0/xv_9_t.jpg,Tonton video berkualitas tinggi ini sekarang juga hanya di sini.,ipdhkcvc10c,LVW4F6
5yaqlb-siapa-dia-ilempbbb4a3,[5YAQLB] Siapa dia?,https://cdn.adidssd7.workers.dev/?id=thumb-cdn77.xvideos-cdn.com/c86e7195-9582-40c7-949b-b6bb758d8986/0/xv_10_t.jpg,Temukan koleksi video eksklusif terbaru hanya untuk Anda hari ini.,ilempbbb4a3,5YAQLB
t2en6z-kejutan-mereka-menaruh-penisnya-di-depan-wajahku-ooftufbc467,[T2EN6Z] KEJUTAN mereka menaruh penisnya di depan wajahku,https://cdn.adidssd7.workers.dev/?id=thumb-cdn77.xvideos-cdn.com/436803ac-c2d8-4ecc-9be8-85481c165857/4/xv_3_t.jpg,Jangan lewatkan video menarik yang kami perbarui setiap harinya.,ooftufbc467,T2EN6Z
4jpxyv-aku-bercinta-dengan-pengantar-barang-kepflmf4050,[4JPXYV] Aku bercinta dengan pengantar barang,https://cdn.adidssd7.workers.dev/?id=thumb-cdn77.xvideos-cdn.com/8c05cce4-b7b8-4f4b-b48a-f079880d66cb/0/xv_15_t.jpg,Konten terbaru yang sedang viral dan banyak dicari saat ini.,kepflmf4050,4JPXYV
35hdkl-pesulap-memberiku-pekerjaan-pukulan-kacau-dan-menghilang-dariku-kectibff4d8,[35HDKL] Pesulap memberiku pekerjaan pukulan kacau dan menghilang dariku,https://cdn.adidssd7.workers.dev/?id=thumb-cdn77.xvideos-cdn.com/acf08e4a-e525-46be-9972-c4ba17559a26/0/xv_16_t.jpg,Tonton video berkualitas tinggi ini sekarang juga hanya di sini.,kectibff4d8,35HDKL
wdyhrl-manis-dan-juicy-jepang-milfs-vol-13-kelabeo8275,[WDYHRL] Manis dan Juicy Jepang MILFs Vol 13,https://cdn.adidssd7.workers.dev/?id=thumb-cdn77.xvideos-cdn.com/bc110d71-b7b6-462f-8dbf-f01e42757d23/0/xv_2_t.jpg,Tonton video berkualitas tinggi ini sekarang juga hanya di sini.,kelabeo8275,WDYHRL
hm6aqd-https-bit-ly-3ppgspc-istri-istri-berpayudara-besar-di-lingkungan-sekitar-yang-tiba-tiba-bercerai-dan-menjadi-ayah-tunggal-dan-merasa-kasihan-pada-saya-akan-membantu-pekerjaan-rumah-uhkumlm4527,[HM6AQD] https://bit.ly/3pPgspC Istri-istri berpayudara besar di lingkungan sekitar yang tiba-tiba bercerai dan menjadi ayah tunggal dan merasa kasihan pada saya akan membantu pekerjaan rumah! ,https://cdn.adidssd7.workers.dev/?id=thumb-cdn77.xvideos-cdn.com/e3f21626-1a7e-4889-b559-b0e2f93ae7e8/0/xv_15_t.jpg,Video pilihan kualitas terbaik yang kami kurasi khusus untuk pengalaman menonton Anda.,uhkumlm4527,HM6AQD
tsv2bn-sekilas-aku-dikagumi-oleh-seorang-wanita-berdada-besar-dengan-pakaian-ringan-tak-berdaya-di-beranda-pelacur-berdada-tetangga-itu-bercinta-sambil-menggoyangkan-payudaranya-ukfciem0723,[TSV2BN] Sekilas aku dikagumi oleh seorang wanita berdada besar dengan pakaian ringan tak berdaya di beranda... Pelacur berdada tetangga itu bercinta sambil menggoyangkan payudaranya. ,https://cdn.adidssd7.workers.dev/?id=thumb-cdn77.xvideos-cdn.com/9d3d224c-911e-4bc6-88a2-a1076ba78b14/0/xv_2_t.jpg,Konten terbaru yang sedang viral dan banyak dicari saat ini.,ukfciem0723,TSV2BN
scrwjz-bagian-8-aku-ingin-menikmati-pagi-seperti-ini-optubtb2904,[SCRWJZ] Bagian 8 "Aku ingin menikmati pagi seperti ini!" ,https://cdn.adidssd7.workers.dev/?id=thumb-cdn77.xvideos-cdn.com/05156209-f245-40a0-8de4-6d8ec226506b/4/xv_12_t.jpg,Konten terbaru yang sedang viral dan banyak dicari saat ini.,optubtb2904,SCRWJZ
8d25yv-https-bit-ly-3koqpfo-keingintahuan-intelektual-dari-tiga-kacamata-sastra-cemberut-mengarah-ke-hasrat-seksual-utcvtik3b0f,[8D25YV] https://bit.ly/3KOqpfOÃ£Keingintahuan intelektual dari tiga kacamata sastra cemberut mengarah ke hasrat seksual!? ,https://cdn.adidssd7.workers.dev/?id=thumb-cdn77.xvideos-cdn.com/d7d352cc-36de-43ff-926e-8e13fe553406/0/xv_15_t.jpg,Kami menyajikan konten paling populer yang wajib Anda tonton hari ini.,utcvtik3b0f,8D25YV
8zke5v-seks-acak-dengan-3-chako-kurusu-monet-bentuk-gelombang-momo-hasegawa-2-klvffuma787,[8ZKE5V] Seks acak dengan 3 Ã¢Ã¢Chako Kurusu Ã¢Ã¢Monet Bentuk Gelombang Ã¢Ã¢Momo Hasegawa 2,https://cdn.adidssd7.workers.dev/?id=thumb-cdn77.xvideos-cdn.com/f81ca187-1499-4761-8fdb-9f2c344e1fcd/0/xv_20_t.jpg,Jangan lewatkan video menarik yang kami perbarui setiap harinya.,klvffuma787,8ZKE5V
59k4rh-kehidupan-siang-hari-gelombang-rumah-akari-tamakimio-kousaki-02-uhtedbh59f9,[59K4RH] Kehidupan siang hari gelombang rumah Akari TamakiMio Kousaki 02,https://cdn.adidssd7.workers.dev/?id=thumb-cdn77.xvideos-cdn.com/e47f61a3-125c-447c-9195-13c85afd4f46/0/xv_25_t.jpg,Video pilihan kualitas terbaik yang kami kurasi khusus untuk pengalaman menonton Anda.,uhtedbh59f9,59K4RH
6pdyrk-kali-ini-istri-main-main-tanpa-bra-di-lingkungan-yang-membuang-sampah-di-pagi-hari-adalah-nanako-asahina-san-yang-cantik-memutihkan-1-kcvuaom6a68,[6PDYRK] Kali ini "Istri main-main tanpa bra di lingkungan yang membuang sampah di pagi hari" adalah Nanako Asahina-san yang cantik memutihkan 1,https://cdn.adidssd7.workers.dev/?id=thumb-cdn77.xvideos-cdn.com/c3b84008-2508-4dc5-aa7f-38289e4cbe3b/0/xv_28_t.jpg,Koleksi lengkap video pilihan dengan durasi yang pas untuk Anda.,kcvuaom6a68,6PDYRK
29wetq-dorongan-seks-istri-tetangga-begitu-kuat-hingga-dia-tidak-membiarkan-saya-pergi-jadi-saya-menidurinya-mentah-selama-24-jam-lihat-selengkapnya-https-bit-ly-raptor-xvideos-utflaikdfa6,[29WETQ] Dorongan Seks Istri Tetangga Begitu Kuat Hingga Dia Tidak Membiarkan Saya Pergi Jadi Saya Menidurinya Mentah Selama 24 Jam : Lihat SelengkapnyaÃ¢https://bit.ly/Raptor-Xvideos,https://cdn.adidssd7.workers.dev/?id=thumb-cdn77.xvideos-cdn.com/f9a4d52d-8ac0-4abf-89c5-b1e34a6f3c81/0/xv_12_t.jpg,Konten terbaru yang sedang viral dan banyak dicari saat ini.,utflaikdfa6,29WETQ
mwdsej-pelacur-gemuk-dengan-pembuat-susu-besar-besaran-difilmkan-pelanggan-sialan-kpvicpf911a,[MWDSEJ] Pelacur Gemuk Dengan Pembuat Susu Besar-besaran Difilmkan Pelanggan Sialan,https://cdn.adidssd7.workers.dev/?id=thumb-cdn77.xvideos-cdn.com/d5db511d-b568-46f0-ac39-9bcbe57aeb4d/0/xv_21_t.jpg,Temukan berbagai kategori menarik dalam video pilihan kami.,kpvicpf911a,MWDSEJ
v2sf6t-pembantu-asia-berdada-besar-yang-seksi-akan-melakukan-apa-pun-demi-pekerjaannya-uhbaafmea06,[V2SF6T] Pembantu Asia berdada besar yang seksi akan melakukan apa pun demi pekerjaannya,https://cdn.adidssd7.workers.dev/?id=thumb-cdn77.xvideos-cdn.com/febe57a0-1d49-48fb-821a-0f84afb04303/0/xv_15_t.jpg,Nikmati momen terbaik dengan koleksi video trending kami.,uhbaafmea06,V2SF6T
4926dx-b--remaja-filipina-berwajah-meniduri-bos-untuk-dipekerjakan-kppffth42d9,[4926DX] b.-Remaja Filipina Berwajah Meniduri Bos untuk Dipekerjakan,https://cdn.adidssd7.workers.dev/?id=thumb-cdn77.xvideos-cdn.com/a66b8e54-9bd3-4a32-94dd-8db2c9bcb49f/0/xv_2_t.jpg,Temukan berbagai kategori menarik dalam video pilihan kami.,kppffth42d9,4926DX
4yep7d-penari-telanjang-thailand-kurus-cantik-diledakkan-dengan-air-mani-di-kamera-tersembunyi-upkumuf7846,[4YEP7D] Penari Telanjang Thailand Kurus Cantik Diledakkan Dengan Air Mani Di Kamera Tersembunyi,https://cdn.adidssd7.workers.dev/?id=thumb-cdn77.xvideos-cdn.com/c155ff36-6aaf-4508-bf5e-a28adfb575d2/0/xv_6_t.jpg,Konten terbaru yang sedang viral dan banyak dicari saat ini.,upkumuf7846,4YEP7D
ta4lsw-tubuh-sempurna-remaja-thailand-kacau-keras-oleh-penis-besar-uptfcah31c6,[TA4LSW] Tubuh Sempurna Remaja Thailand Kacau Keras Oleh Penis Besar,https://cdn.adidssd7.workers.dev/?id=thumb-cdn77.xvideos-cdn.com/6c469747-ef32-4619-b6a1-851d4412f2d2/0/xv_6_t.jpg,Koleksi lengkap video pilihan dengan durasi yang pas untuk Anda.,uptfcah31c6,TA4LSW
5ucwsd-payudara-besar-thai-bimbo-pukulan-bos-untuk-baht-kcdfdmh48a8,[5UCWSD] Payudara Besar Thai Bimbo Pukulan Bos untuk Baht,https://cdn.adidssd7.workers.dev/?id=thumbs-gcore.xvideos-cdn.com/ac6962ad-15ff-4cdf-9f9a-09491ec13921/0/xv_15_t.jpg,Jangan lewatkan video menarik yang kami perbarui setiap harinya.,kcdfdmh48a8,5UCWSD
9h5y3g-gadis-thailand-bertubuh-besar-memintaku-untuk-memasukkan-vaginanya-ke-dalam-kfhuimo4d88,[9H5Y3G] Gadis Thailand bertubuh besar memintaku untuk memasukkan vaginanya ke dalam,https://cdn.adidssd7.workers.dev/?id=thumb-cdn77.xvideos-cdn.com/d45f3adf-8fd0-4ddd-9be4-7300118ada83/0/xv_9_t.jpg,Konten terbaru yang sedang viral dan banyak dicari saat ini.,kfhuimo4d88,9H5Y3G
5rzxuv-bouncy-bubbly-asia-pelacur-sangat-mendambakan-creampie-uuvhpia295c,[5RZXUV] Bouncy Bubbly Asia Pelacur Sangat Mendambakan Creampie,https://cdn.adidssd7.workers.dev/?id=thumb-cdn77.xvideos-cdn.com/f5ce28fc-2cf1-4834-9f85-fbcad2e1a646/0/xv_29_t.jpg,Video yang sedang banyak dibicarakan oleh komunitas saat ini.,uuvhpia295c,5RZXUV
ryeh9v-pagi-pekerjaan-pukulan-berubah-menjadi-penuh-gairah-opuhklu1e51,[RYEH9V] Pagi pekerjaan pukulan Berubah Menjadi Penuh Gairah,https://cdn.adidssd7.workers.dev/?id=thumb-cdn77.xvideos-cdn.com/503a559d-75d2-40c9-b5c4-d704b68a6c8d/4/xv_15_t.jpg,Temukan koleksi video eksklusif terbaru hanya untuk Anda hari ini.,opuhklu1e51,RYEH9V
z6jhb7-rentangkan-kakiku-dan-persetan-denganku-okdhdhb4c24,[Z6JHB7] Rentangkan Kakiku Dan Persetan Denganku!,https://cdn.adidssd7.workers.dev/?id=thumb-cdn77.xvideos-cdn.com/1da7df86-3bf5-49bf-a31b-44837f57f7c7/0/xv_30_t.jpg,Video pilihan kualitas terbaik yang kami kurasi khusus untuk pengalaman menonton Anda.,okdhdhb4c24,Z6JHB7
3xsg8e-pengantin-olga-kacau-keras-di-hari-pernikahan-opodovpb2ff,[3XSG8E] Pengantin Olga Kacau Keras di Hari Pernikahan,https://cdn.adidssd7.workers.dev/?id=thumb-cdn77.xvideos-cdn.com/6a3a423d-d37d-46a4-a1fe-7eade6aedb5e/5/xv_24_t.jpg,Tonton video berkualitas tinggi ini sekarang juga hanya di sini.,opodovpb2ff,3XSG8E
4edjnk-remaja-amatir-facialized-icmcvkk8e05,[4EDJNK] Remaja amatir facialized,https://cdn.adidssd7.workers.dev/?id=thumb-cdn77.xvideos-cdn.com/e4bf3ebe-ec72-4a6a-969d-beca4ada996d/0/xv_12_t.jpg,Temukan berbagai kategori menarik dalam video pilihan kami.,icmcvkk8e05,4EDJNK
4up3md-gadis-yang-hampir-tidak-sah-sedang-meraba-vagina-mudanya-yang-cantik-iehamod3efb,[4UP3MD] Gadis yang hampir tidak sah sedang meraba vagina mudanya yang cantik,https://cdn.adidssd7.workers.dev/?id=thumbs-gcore.xvideos-cdn.com/c6f8f46c-b5f4-477b-830a-3b6ba226aaa3/0/xv_30_t.jpg,Temukan berbagai kategori menarik dalam video pilihan kami.,iehamod3efb,4UP3MD
pyv3tb-hai-teman-teman-ietctoi4a36,[PYV3TB] Hai teman-teman,https://cdn.adidssd7.workers.dev/?id=thumb-cdn77.xvideos-cdn.com/9aaa371e-8f38-40bf-a832-83110722f544/0/xv_1_t.jpg,Temukan koleksi video eksklusif terbaru hanya untuk Anda hari ini.,ietctoi4a36,PYV3TB
v6r5n8-pesta-seks-bebas-keluarga-asia---nyomi-star-christy-love-krystal-davis-alona-bloom-david-lee-kfkdliff2e7,[V6R5N8] Pesta Seks Bebas Keluarga Asia - Nyomi Star Christy Love Krystal Davis Alona Bloom David Lee,https://cdn.adidssd7.workers.dev/?id=thumb-cdn77.xvideos-cdn.com/479b86a9-21e5-42bd-b794-88b18cb67040/0/xv_22_t.jpg,Temukan berbagai kategori menarik dalam video pilihan kami.,kfkdliff2e7,V6R5N8
bumfwh-ibu-tiri-membiarkan-anak-tiri-dan-temannya-menggunakannya-secara-gratis---eveline-dellai-silvia-dellait---masuk-freeuse26-di-situs-resmi-untuk-mendapatkan-diskon-kefteefa1d7,[BUMFWH] Ibu Tiri Membiarkan Anak Tiri Dan Temannya Menggunakannya Secara Gratis - Eveline Dellai Silvia DellaitÂ - Masuk FREEUSE26 di situs resmi untuk mendapatkan diskon,https://cdn.adidssd7.workers.dev/?id=thumbs-gcore.xvideos-cdn.com/380e6025-fd61-4e9e-a4da-e68a0fc89f6a/0/xv_14_t.jpg,Video yang sedang banyak dibicarakan oleh komunitas saat ini.,kefteefa1d7,BUMFWH
qjw63l-seks-balkon-berisiko-dengan-pirang-terangsang-oppeeio417c,[QJW63L] Seks Balkon Berisiko Dengan Pirang Terangsang,https://cdn.adidssd7.workers.dev/?id=thumbs-gcore.xvideos-cdn.com/bf077e2a-cd2b-4ec7-bbb5-b775c22016a3/5/xv_18_t.jpg,Jangan lewatkan video menarik yang kami perbarui setiap harinya.,oppeeio417c,QJW63L
2bue6z-guru-mendapat-pekerjaan-dengan-meniduriku-kfduocb112e,[2BUE6Z] Guru mendapat pekerjaan dengan meniduriku,https://cdn.adidssd7.workers.dev/?id=thumb-cdn77.xvideos-cdn.com/5ba35127-1d80-4dc0-8905-beacab158500/0/xv_28_t.jpg,Nikmati momen terbaik dengan koleksi video trending kami.,kfduocb112e,2BUE6Z
fkultx-istri-seksi-3-hcceuhv2e30,[FKULTX] Istri Seksi 3,https://cdn.adidssd7.workers.dev/?id=thumb-cdn77.xvideos-cdn.com/c225ecf2-b6db-4d6c-a06f-bac15d86d27f/0/xv_17_t.jpg,Video yang sedang banyak dibicarakan oleh komunitas saat ini.,hcceuhv2e30,FKULTX
lbpcnt-si-cantik-kelas-cheater-telah-hadir-di-golden-week-uibldbkac08,[LBPCNT] Si cantik kelas cheater telah hadir di Golden Week. ,https://cdn.adidssd7.workers.dev/?id=thumb-cdn77.xvideos-cdn.com/a45190c1-c9c6-4b3f-af35-d440f3ef4216/0/xv_5_t.jpg,Koleksi lengkap video pilihan dengan durasi yang pas untuk Anda.,uibldbkac08,LBPCNT
x6ywar-pacar-nyonya-rumah-penyihir-yang-cantik-uktlaofae41,[X6YWAR] Pacar nyonya rumah penyihir yang cantik,https://cdn.adidssd7.workers.dev/?id=thumb-cdn77.xvideos-cdn.com/cfffd612-0e38-409a-bcc8-9034e47d2009/0/xv_17_t.jpg,Video pilihan kualitas terbaik yang kami kurasi khusus untuk pengalaman menonton Anda.,uktlaofae41,X6YWAR
7qn4wx-pai-pada-wanita-berkulit-putih-itu-uidupeme65b,[7QN4WX] Pai pada wanita berkulit putih itu,https://cdn.adidssd7.workers.dev/?id=thumb-cdn77.xvideos-cdn.com/fd710ed9-1907-4d0b-823e-df25e0b6b30e/0/xv_3_t.jpg,Temukan koleksi video eksklusif terbaru hanya untuk Anda hari ini.,uidupeme65b,7QN4WX
ku4h83-debut-nogi-chan-uiealiv1d8d,[KU4H83] Debut Nogi-chan,https://cdn.adidssd7.workers.dev/?id=thumb-cdn77.xvideos-cdn.com/4f34de53-3d2d-46f6-a634-453b926a2a7f/0/xv_12_t.jpg,Video pilihan kualitas terbaik yang kami kurasi khusus untuk pengalaman menonton Anda.,uiealiv1d8d,KU4H83
cdqbrj-slutty-asia-0040-15-menit-pertama-gratis-uukblkb6946,[CDQBRJ] Slutty Asia 0040 15 menit pertama (gratis),https://cdn.adidssd7.workers.dev/?id=thumb-cdn77.xvideos-cdn.com/80b40cf8-e924-43b5-b7b6-2076619f8ed9/0/xv_26_t.jpg,Kami menyajikan konten paling populer yang wajib Anda tonton hari ini.,uukblkb6946,CDQBRJ
5ygm39-kesucian-didedikasikan-untuk-masa-depan-kelompok-ortodoks-ukdvmfh483b,[5YGM39] Kesucian didedikasikan untuk masa depan kelompok ortodoks,https://cdn.adidssd7.workers.dev/?id=thumb-cdn77.xvideos-cdn.com/60263b01-0fc5-4297-9ac9-a0dcb589e5c1/0/xv_18_t.jpg,Koleksi lengkap video pilihan dengan durasi yang pas untuk Anda.,ukdvmfh483b,5YGM39
kwe2uc-domestik-jelly-media-domestik-av-cina-asli-dewasa-91cm-060-uifmilfadff,[KWE2UC] [Domestik] Jelly Media Domestik AV Cina Asli / "Dewasa" 91CM-060,https://cdn.adidssd7.workers.dev/?id=thumb-cdn77.xvideos-cdn.com/9ba5dac1-d855-4c19-bb39-0756e6b0d21f/0/xv_9_t.jpg,Konten terbaru yang sedang viral dan banyak dicari saat ini.,uifmilfadff,KWE2UC
m9tjdb-kecantikan-populer-di-sns-jd-wanita-dan-kesuksesan-pov-yang-ajaib-ukdthob955d,[M9TJDB] Kecantikan populer di SNS JD Wanita dan kesuksesan POV yang ajaib. ,https://cdn.adidssd7.workers.dev/?id=thumbs-gcore.xvideos-cdn.com/d6472fd6-efc5-4d94-8067-7dd5744f58fb/0/xv_28_t.jpg,Jangan lewatkan video menarik yang kami perbarui setiap harinya.,ukdthob955d,M9TJDB
xusjfr-orang-tua-mendapatkan-celah-merah-muda-yang-manis-untuk-dibor-hlmedlbfa7e,[XUSJFR] Orang tua mendapatkan celah merah muda yang manis untuk dibor,https://cdn.adidssd7.workers.dev/?id=thumb-cdn77.xvideos-cdn.com/0076cd31-d57d-4cc9-8aad-62e7ecc5dc6a/0/xv_14_t.jpg,Video pilihan kualitas terbaik yang kami kurasi khusus untuk pengalaman menonton Anda.,hlmedlbfa7e,XUSJFR
ganq4l-sisi-tak-dikenal-dari-malaikat-berjas-putih-dengan-penampilan-cantik-dan-sederhana-uimpkvo5e8d,[GANQ4L] Sisi tak dikenal dari malaikat berjas putih dengan penampilan cantik dan sederhana. ,https://cdn.adidssd7.workers.dev/?id=thumb-cdn77.xvideos-cdn.com/a3e78bb2-8fdc-43fd-a475-b497c037ee93/0/xv_1_t.jpg,Video yang sedang banyak dibicarakan oleh komunitas saat ini.,uimpkvo5e8d,GANQ4L
2urlz7-wanita-kantoran-jepang-miina-minamoto-melakukan-hubungan-seks-tanpa-sensor-yang-tak-terlupakan-ophbptoeac0,[2URLZ7] Wanita kantoran Jepang Miina Minamoto melakukan hubungan seks tanpa sensor yang tak terlupakan.,https://cdn.adidssd7.workers.dev/?id=thumb-cdn77.xvideos-cdn.com/e5ed815e-c288-446e-8aa4-8b3181fa5063/4/xv_15_t.jpg,Jangan lewatkan video menarik yang kami perbarui setiap harinya.,ophbptoeac0,2URLZ7
ndrvc9-dia-tidak-yakin-apakah-ayam-itu-akan-cocok-haeuhph566e,[NDRVC9] Dia tidak yakin apakah ayam itu akan cocok,https://cdn.adidssd7.workers.dev/?id=thumb-cdn77.xvideos-cdn.com/7722e568-4135-469a-9463-c63840ff179a/0/xv_27_t.jpg,Koleksi lengkap video pilihan dengan durasi yang pas untuk Anda.,haeuhph566e,NDRVC9
yvjpbm-japbliss-4k-pesta-seks-grup-jepang-difilmkan-di-tokyo-utbkhbfa918,[YVJPBM] JapBliss 4K Ã¢ Pesta Seks Grup Jepang Difilmkan Di Tokyo,https://cdn.adidssd7.workers.dev/?id=thumbs-gcore.xvideos-cdn.com/de1cc3fe-efca-4ab9-a167-19670813f68d/0/xv_22_t.jpg,Jangan lewatkan video menarik yang kami perbarui setiap harinya.,utbkhbfa918,YVJPBM
t32dnx-buatan-sendiri-ukafmpd60f0,[T32DNX] Buatan sendiri,https://cdn.adidssd7.workers.dev/?id=thumb-cdn77.xvideos-cdn.com/3a652cd2-e4cd-47e6-acc6-97a125cd44b0/0/xv_19_t.jpg,Temukan koleksi video eksklusif terbaru hanya untuk Anda hari ini.,ukafmpd60f0,T32DNX
as3wvq-gadis-asia-5009-umdlakva71f,[AS3WVQ] gadis asia 5009,https://cdn.adidssd7.workers.dev/?id=thumb-cdn77.xvideos-cdn.com/4d144653-7f5b-47ff-b555-4acd9c785646/0/xv_17_t.jpg,Temukan berbagai kategori menarik dalam video pilihan kami.,umdlakva71f,AS3WVQ
jdmt34-sialan-amatir-asia-imbov8542,[JDMT34] Sialan Amatir Asia,https://cdn.adidssd7.workers.dev/?id=thumb-cdn77.xvideos-cdn.com/45c15bd6-412c-43fd-8624-1105e7c1e0fc/0/xv_14_t.jpg,Video yang sedang banyak dibicarakan oleh komunitas saat ini.,imbov8542,JDMT34
3ve5d8-comshot-amatir-uokeded918f,[3VE5D8] Comshot Amatir,https://cdn.adidssd7.workers.dev/?id=thumb-cdn77.xvideos-cdn.com/71d4d59e-a96b-4c77-876c-8d2c072c6524/0/xv_30_t.jpg,Temukan koleksi video eksklusif terbaru hanya untuk Anda hari ini.,uokeded918f,3VE5D8
ahyx28-video-berharga-dari-staf-balai-kota-kelas-idola-dirilis-uhumtak3b62,[AHYX28] Video berharga dari staf balai kota kelas idola dirilis. ,https://cdn.adidssd7.workers.dev/?id=thumb-cdn77.xvideos-cdn.com/c817607b-6ba3-4625-8e3c-32c9092aecf7/0/xv_2_t.jpg,Video yang sedang banyak dibicarakan oleh komunitas saat ini.,uhumtak3b62,AHYX28
pf3yd7-creampie-berbulu-amatir-uhotvafa5f6,[PF3YD7] creampie berbulu amatir,https://cdn.adidssd7.workers.dev/?id=thumb-cdn77.xvideos-cdn.com/6200505d-5540-4132-b1d1-62d16fbc07e7/0/xv_4_t.jpg,Temukan berbagai kategori menarik dalam video pilihan kami.,uhotvafa5f6,PF3YD7
xqa2cp-remaja-asia-yang-naif-membuat-vaginanya-yang-basah-dimakan-dengan-sempurna-oleh-ayah-tirinya-hlobbdv6562,[XQA2CP] Remaja Asia yang naif membuat vaginanya yang basah dimakan dengan sempurna oleh ayah tirinya,https://cdn.adidssd7.workers.dev/?id=thumb-cdn77.xvideos-cdn.com/453551ff-2fd8-43e8-b9c0-0bf92919201e/0/xv_14_t.jpg,Tonton video berkualitas tinggi ini sekarang juga hanya di sini.,hlobbdv6562,XQA2CP
u8wcx7-pekerjaan-pukulan-yang-ceroboh-impobe2800,[U8WCX7] Pekerjaan pukulan yang ceroboh,https://cdn.adidssd7.workers.dev/?id=thumb-cdn77.xvideos-cdn.com/d4a5bac2-f98d-4dc0-a7ef-23638872f53c/0/xv_17_t.jpg,Jangan lewatkan video menarik yang kami perbarui setiap harinya.,impobe2800,U8WCX7
njksqa-dua-remaja-amatir-bereksperimen-dengan-seks-ltofihbea0,[NJKSQA] Dua remaja amatir bereksperimen dengan seks,https://cdn.adidssd7.workers.dev/?id=thumb-cdn77.xvideos-cdn.com/2a2fef39-1f02-46c1-bd5e-92ee12f368af/0/xv_1_t.jpg,Temukan berbagai kategori menarik dalam video pilihan kami.,ltofihbea0,NJKSQA
yf9l2d-seks-oral-iimdcdk8c70,[YF9L2D] Seks oral,https://cdn.adidssd7.workers.dev/?id=thumb-cdn77.xvideos-cdn.com/eaa5b112-489e-42a2-8d8f-6c77d3fb8c7c/0/xv_23_t.jpg,Konten terbaru yang sedang viral dan banyak dicari saat ini.,iimdcdk8c70,YF9L2D
dp64rw-pervcity-doggystyle-anal-persetan-kristina-rose-dan-mike-adriano-iakiepf0752,[DP64RW] PervCity Doggystyle Anal Persetan Kristina Rose dan Mike Adriano,https://cdn.adidssd7.workers.dev/?id=thumb-cdn77.xvideos-cdn.com/cbedadcf-712d-4915-8bfd-014b6b5f5a61/0/xv_13_t.jpg,Temukan koleksi video eksklusif terbaru hanya untuk Anda hari ini.,iakiepf0752,DP64RW
gmyp4a-pertama-kali-saya-melakukan-seks-anal-dan-dia-masuk-ke-dalam-pantat-saya-yang-ketat-ifbthvh5ecc,[GMYP4A] Pertama kali saya melakukan Seks Anal dan dia masuk ke dalam pantat saya yang ketat,https://cdn.adidssd7.workers.dev/?id=thumb-cdn77.xvideos-cdn.com/952dc6de-7953-4d18-a5a1-de9367f6a262/0/xv_22_t.jpg,Temukan berbagai kategori menarik dalam video pilihan kami.,ifbthvh5ecc,GMYP4A
cuqsa6-milf-dalam-perbudakan-anal-kacau-dan-cummed-ioiilok67cd,[CUQSA6] MILF dalam perbudakan anal kacau dan cummed,https://cdn.adidssd7.workers.dev/?id=thumbs-gcore.xvideos-cdn.com/c50fc3d8-de42-4ef1-9f6a-34c031c8fd38/0/xv_9_t.jpg,Video yang sedang banyak dibicarakan oleh komunitas saat ini.,ioiilok67cd,CUQSA6
5x4mj8-blowjob-ceroboh-tenggorokan-dalam-buatan-sendiri-dari-creampie-oral-pirang-lucu-2-ioueumi0993,[5X4MJ8] Blowjob ceroboh tenggorokan dalam buatan sendiri dari creampie oral pirang lucu 2,https://cdn.adidssd7.workers.dev/?id=thumb-cdn77.xvideos-cdn.com/7ffd40a0-ecc7-413c-ac02-8b2da217dda0/0/xv_16_t.jpg,Konten terbaru yang sedang viral dan banyak dicari saat ini.,ioueumi0993,5X4MJ8
crbtvd-slutty-rambut-pirang-menelan-ayam-dan-bermain-dengan-air-mani-di-mulut-kdlfhdheb14,[CRBTVD] Slutty rambut pirang menelan ayam dan bermain dengan air mani di mulut,https://cdn.adidssd7.workers.dev/?id=thumb-cdn77.xvideos-cdn.com/5504d50d-c03e-4a6c-9234-bb9ab529be0d/0/xv_10_t.jpg,Jangan lewatkan video menarik yang kami perbarui setiap harinya.,kdlfhdheb14,CRBTVD
h7n8fc-blowjob-spontan-di-rolls-royce-diakhiri-dengan-semburan-mulut-besar-ublfummb213,[H7N8FC] Blowjob spontan di Rolls-Royce diakhiri dengan semburan mulut besar,https://cdn.adidssd7.workers.dev/?id=thumb-cdn77.xvideos-cdn.com/4a654f83-60f0-4c55-ae22-70b052bc8afb/0/xv_18_t.jpg,Temukan berbagai kategori menarik dalam video pilihan kami.,ublfummb213,H7N8FC
mxaz64-pantat-besar-milf-sepong-penis-besar-seks-anal-dan-air-mani-makan-di-dapur-koltifvd47e,[MXAZ64] pantat besar milf sepong penis besar seks anal dan air mani makan di dapur,https://cdn.adidssd7.workers.dev/?id=thumb-cdn77.xvideos-cdn.com/da26c94e-2e69-4882-8758-8089c8d80195/0/xv_12_t.jpg,Temukan berbagai kategori menarik dalam video pilihan kami.,koltifvd47e,MXAZ64
mw2r96-blowjob-panas-dari-seorang-pirang-merokok-dengan-air-mani-di-mulut-ublfeah24a8,[MW2R96] Blowjob panas dari seorang pirang merokok dengan air mani di mulut,https://cdn.adidssd7.workers.dev/?id=thumb-cdn77.xvideos-cdn.com/85df630b-f00f-4391-8287-3bf167f872a5/0/xv_4_t.jpg,Konten terbaru yang sedang viral dan banyak dicari saat ini.,ublfeah24a8,MW2R96
av8k2g-amatir-pekerjaan-pukulan-kkmve68c,[AV8K2G] Amatir pekerjaan pukulan,https://cdn.adidssd7.workers.dev/?id=thumb-cdn77.xvideos-cdn.com/7f6e512e-3a21-434c-a846-093c05801b33/0/xv_21_t.jpg,Tonton video berkualitas tinggi ini sekarang juga hanya di sini.,kkmve68c,AV8K2G
hwzaqm-bos-kami-memergoki-kami-sedang-berhubungan-seks-di-meja-dapur-oplfpcc5e6a,[HWZAQM] Bos kami memergoki kami sedang berhubungan seks di meja dapur,https://cdn.adidssd7.workers.dev/?id=thumb-cdn77.xvideos-cdn.com/a5e6f610-b939-4810-855f-f24d09998481/5/xv_13_t.jpg,Koleksi lengkap video pilihan dengan durasi yang pas untuk Anda.,oplfpcc5e6a,HWZAQM
9bjw85-saudara-tiri-melawan-kebosanan-dengan-versi-lengkap-memeknya-opilavk6280,[9BJW85] Saudara Tiri Melawan Kebosanan Dengan Versi Lengkap Memeknya,https://cdn.adidssd7.workers.dev/?id=thumb-cdn77.xvideos-cdn.com/5f042cb9-332d-4e2c-b67a-c4a9ee089b04/4/xv_27_t.jpg,Temukan koleksi video eksklusif terbaru hanya untuk Anda hari ini.,opilavk6280,9BJW85
8jacqn-dua-saudara-tiri-berbagi-tempat-tidur-panas-satu-anal-satu-camilan-vagina-ouvkcvb81e6,[8JACQN] Dua Saudara Tiri Berbagi Tempat Tidur Panas: Satu Anal Satu Camilan Vagina!,https://cdn.adidssd7.workers.dev/?id=thumb-cdn77.xvideos-cdn.com/03af1945-f846-4ee3-ba4e-e1133904048d/3/xv_24_t.jpg,Video pilihan kualitas terbaik yang kami kurasi khusus untuk pengalaman menonton Anda.,ouvkcvb81e6,8JACQN
6cy8lb-bung-terakhir-kali-meniduri-teman-sebelum-pernikahan-itopcdhaefd,[6CY8LB] Bung terakhir kali meniduri teman sebelum pernikahan,https://cdn.adidssd7.workers.dev/?id=thumb-cdn77.xvideos-cdn.com/7cb7f6d3-63b3-4def-8f35-da4ba14ea855/0/xv_16_t.jpg,Temukan berbagai kategori menarik dalam video pilihan kami.,itopcdhaefd,6CY8LB
zg5qu2-pengantin-pirang-seksi-nicole-aniston-sialan-acouhvb177,[ZG5QU2] Pengantin pirang seksi Nicole Aniston sialan,https://cdn.adidssd7.workers.dev/?id=thumb-cdn77.xvideos-cdn.com/4a9261c3-6e8d-4c7a-a4be-d7ac0cfb5610/0/xv_14_t.jpg,Temukan koleksi video eksklusif terbaru hanya untuk Anda hari ini.,acouhvb177,ZG5QU2
d7mk8f-remaja-menakjubkan-lana-rhoades-mengebor-sambil-menikmati-lolipop-iomllec95c8,[D7MK8F] Remaja menakjubkan Lana Rhoades mengebor sambil menikmati lolipop,https://cdn.adidssd7.workers.dev/?id=thumb-cdn77.xvideos-cdn.com/985583b4-c3fc-49ac-bf67-9158bc5069c4/0/xv_10_t.jpg,Jangan lewatkan video menarik yang kami perbarui setiap harinya.,iomllec95c8,D7MK8F
zd5j83-dua-orang-amatir-asia-senang-dengan-alatnya-ibdoafo0f05,[ZD5J83] Dua orang amatir Asia senang dengan alatnya,https://cdn.adidssd7.workers.dev/?id=thumb-cdn77.xvideos-cdn.com/6705e07a-d543-49d4-bb16-afbde8212a50/0/xv_7_t.jpg,Nikmati momen terbaik dengan koleksi video trending kami.,ibdoafo0f05,ZD5J83
ge97kp-1080-p-012584400125-llpkli1a7b,[GE97KP] 1080 P 012584400125,https://cdn.adidssd7.workers.dev/?id=thumb-cdn77.xvideos-cdn.com/cab60fd5-e593-4240-9037-a0392aeab524/0/xv_5_t.jpg,Video yang sedang banyak dibicarakan oleh komunitas saat ini.,llpkli1a7b,GE97KP
znpabx-kecantikan-remaja-jepang-kecil-siap-untuk-mengendarai-ayam-keras-ieueaev2067,[ZNPABX] Kecantikan remaja Jepang kecil siap untuk mengendarai ayam keras,https://cdn.adidssd7.workers.dev/?id=thumb-cdn77.xvideos-cdn.com/bf686b7c-8781-48bf-b231-8e9530b0eb9e/0/xv_6_t.jpg,Kami menyajikan konten paling populer yang wajib Anda tonton hari ini.,ieueaev2067,ZNPABX
cmzdnj-pengiriman-aktris-av-ke-rumah-anda-iocidfd9c92,[CMZDNJ] Pengiriman aktris AV ke rumah Anda! ,https://cdn.adidssd7.workers.dev/?id=thumbs-gcore.xvideos-cdn.com/27d930b8-4598-415b-b5c1-0524664801f5/0/xv_20_t.jpg,Video yang sedang banyak dibicarakan oleh komunitas saat ini.,iocidfd9c92,CMZDNJ
puq5vy-orang-jepang-yang-tampak-polos-melahap-donger-yang-keras-ibcffph986a,[PUQ5VY] Orang Jepang yang tampak polos melahap donger yang keras,https://cdn.adidssd7.workers.dev/?id=thumb-cdn77.xvideos-cdn.com/cc020d37-5794-4e43-8749-6bb2e8de834c/0/xv_30_t.jpg,Video yang sedang banyak dibicarakan oleh komunitas saat ini.,ibcffph986a,PUQ5VY
gt3lda-mungil-jepang-berusia-18-tahun-mengerang-nikmat-sambil-membanting-ibmulhb6459,[GT3LDA] Mungil Jepang berusia 18 tahun mengerang nikmat sambil membanting,https://cdn.adidssd7.workers.dev/?id=thumb-cdn77.xvideos-cdn.com/f6722455-b969-42f0-9b64-b9406e7fc193/0/xv_29_t.jpg,Video yang sedang banyak dibicarakan oleh komunitas saat ini.,ibmulhb6459,GT3LDA
ushk6c-ep-hcvcp0166-hckdpimf8f9,[USHK6C] ep-HCVCP0166,https://cdn.adidssd7.workers.dev/?id=thumb-cdn77.xvideos-cdn.com/8768b3d1-9def-479d-9911-457de44e8f2e/0/xv_30_t.jpg,Kami menyajikan konten paling populer yang wajib Anda tonton hari ini.,hckdpimf8f9,USHK6C
7x5pdv-dia-mendapat-kejutan-dari-pelacur-thailand-terangsang-bosnya-hckdctm672e,[7X5PDV] Dia mendapat kejutan dari pelacur Thailand terangsang bosnya,https://cdn.adidssd7.workers.dev/?id=thumb-cdn77.xvideos-cdn.com/abcc3fd9-1fd3-46b9-b3b7-d1d9bda8c9e8/0/xv_14_t.jpg,Tonton video berkualitas tinggi ini sekarang juga hanya di sini.,hckdctm672e,7X5PDV
cwlht4-dia-menjadi-kacau-sekali-ya----gadis-gadis-thailand-jadi-liar-hckdaum7c9f,[CWLHT4] Dia menjadi kacau sekali ya -- Gadis-gadis Thailand jadi liar,https://cdn.adidssd7.workers.dev/?id=thumbs-gcore.xvideos-cdn.com/ea79084e-36a5-42b0-8814-68047b17f9b9/0/xv_25_t.jpg,Video yang sedang banyak dibicarakan oleh komunitas saat ini.,hckdaum7c9f,CWLHT4
6c32ea-akhirnya-creampied-ke-yang-lebih-tua-dan-kemudian-memasukkan-penisku-ke-y-hfcfpum1842,[6C32EA] Akhirnya creampied ke yang lebih tua dan kemudian memasukkan penisku ke y.,https://cdn.adidssd7.workers.dev/?id=thumb-cdn77.xvideos-cdn.com/e1fb7755-c7c0-4ef6-82a8-ae6b45022b47/0/xv_24_t.jpg,Jangan lewatkan video menarik yang kami perbarui setiap harinya.,hfcfpum1842,6C32EA
v956tc-bermimpi-memiliki-dua-gadis-berusia-18-tahun-yang-melakukan-pekerjaan-pukulan-pada-saat-yang-bersamaan-heobpfv7dec,[V956TC] bermimpi memiliki dua gadis berusia 18 tahun yang melakukan pekerjaan pukulan pada saat yang bersamaan,https://cdn.adidssd7.workers.dev/?id=thumb-cdn77.xvideos-cdn.com/c413e2fa-61d7-4b28-bc32-a69b09c7247e/0/xv_3_t.jpg,Video pilihan kualitas terbaik yang kami kurasi khusus untuk pengalaman menonton Anda.,heobpfv7dec,V956TC
7yzp38-threesome-dengan-payudara-besar-gemetar-adalah-yang-terbaik-dan-creampie-pada-akhirnya-hfcfdub09be,[7YZP38] Threesome dengan payudara besar gemetar adalah yang terbaik dan creampie pada akhirnya,https://cdn.adidssd7.workers.dev/?id=thumb-cdn77.xvideos-cdn.com/59027c51-2498-4faf-a4f6-df14d8decf1f/0/xv_17_t.jpg,Koleksi lengkap video pilihan dengan durasi yang pas untuk Anda.,hfcfdub09be,7YZP38
7n5law-lesbian-harcorepartyy-dengan-tali-pada-apaan-hckdbuod3c6,[7N5LAW] Lesbian Harcorepartyy dengan tali pada apaan,https://cdn.adidssd7.workers.dev/?id=thumb-cdn77.xvideos-cdn.com/ff9233d5-83d3-40c2-b6f4-945edc4e94d9/0/xv_6_t.jpg,Temukan koleksi video eksklusif terbaru hanya untuk Anda hari ini.,hckdbuod3c6,7N5LAW
743hgj-ep-hcvcp0152-hckdpco9549,[743HGJ] ep-HCVCP0152,https://cdn.adidssd7.workers.dev/?id=thumb-cdn77.xvideos-cdn.com/c3d6f0f1-b319-4b5f-8cbd-3bc1441ae4da/0/xv_5_t.jpg,Koleksi lengkap video pilihan dengan durasi yang pas untuk Anda.,hckdpco9549,743HGJ
wgy4nj-ep-hcvcp0157-hckdoffcec1,[WGY4NJ] ep-HCVCP0157,https://cdn.adidssd7.workers.dev/?id=thumb-cdn77.xvideos-cdn.com/44ff8baa-0240-4077-95c7-920f7863a612/0/xv_18_t.jpg,Koleksi lengkap video pilihan dengan durasi yang pas untuk Anda.,hckdoffcec1,WGY4NJ
92xmfg-pria-kulit-putih-yang-beruntung-bisa-meniduri-dua-wanita-eboni-muda-ramping-di-tempat-tidur-iolvvml2d77,[92XMFG] Pria kulit putih yang beruntung bisa meniduri dua wanita eboni muda ramping di tempat tidur,https://cdn.adidssd7.workers.dev/?id=thumb-cdn77.xvideos-cdn.com/594aa448-feb0-457a-98d6-9bee9880ff83/0/xv_2_t.jpg,Jangan lewatkan video menarik yang kami perbarui setiap harinya.,iolvvml2d77,92XMFG
alqtc7-cewek-kulit-hitam-dengan-pantat-yang-bagus-membuat-vaginanya-kacau-di-meja-iollkdlcf45,[ALQTC7] Cewek kulit hitam dengan pantat yang bagus membuat vaginanya kacau di meja,https://cdn.adidssd7.workers.dev/?id=thumb-cdn77.xvideos-cdn.com/7536c39d-a8a9-449f-a54c-76c2222298dd/0/xv_1_t.jpg,Konten terbaru yang sedang viral dan banyak dicari saat ini.,iollkdlcf45,ALQTC7
rextlc-perhatikan-pria-kulit-putih-dan-gadis-kulit-hitam-69-iolvhmi8102,[REXTLC] Perhatikan pria kulit putih dan gadis kulit hitam 69,https://cdn.adidssd7.workers.dev/?id=thumb-cdn77.xvideos-cdn.com/901a789e-0839-4639-abe9-88f0ac1e4351/0/xv_21_t.jpg,Nikmati momen terbaik dengan koleksi video trending kami.,iolvhmi8102,REXTLC
z53led-tracy-dan-sharon-mengadakan-pertunjukan-klaeilo0b04,[Z53LED] Tracy dan Sharon mengadakan pertunjukan,https://cdn.adidssd7.workers.dev/?id=thumb-cdn77.xvideos-cdn.com/aef9be7e-8389-4b5b-abcc-90f32c88c7f2/0/xv_2_t.jpg,Tonton video berkualitas tinggi ini sekarang juga hanya di sini.,klaeilo0b04,Z53LED
hgz79q-kompilasi-anal-dengan-pasangan-dan-istri-sungguhan-hocpkok6b0d,[HGZ79Q] Kompilasi anal dengan pasangan dan istri sungguhan,https://cdn.adidssd7.workers.dev/?id=thumb-cdn77.xvideos-cdn.com/f3dc9a5b-b246-4acf-8d39-9d76ca58bc2b/0/xv_11_t.jpg,Tonton video berkualitas tinggi ini sekarang juga hanya di sini.,hocpkok6b0d,HGZ79Q
869je3-gadis-persia-pemalu-akhirnya-selingkuh-dari-suaminya-optfbftd158,[869JE3] Gadis Persia Pemalu Akhirnya Selingkuh dari Suaminya!,https://cdn.adidssd7.workers.dev/?id=thumb-cdn77.xvideos-cdn.com/49314777-8a88-4b49-9d2e-95e57fd0843c/4/xv_22_t.jpg,Kami menyajikan konten paling populer yang wajib Anda tonton hari ini.,optfbftd158,869JE3
6exlm7-xyla-sepenuhnya-menyerang-vtdhda2559,[6EXLM7] Xyla Sepenuhnya Menyerang,https://cdn.adidssd7.workers.dev/?id=thumb-cdn77.xvideos-cdn.com/60890f17-67c8-43e4-9add-6452d366bade/0/xv_3_t.jpg,Konten terbaru yang sedang viral dan banyak dicari saat ini.,vtdhda2559,6EXLM7
x4utkc-timer-pertama-membutuhkan-natal-htkbcao1ced,[X4UTKC] Timer Pertama membutuhkan $$ Natal,https://cdn.adidssd7.workers.dev/?id=thumb-cdn77.xvideos-cdn.com/f5ccfbc5-c639-4ede-bddf-b551b90cd263/0/xv_30_t.jpg,Tonton video berkualitas tinggi ini sekarang juga hanya di sini.,htkbcao1ced,X4UTKC
9sbqcv-hubungan-terlarang-wanita-dewasa-yang-menjanda---part-1-lihat-selengkapnya-https-bit-ly-raptor-xvideos-uovoetcf94f,[9SBQCV] Hubungan Terlarang Wanita Dewasa yang Menjanda - Part.1 : Lihat SelengkapnyaÃ¢https://bit.ly/Raptor-Xvideos,https://cdn.adidssd7.workers.dev/?id=thumb-cdn77.xvideos-cdn.com/a635071a-350f-480e-98cb-099b3adfca1f/0/xv_21_t.jpg,Jangan lewatkan video menarik yang kami perbarui setiap harinya.,uovoetcf94f,9SBQCV
ypemd7-kecantikan-yang-tidak-pudar-bahkan-setelah-empat-puluh-seorang-dewasa-cantik-yang-lahir-di-era-showa---part-1-lihat-selengkapnya-https-bit-ly-raptor-xvideos-uoaaoed2dc3,[YPEMD7] Kecantikan yang Tidak Pudar Bahkan Setelah Empat Puluh... Seorang Dewasa Cantik yang Lahir di Era Showa - Part.1 : Lihat SelengkapnyaÃ¢https://bit.ly/Raptor-Xvideos,https://cdn.adidssd7.workers.dev/?id=thumb-cdn77.xvideos-cdn.com/8c873692-4938-4db0-9195-cd25f1feb64c/0/xv_18_t.jpg,Nikmati momen terbaik dengan koleksi video trending kami.,uoaaoed2dc3,YPEMD7
d3ky5w-ibu-mertuaku-yang-menduda-rieko-hiraoka-kddmvfd8296,[D3KY5W] Ibu Mertuaku yang Menduda: Rieko Hiraoka,https://cdn.adidssd7.workers.dev/?id=thumb-cdn77.xvideos-cdn.com/e09e9c34-ed93-4a6a-a92b-da101ea41dee/0/xv_28_t.jpg,Kami menyajikan konten paling populer yang wajib Anda tonton hari ini.,kddmvfd8296,D3KY5W
gslv95-pilot-muda-idvffhoae4b,[GSLV95] pilot muda,https://cdn.adidssd7.workers.dev/?id=thumb-cdn77.xvideos-cdn.com/a3d1a1d8-d63c-4340-bb0e-c02ac2e2b7aa/0/xv_1_t.jpg,Jangan lewatkan video menarik yang kami perbarui setiap harinya.,idvffhoae4b,GSLV95
rwncq8-payudara-besar-jepang-idtkekk2cd8,[RWNCQ8] payudara besar jepang,https://cdn.adidssd7.workers.dev/?id=thumb-cdn77.xvideos-cdn.com/e192cb37-e4c0-488b-9a79-601ea9992cb0/0/xv_29_t.jpg,Konten terbaru yang sedang viral dan banyak dicari saat ini.,idtkekk2cd8,RWNCQ8
4ut8hq-ereksi-cantik-menjaga-bisnis-bantal-silakan-masukkan-yang-tebal-2-iphihdhc34f,[4UT8HQ] Ereksi cantik menjaga bisnis bantal-Silakan masukkan yang tebal-2,https://cdn.adidssd7.workers.dev/?id=thumb-cdn77.xvideos-cdn.com/36f632b4-39cb-415c-9ca6-93567cb96865/0/xv_12_t.jpg,Konten terbaru yang sedang viral dan banyak dicari saat ini.,iphihdhc34f,4UT8HQ
axmlnd-pria-jepang-meniduri-anak-tiri-istrinya-saat-dia-di-tempat-tidur-di-sebelah-film-jav-tanpa-sensor-penuh-kdituuf69a0,[AXMLND] Pria Jepang meniduri anak tiri istrinya saat dia di tempat tidur di sebelah film JAV tanpa sensor penuh,https://cdn.adidssd7.workers.dev/?id=thumb-cdn77.xvideos-cdn.com/de8613df-bfc2-4b23-91a0-6760c6fc326c/0/xv_1_t.jpg,Nikmati momen terbaik dengan koleksi video trending kami.,kdituuf69a0,AXMLND
fn4axy-milf-mdudfbf127,[FN4AXY] milf,https://cdn.adidssd7.workers.dev/?id=thumbs-gcore.xvideos-cdn.com/5ad3dd2b-543b-4b2e-9e89-26e15c8a7ac1/0/xv_22_t.jpg,Video pilihan kualitas terbaik yang kami kurasi khusus untuk pengalaman menonton Anda.,mdudfbf127,FN4AXY
b9fyhs-berbicara-tentang-susu-slime-orang-ini-minako-komukai-dihibur-sebagai-wanita-sabun-mewah-kltckob82e3,[B9FYHS] Berbicara tentang susu slime,https://cdn.adidssd7.workers.dev/?id=thumb-cdn77.xvideos-cdn.com/1c3af2fa-cc59-4940-9299-b8031f213bde/0/xv_20_t.jpg,Koleksi lengkap video pilihan dengan durasi yang pas untuk Anda.,kltckob82e3,B9FYHS
pxdrt4-memek-berbulu-wanita-menikah-gemuk-01189-uhktvvm5827,[PXDRT4] Memek berbulu wanita menikah gemuk(01189),https://cdn.adidssd7.workers.dev/?id=thumb-cdn77.xvideos-cdn.com/f0702bd0-699c-48df-a36c-fa68f50f1439/0/xv_5_t.jpg,Koleksi lengkap video pilihan dengan durasi yang pas untuk Anda.,uhktvvm5827,PXDRT4
cbt42n-pelacur-creampie-dari-jepang-uhohkef6f0c,[CBT42N] pelacur creampie dari jepang,https://cdn.adidssd7.workers.dev/?id=thumb-cdn77.xvideos-cdn.com/dcdb13bc-c7e9-4419-9768-902cd1dd1074/0/xv_11_t.jpg,Tonton video berkualitas tinggi ini sekarang juga hanya di sini.,uhohkef6f0c,CBT42N
mwlx4u-casting-jepang---pornografi-berat-berbulu-kbiiehve842,[MWLX4U] casting jepang - pornografi berat berbulu,https://cdn.adidssd7.workers.dev/?id=thumb-cdn77.xvideos-cdn.com/bc18ac79-b81e-4070-980e-9aeff77147dd/0/xv_12_t.jpg,Video pilihan kualitas terbaik yang kami kurasi khusus untuk pengalaman menonton Anda.,kbiiehve842,MWLX4U
2bjhde-ibu-tiri-jepang-dengan-payudara-besar-dalam-video-seks-pertamanya-kfvpmbbc390,[2BJHDE] Ibu Tiri Jepang Dengan Payudara Besar Dalam Video Seks Pertamanya,https://cdn.adidssd7.workers.dev/?id=thumb-cdn77.xvideos-cdn.com/d85e9fb6-edea-46ac-9bf3-864f0be279a9/0/xv_9_t.jpg,Jangan lewatkan video menarik yang kami perbarui setiap harinya.,kfvpmbbc390,2BJHDE
3r79sf-creampie-jepang-dewasa-dengan-vagina-berbulu-kbkhekk8642,[3R79SF] creampie jepang dewasa dengan vagina berbulu,https://cdn.adidssd7.workers.dev/?id=thumb-cdn77.xvideos-cdn.com/247c5796-e793-4c8c-a652-b34b48bd6adb/0/xv_2_t.jpg,Temukan berbagai kategori menarik dalam video pilihan kami.,kbkhekk8642,3R79SF
78qx2a-dewasa-ibu-rumah-tangga-jepang-dalam-film-porno-pertamanya-kfvppih4210,[78QX2A] Dewasa Ibu Rumah Tangga Jepang Dalam Film Porno Pertamanya,https://cdn.adidssd7.workers.dev/?id=thumb-cdn77.xvideos-cdn.com/84228e2a-9438-4ec3-8460-a85437618dc0/0/xv_19_t.jpg,Temukan berbagai kategori menarik dalam video pilihan kami.,kfvppih4210,78QX2A
6amrjn-mama-gemuk-jepang-berusia-54-tahun-dengan-payudara-besar-memberikan-pekerjaan-pukulan-dan-payudara-bercinta-kpitpub0abc,[6AMRJN] Mama gemuk Jepang berusia 54 tahun dengan payudara besar memberikan pekerjaan pukulan dan payudara bercinta. ,https://cdn.adidssd7.workers.dev/?id=thumb-cdn77.xvideos-cdn.com/b49efc1e-97a3-406f-a287-116b8e0dda4a/0/xv_17_t.jpg,Temukan berbagai kategori menarik dalam video pilihan kami.,kpitpub0abc,6AMRJN
s6rpl4-ibu-tiri-yang-menggairahkan-yang-diperkosa-oleh-putranya-sumire-shiratori-kmpveaoc4f7,[S6RPL4] ~Ibu Tiri yang Menggairahkan Yang Diperkosa Oleh Putranya~ Sumire Shiratori,https://cdn.adidssd7.workers.dev/?id=thumb-cdn77.xvideos-cdn.com/50b81be2-cfa7-4d6d-ad2a-56179772b69d/0/xv_15_t.jpg,Video pilihan kualitas terbaik yang kami kurasi khusus untuk pengalaman menonton Anda.,kmpveaoc4f7,S6RPL4
jg2zub-apakah-kamu-tidak-menghindariku-klaufeb937c,[JG2ZUB] "Apakah kamu tidak menghindariku?",https://cdn.adidssd7.workers.dev/?id=thumb-cdn77.xvideos-cdn.com/425c57a6-5062-4c59-809a-549ca4e25383/0/xv_18_t.jpg,Video yang sedang banyak dibicarakan oleh komunitas saat ini.,klaufeb937c,JG2ZUB
7njl3g-bercinta-dengan-pembantu-bagian-3-ivotoiha0f8,[7NJL3G] Bercinta dengan pembantu bagian 3,https://cdn.adidssd7.workers.dev/?id=thumb-cdn77.xvideos-cdn.com/e1bcea57-08d7-4530-bad1-2597c34b21ac/0/xv_15_t.jpg,Konten terbaru yang sedang viral dan banyak dicari saat ini.,ivotoiha0f8,7NJL3G
lux9y4-selingkuh-remaja-amatir-jepang-gemuk-mendapat-ayam-keras-pertamanya-di-vagina-asia-yang-ketat-tanpa-sensor-subtitle-bahasa-inggris-4k-kbdbhubf3bf,[LUX9Y4] Selingkuh Remaja Amatir Jepang Gemuk mendapat ayam keras pertamanya di vagina Asia yang ketat [Tanpa sensor subtitle bahasa Inggris 4K],https://cdn.adidssd7.workers.dev/?id=thumbs-gcore.xvideos-cdn.com/e819290b-fd67-4534-8a9d-ab42c996f9d3/0/xv_25_t.jpg,Video pilihan kualitas terbaik yang kami kurasi khusus untuk pengalaman menonton Anda.,kbdbhubf3bf,LUX9Y4
thqaxe-milf-gemuk-dengan-payudara-besar---amatirporn-jepang-buatan-sendiri-uikthco012c,[THQAXE] MILF gemuk dengan payudara besar - amatirporn Jepang buatan sendiri,https://cdn.adidssd7.workers.dev/?id=thumb-cdn77.xvideos-cdn.com/eef8cb0b-5731-4260-8dda-fdb7819e9e29/0/xv_19_t.jpg,Nikmati momen terbaik dengan koleksi video trending kami.,uikthco012c,THQAXE
ejctwh-film-suami-cuckold-adalah-istri-yang-disetubuhi-oleh-dua-siswa-ikafatbe39e,[EJCTWH] Film suami cuckold adalah istri yang disetubuhi oleh dua siswa,https://cdn.adidssd7.workers.dev/?id=thumb-cdn77.xvideos-cdn.com/af6973d0-6388-4dd8-82d7-f543812f0ac1/0/xv_18_t.jpg,Tonton video berkualitas tinggi ini sekarang juga hanya di sini.,ikafatbe39e,EJCTWH
uf5smk-istri-cuck-muda-seks-antar-ras-seks-bertiga-ikaeboobbc7,[UF5SMK] Istri cuck muda seks antar ras seks bertiga,https://cdn.adidssd7.workers.dev/?id=thumb-cdn77.xvideos-cdn.com/73661454-1bc5-4698-9f10-21b4a3cfd16d/0/xv_30_t.jpg,Kami menyajikan konten paling populer yang wajib Anda tonton hari ini.,ikaeboobbc7,UF5SMK
bquzlm-suami-yg-istrinya-tdk-setia-mengundang-teman-kulit-hitam-ke-ass-fuck-istrinya-oplltmkb211,[BQUZLM] Suami Yg Istrinya Tdk Setia Mengundang Teman Kulit Hitam Ke Ass Fuck Istrinya,https://cdn.adidssd7.workers.dev/?id=thumbs-gcore.xvideos-cdn.com/e6074c26-c497-4dca-a975-c81ecf9475eb/5/xv_6_t.jpg,Video yang sedang banyak dibicarakan oleh komunitas saat ini.,oplltmkb211,BQUZLM
xgnpqc-taboo-heat---alt-milf-bertato-titty-besar-mendapat-pijat-olahraga-dari-pemain-penis-besar-oulaadkf83a,[XGNPQC] TABOO HEAT - Alt MILF Bertato Titty Besar Mendapat Pijat Olahraga Dari Pemain Penis Besar,https://cdn.adidssd7.workers.dev/?id=thumb-cdn77.xvideos-cdn.com/2a5e2110-56de-49df-a3a6-475e40130b1d/3/xv_22_t.jpg,Jangan lewatkan video menarik yang kami perbarui setiap harinya.,oulaadkf83a,XGNPQC
x5phtm-istri-menikmati-anal-threesome-dengan-orang-asing-hitam-ifo-cuck-suami-ooittac5d31,[X5PHTM] Istri Menikmati Anal Threesome Dengan Orang Asing Hitam Ifo Cuck Suami,https://cdn.adidssd7.workers.dev/?id=thumb-cdn77.xvideos-cdn.com/b255bbf4-c6af-46fa-b1da-f70d941ff35b/3/xv_29_t.jpg,Nikmati momen terbaik dengan koleksi video trending kami.,ooittac5d31,X5PHTM
g8nw42-threesome-biseksual-baru-opkvdol1c98,[G8NW42] Threesome Biseksual baru. ,https://cdn.adidssd7.workers.dev/?id=thumb-cdn77.xvideos-cdn.com/6af15ae1-9b10-452f-86a9-9e6831197c01/4/xv_30_t.jpg,Tonton video berkualitas tinggi ini sekarang juga hanya di sini.,opkvdol1c98,G8NW42
epy73j-suami-yang-terangsang-memenuhi-fantasinya-melakukan-seks-bertiga-dengan-istrinya---porno-dalam-bahasa-spanyol---bertiga-ubokeov68cf,[EPY73J] Suami yang terangsang memenuhi fantasinya melakukan seks bertiga dengan istrinya - porno dalam bahasa Spanyol - bertiga,https://cdn.adidssd7.workers.dev/?id=thumb-cdn77.xvideos-cdn.com/30dd17a7-8828-4864-b09d-21ce73eb9512/0/xv_18_t.jpg,Koleksi lengkap video pilihan dengan durasi yang pas untuk Anda.,ubokeov68cf,EPY73J
8wy3sv-istriku-sialan-saya-dan-teman-terbaik-saya-dalam-tiga-homemade-upeltlh2ac8,[8WY3SV] ISTRIKU SIALAN SAYA dan TEMAN TERBAIK SAYA dalam TIGA HOMEMADE!!,https://cdn.adidssd7.workers.dev/?id=thumb-cdn77.xvideos-cdn.com/22d98793-a9f5-45f6-abf3-022582291fcc/0/xv_6_t.jpg,Konten terbaru yang sedang viral dan banyak dicari saat ini.,upeltlh2ac8,8WY3SV
2f5tab-seks-bertiga-dan-mainan-ibcbf372f,[2F5TAB] Seks bertiga dan Mainan,https://cdn.adidssd7.workers.dev/?id=thumb-cdn77.xvideos-cdn.com/aab57255-16bd-4775-9389-aaae56b3f3d2/0/xv_23_t.jpg,Nikmati momen terbaik dengan koleksi video trending kami.,ibcbf372f,2F5TAB
9v6js5-nd3210-hikplpc664,[9V6JS5] ND3210,https://cdn.adidssd7.workers.dev/?id=thumb-cdn77.xvideos-cdn.com/b79b8b1a-f6d5-4068-a057-d2b0e14e6aab/0/xv_10_t.jpg,Tonton video berkualitas tinggi ini sekarang juga hanya di sini.,hikplpc664,9V6JS5
2efhy8-remaja-menjadi-sangat-terangsang-dengan-ayam-kaku-5-ictov97f9,[2EFHY8] Remaja menjadi sangat terangsang dengan ayam kaku 5,https://cdn.adidssd7.workers.dev/?id=thumb-cdn77.xvideos-cdn.com/71568fec-a37b-4889-9daa-5722f3123766/0/xv_15_t.jpg,Kami menyajikan konten paling populer yang wajib Anda tonton hari ini.,ictov97f9,2EFHY8
7zvuwj-nd3069-himalf840b,[7ZVUWJ] ND3069,https://cdn.adidssd7.workers.dev/?id=thumb-cdn77.xvideos-cdn.com/99fbf289-0b96-4291-85e8-056d5f8b30c2/0/xv_3_t.jpg,Konten terbaru yang sedang viral dan banyak dicari saat ini.,himalf840b,7ZVUWJ
4hv2w8-pembantu-terangsang-asia-icocb2210,[4HV2W8] Pembantu Terangsang Asia,https://cdn.adidssd7.workers.dev/?id=thumb-cdn77.xvideos-cdn.com/992d2643-613b-4222-820d-066c99e16a85/0/xv_15_t.jpg,Video pilihan kualitas terbaik yang kami kurasi khusus untuk pengalaman menonton Anda.,icocb2210,4HV2W8
cylqzf-bermain-dengan-busty-heklhco5cf0,[CYLQZF] Bermain dengan busty,https://cdn.adidssd7.workers.dev/?id=thumb-cdn77.xvideos-cdn.com/f1e6ed95-055c-44f5-b5fa-d07633ddac1f/0/xv_17_t.jpg,Video yang sedang banyak dibicarakan oleh komunitas saat ini.,heklhco5cf0,CYLQZF
pnwxcq-asia-milf-turun-dan-kotor-lhboum8c86,[PNWXCQ] Asia milf turun dan kotor,https://cdn.adidssd7.workers.dev/?id=thumb-cdn77.xvideos-cdn.com/394ef79e-c626-44ff-b894-2281dee28a81/0/xv_14_t.jpg,Konten terbaru yang sedang viral dan banyak dicari saat ini.,lhboum8c86,PNWXCQ
dl8mbj-juku0009---video-porno-empflix-hctodeb3c29,[DL8MBJ] juku0009 - Video Porno EMPFlix,https://cdn.adidssd7.workers.dev/?id=thumb-cdn77.xvideos-cdn.com/9e389323-abf6-4bdd-8dcb-fa412a9d5556/0/xv_14_t.jpg,Kami menyajikan konten paling populer yang wajib Anda tonton hari ini.,hctodeb3c29,DL8MBJ
s2ad74-1114854-ibu-tiri-seksi-dan-pacar-putrinya-1-hdeuitf48b1,[S2AD74] 1114854 ibu tiri seksi dan pacar putrinya(1),https://cdn.adidssd7.workers.dev/?id=thumb-cdn77.xvideos-cdn.com/f0be8fbc-159e-4ed1-95eb-07c6266e8102/0/xv_16_t.jpg,Temukan koleksi video eksklusif terbaru hanya untuk Anda hari ini.,hdeuitf48b1,S2AD74
p8qarm-kogyal-jepang-hpdkeip31e5,[P8QARM] KOGYAL Jepang,https://cdn.adidssd7.workers.dev/?id=thumb-cdn77.xvideos-cdn.com/2d0faa4b-504b-45a8-9ee5-1266212fe150/0/xv_2_t.jpg,Konten terbaru yang sedang viral dan banyak dicari saat ini.,hpdkeip31e5,P8QARM
46elgh-0008-hvlkmok4944,[46ELGH] 0008,https://cdn.adidssd7.workers.dev/?id=thumb-cdn77.xvideos-cdn.com/b7ac2b5f-4b4a-4bf2-b49e-03cd7c93f888/0/xv_1_t.jpg,Jangan lewatkan video menarik yang kami perbarui setiap harinya.,hvlkmok4944,46ELGH
scqufj-kolam-mandi-gadis-telanjang-diintip-hoofbcd32f9,[SCQUFJ] Kolam mandi gadis telanjang diintip,https://cdn.adidssd7.workers.dev/?id=thumb-cdn77.xvideos-cdn.com/16d846e0-a6a4-421a-a448-a10ebd3f0b06/0/xv_12_t.jpg,Video yang sedang banyak dibicarakan oleh komunitas saat ini.,hoofbcd32f9,SCQUFJ
fxw7pu-cinta-jepang-makkbie63d,[FXW7PU] CINTA JEPANG!!,https://cdn.adidssd7.workers.dev/?id=thumb-cdn77.xvideos-cdn.com/d38bf135-2e25-4fd3-b380-962c578d254a/0/xv_11_t.jpg,Jangan lewatkan video menarik yang kami perbarui setiap harinya.,makkbie63d,FXW7PU
exfu6m-gadis-gadis-seksi-dan-seksi-bercinta-di-threesome-panas-haechph0a74,[EXFU6M] Gadis-gadis seksi dan seksi bercinta di threesome panas,https://cdn.adidssd7.workers.dev/?id=thumb-cdn77.xvideos-cdn.com/dfc670db-5b30-4f9d-a9a3-36c87bb32917/0/xv_13_t.jpg,Koleksi lengkap video pilihan dengan durasi yang pas untuk Anda.,haechph0a74,EXFU6M
v35948-pelacur-asia-titty-manis-meniduri-pria-di-berempat-yang-panas-itkmkuo958a,[V35948] Pelacur Asia titty manis meniduri pria di berempat yang panas,https://cdn.adidssd7.workers.dev/?id=thumb-cdn77.xvideos-cdn.com/e7826d17-8662-4933-8df2-b1bc233c557c/0/xv_30_t.jpg,Nikmati momen terbaik dengan koleksi video trending kami.,itkmkuo958a,V35948
gs6kbt-hitomi-aizawa-dan-seorang-temannya-membuat-pria-horny-menjadi-gila-kedkkpbd27,[GS6KBT] Hitomi Aizawa dan seorang temannya membuat pria horny menjadi gila,https://cdn.adidssd7.workers.dev/?id=thumb-cdn77.xvideos-cdn.com/81a6dbc5-bc53-49f8-a74a-eee575430033/0/xv_29_t.jpg,Koleksi lengkap video pilihan dengan durasi yang pas untuk Anda.,kedkkpbd27,GS6KBT
9gysdb-ke-atas-pantat-dan-ke-tenggorokan-uihvhidaca3,[9GYSDB] Ke Atas Pantat Dan Ke Tenggorokan,https://cdn.adidssd7.workers.dev/?id=thumbs-gcore.xvideos-cdn.com/2b1e3ee6-183d-4c03-bccd-3135d0100627/0/xv_11_t.jpg,Kami menyajikan konten paling populer yang wajib Anda tonton hari ini.,uihvhidaca3,9GYSDB
fnaupw-saya-pikir-anda-baru-saja-mematahkan-pantat-saya-uomidco8d90,[FNAUPW] Saya pikir Anda baru saja mematahkan pantat saya,https://cdn.adidssd7.workers.dev/?id=thumb-cdn77.xvideos-cdn.com/0699a7e6-daa4-410c-8539-1cf96dfb0fa5/0/xv_20_t.jpg,Konten terbaru yang sedang viral dan banyak dicari saat ini.,uomidco8d90,FNAUPW
svnpzh-anal-milf-mengacaukan-tempat-tidur-kdemomf8e65,[SVNPZH] Anal MILF Mengacaukan Tempat Tidur,https://cdn.adidssd7.workers.dev/?id=thumb-cdn77.xvideos-cdn.com/ce464642-0cbd-4b0e-b2f2-1099d43f9fa0/0/xv_18_t.jpg,Koleksi lengkap video pilihan dengan durasi yang pas untuk Anda.,kdemomf8e65,SVNPZH
8n542q-cfnm-kasar-buttfucking-pantat-besar-asia-dalam-rok-umktbfo0b3c,[8N542Q] CFNM Kasar BUTTFUCKING Pantat Besar Asia dalam Rok,https://cdn.adidssd7.workers.dev/?id=thumb-cdn77.xvideos-cdn.com/ce4a59fc-b80f-48c7-ba72-11a6173012af/0/xv_16_t.jpg,Tonton video berkualitas tinggi ini sekarang juga hanya di sini.,umktbfo0b3c,8N542Q
93utrf-deepthroat-ketat-anal-dengan-pacar-asia-sukisukigirl-andy-savage-episode-234-uoibfapcff5,[93UTRF] Deepthroat & KETAT ANAL dengan pacar Asia ( Sukisukigirl / Andy Savage Episode 234 ),https://cdn.adidssd7.workers.dev/?id=thumb-cdn77.xvideos-cdn.com/11b8638c-c414-4cf8-94ea-c1c4210da71a/0/xv_27_t.jpg,Video pilihan kualitas terbaik yang kami kurasi khusus untuk pengalaman menonton Anda.,uoibfapcff5,93UTRF
wkeld9-jurnalis-jepang-pingsan-vs-bbc-terbesar-di-dunia-haitkhh8a09,[WKELD9] Jurnalis Jepang Pingsan vs BBC TERBESAR DI DUNIA,https://cdn.adidssd7.workers.dev/?id=thumb-cdn77.xvideos-cdn.com/b02683d7-b269-43c3-ad42-fc5ccc94410b/0/xv_12_t.jpg,Kami menyajikan konten paling populer yang wajib Anda tonton hari ini.,haitkhh8a09,WKELD9
dlpg7a-tiga-pria-kulit-hitam-menghancurkan-vagina-pelacur-asia-hutmbbmf15c,[DLPG7A] Tiga pria kulit hitam menghancurkan vagina pelacur Asia,https://cdn.adidssd7.workers.dev/?id=thumb-cdn77.xvideos-cdn.com/b5ad24e0-25c0-4397-95ea-24e0e0cf3cd1/0/xv_25_t.jpg,Koleksi lengkap video pilihan dengan durasi yang pas untuk Anda.,hutmbbmf15c,DLPG7A
jsghaw-wanita-milf-panas-mendapat-pijatan-lalu-menjadi-kacau-keras-di-pantat-ktbptid6683,[JSGHAW] Wanita milf panas mendapat pijatan lalu menjadi kacau keras di pantat,https://cdn.adidssd7.workers.dev/?id=thumb-cdn77.xvideos-cdn.com/5346c512-a494-4b2e-b369-94f797e15d3f/0/xv_30_t.jpg,Nikmati momen terbaik dengan koleksi video trending kami.,ktbptid6683,JSGHAW
xvzdln-kecantikan-asia-suka-membawa-ayam-jauh-di-dalam-video-semaknya-hbflulvb961,[XVZDLN] Kecantikan Asia Suka Membawa Ayam Jauh Di Dalam Video Semaknya,https://cdn.adidssd7.workers.dev/?id=thumb-cdn77.xvideos-cdn.com/ffe8b047-7b41-46ba-9b9d-8043611dc702/0/xv_24_t.jpg,Video yang sedang banyak dibicarakan oleh komunitas saat ini.,hbflulvb961,XVZDLN
g3dca2-ibu-rumah-tangga-jepang-rei-kitajima-disetubuhi-tanpa-sensor-kmmtdho606f,[G3DCA2] Ibu rumah tangga Jepang Rei Kitajima disetubuhi tanpa sensor,https://cdn.adidssd7.workers.dev/?id=thumb-cdn77.xvideos-cdn.com/4905f7ec-c927-4962-870d-a3b5833f0f37/0/xv_25_t.jpg,Tonton video berkualitas tinggi ini sekarang juga hanya di sini.,kmmtdho606f,G3DCA2
fpznyw-rei-kitajima-istri-seksi-adegan-porno-yang-luar-biasa-di-sofa---selengkapnya-di-javhd-net-iuvlaio4a7a,[FPZNYW] Rei Kitajima istri seksi adegan porno yang luar biasa di sofa - Selengkapnya di javhd.net,https://cdn.adidssd7.workers.dev/?id=thumb-cdn77.xvideos-cdn.com/e8757bd1-f2bb-4711-88e0-3246116489d4/0/xv_11_t.jpg,Konten terbaru yang sedang viral dan banyak dicari saat ini.,iuvlaio4a7a,FPZNYW
gq3924-penembakan-pertama-dokumen-lima-puluh-istri-ryo-fukutomi-kpcctmbc986,[GQ3924] Penembakan Pertama Dokumen Lima Puluh Istri Ryo Fukutomi,https://cdn.adidssd7.workers.dev/?id=thumb-cdn77.xvideos-cdn.com/756f1742-bda8-46aa-ba9c-279dbdfd35f5/0/xv_2_t.jpg,Koleksi lengkap video pilihan dengan durasi yang pas untuk Anda.,kpcctmbc986,GQ3924
tesw7h-ibu-rumah-tangga-kaya-suka-selingkuh-hatvkcf36e5,[TESW7H] Ibu Rumah Tangga Kaya Suka Selingkuh,https://cdn.adidssd7.workers.dev/?id=thumb-cdn77.xvideos-cdn.com/54a5a9c9-15fb-4c51-b03d-f7e8cc6bbe99/0/xv_29_t.jpg,Temukan berbagai kategori menarik dalam video pilihan kami.,hatvkcf36e5,TESW7H
a2yql5-saat-aku-memandangi-payudara-ibu-tiriku-yang-basah-kuyup-klitfth4b94,[A2YQL5] Saat aku memandangi payudara ibu tiriku yang basah kuyup. ,https://cdn.adidssd7.workers.dev/?id=thumb-cdn77.xvideos-cdn.com/7c0d1d8c-d17e-4b1a-ae2d-8be0d6b6e5de/0/xv_22_t.jpg,Tonton video berkualitas tinggi ini sekarang juga hanya di sini.,klitfth4b94,A2YQL5
yrhjkn-pembantu-jepang-rei-kitajima-sedang-meniduri-klien-terangsang-tanpa-sensor-icopohd9a5e,[YRHJKN] Pembantu Jepang Rei Kitajima sedang meniduri klien terangsang tanpa sensor,https://cdn.adidssd7.workers.dev/?id=thumb-cdn77.xvideos-cdn.com/5dcd16b8-7a7a-48eb-8da1-2d33f42ec4ee/0/xv_20_t.jpg,Koleksi lengkap video pilihan dengan durasi yang pas untuk Anda.,icopohd9a5e,YRHJKN
auxpcf-perburuan-perawan-3000-wanita-dewasa-menebas-2-iatmpud2f61,[AUXPCF] Perburuan Perawan ~ 3000 Wanita Dewasa Menebas ~ 2,https://cdn.adidssd7.workers.dev/?id=thumb-cdn77.xvideos-cdn.com/6380fbee-2b67-402e-aad5-d3d7a72cce32/0/xv_23_t.jpg,Temukan berbagai kategori menarik dalam video pilihan kami.,iatmpud2f61,AUXPCF
adj837-top-milf-rei-kitajima-melahap-ayam-dalam-pornografi-berat---lebih-lanjut-di-javhd-net-iupkpmf6f30,[ADJ837] Top milf Rei Kitajima melahap ayam dalam pornografi berat - Lebih lanjut di javhd.net,https://cdn.adidssd7.workers.dev/?id=thumb-cdn77.xvideos-cdn.com/84a54b6a-00c2-49d6-9794-c90ba2a56096/0/xv_2_t.jpg,Video yang sedang banyak dibicarakan oleh komunitas saat ini.,iupkpmf6f30,ADJ837
wpf2qg-cewek-jepang-sayaka-aishiro-mendapat-kacau-di-pantat-tanpa-sensor-iflbkad1313,[WPF2QG] Cewek Jepang Sayaka Aishiro mendapat kacau di pantat tanpa sensor,https://cdn.adidssd7.workers.dev/?id=thumb-cdn77.xvideos-cdn.com/3c8b5007-1735-4315-8668-2c3056208533/0/xv_27_t.jpg,Konten terbaru yang sedang viral dan banyak dicari saat ini.,iflbkad1313,WPF2QG
ytp8ke-rambut-coklat-remaja-jepang-sayaka-aishiro-memberikan-kelas-seks-tanpa-sensor-ifktalh65c3,[YTP8KE] Rambut coklat remaja Jepang Sayaka Aishiro memberikan kelas seks tanpa sensor,https://cdn.adidssd7.workers.dev/?id=thumb-cdn77.xvideos-cdn.com/7d78c094-28ea-4dd1-940d-572c8d3b867e/0/xv_10_t.jpg,Koleksi lengkap video pilihan dengan durasi yang pas untuk Anda.,ifktalh65c3,YTP8KE
6dszu9-cewek-jepang-keriting-seto-himari-mengambilnya-di-belakang-ipfvlubab05,[6DSZU9] Cewek Jepang keriting Seto Himari mengambilnya di belakang,https://cdn.adidssd7.workers.dev/?id=thumbs-gcore.xvideos-cdn.com/b6c68104-75d6-495e-b8f7-e3dc0eae8bdb/0/xv_9_t.jpg,Temukan berbagai kategori menarik dalam video pilihan kami.,ipfvlubab05,6DSZU9
ulptsa-petualangan-blowjob-jepang-kaori-maeda-yang-gerah-menghasilkan-aksi-kasar-yang-intens-opoaiouddd7,[ULPTSA] Petualangan Blowjob Jepang Kaori Maeda yang Gerah Menghasilkan Aksi Kasar yang Intens,https://cdn.adidssd7.workers.dev/?id=thumb-cdn77.xvideos-cdn.com/d358d241-ea92-46e9-9b8f-e519b5a11e3b/5/xv_17_t.jpg,Jangan lewatkan video menarik yang kami perbarui setiap harinya.,opoaiouddd7,ULPTSA
ygeac4-kyoka-ishiguro-mendapat-dua-ayam-untuk-menghancurkan-lubang-basahnya-fclfbbbc0c,[YGEAC4] Kyoka Ishiguro mendapat dua ayam untuk menghancurkan lubang basahnya,https://cdn.adidssd7.workers.dev/?id=thumb-cdn77.xvideos-cdn.com/e87e8bae-dce7-4cb3-8acb-6b37a569acff/0/xv_19_t.jpg,Video pilihan kualitas terbaik yang kami kurasi khusus untuk pengalaman menonton Anda.,fclfbbbc0c,YGEAC4
26smqp-seks-bertiga-anal-kasar-dengan-kanon-hanai-yang-ramping-duufoh2ece,[26SMQP] Seks bertiga anal kasar dengan Kanon Hanai yang ramping,https://cdn.adidssd7.workers.dev/?id=thumb-cdn77.xvideos-cdn.com/ce3e0138-fad5-496d-8558-91c93362c9fd/0/xv_11_t.jpg,Temukan koleksi video eksklusif terbaru hanya untuk Anda hari ini.,duufoh2ece,26SMQP
4e97lq-ibu-tiri-membantu-iaffutb2c52,[4E97LQ] Ibu tiri membantu,https://cdn.adidssd7.workers.dev/?id=thumb-cdn77.xvideos-cdn.com/72119559-aa1a-4b50-a1d6-79acd9bb0daa/0/xv_3_t.jpg,Jangan lewatkan video menarik yang kami perbarui setiap harinya.,iaffutb2c52,4E97LQ
a9tgqs-strategi-pembersihan-omata-pengurus-rumah-tangga-cantik-2-ipmcleffa2e,[A9TGQS] Strategi pembersihan Omata pengurus rumah tangga cantik 2,https://cdn.adidssd7.workers.dev/?id=thumb-cdn77.xvideos-cdn.com/afb92e25-69a7-44e7-bbbf-2052db52c9aa/0/xv_8_t.jpg,Koleksi lengkap video pilihan dengan durasi yang pas untuk Anda.,ipmcleffa2e,A9TGQS
eq9lnj-pelacur-dewasa-melahap-cotok-seperti-iblis-seks-iuthuiv9186,[EQ9LNJ] Pelacur dewasa melahap cotok seperti iblis seks,https://cdn.adidssd7.workers.dev/?id=thumb-cdn77.xvideos-cdn.com/cf6feec6-790f-4014-a3d2-6fc328188f6e/0/xv_28_t.jpg,Kami menyajikan konten paling populer yang wajib Anda tonton hari ini.,iuthuiv9186,EQ9LNJ
h7xtwj-gadis-jangkung-seksi-dalam-gaun-memantul-pada-penis-besar-pacar-berusia-18-tahun-suka-bercinta-keras-di-pantat-besarnya-air-mani-di-wajah-pacarnya-keumkuhdf34,[H7XTWJ] gadis jangkung seksi dalam gaun memantul pada penis besar pacar berusia 18 tahun suka bercinta keras di pantat besarnya air mani di wajah pacarnya,https://cdn.adidssd7.workers.dev/?id=thumb-cdn77.xvideos-cdn.com/f4a7ddda-0377-4bd7-ada6-f88ce43ef7f1/0/xv_9_t.jpg,Temukan berbagai kategori menarik dalam video pilihan kami.,keumkuhdf34,H7XTWJ
9l4una-alat-kelamin-buggy---gadis-tidak-bermoral-berusia-21-tahun-perawat-dalam-pekerjaan-sehari-harinya-bug-dengan-piston-kecepatan-ganda-dan-mengganggu-penis-berulang-kali---haru-yamaguchi---intro-utbakom02b6,[9L4UNA] Alat kelamin buggy - Gadis tidak bermoral berusia 21 tahun (perawat dalam pekerjaan sehari-harinya) bug dengan piston kecepatan ganda dan mengganggu penis berulang kali - Haru Yamaguchi - Intro,https://cdn.adidssd7.workers.dev/?id=thumb-cdn77.xvideos-cdn.com/a8f0b47f-333c-4e7b-92f9-5dbaf37282de/0/xv_21_t.jpg,Tonton video berkualitas tinggi ini sekarang juga hanya di sini.,utbakom02b6,9L4UNA
vmxwsl-seorang-gadis-sensitif-dari-tim-renang-yang-vaginanya-mudah-basah-utmdohh54bf,[VMXWSL] Seorang gadis sensitif dari tim renang yang vaginanya mudah basah! ,https://cdn.adidssd7.workers.dev/?id=thumb-cdn77.xvideos-cdn.com/094c0530-b5ae-4de9-9ea2-8365462797e7/0/xv_29_t.jpg,Nikmati momen terbaik dengan koleksi video trending kami.,utmdohh54bf,VMXWSL
q53yxt-mai-ibu-rumah-tangga-berusia-30-tahun---intro-utplelvf69c,[Q53YXT] Mai (ibu rumah tangga berusia 30 tahun) - Intro,https://cdn.adidssd7.workers.dev/?id=thumb-cdn77.xvideos-cdn.com/e95d298e-3ce7-45cc-96de-b8471ce92470/0/xv_3_t.jpg,Kami menyajikan konten paling populer yang wajib Anda tonton hari ini.,utplelvf69c,Q53YXT
698ptd-remaja-gugup-pemalu-digunakan-dan-creampied-oleh-pria-yang-lebih-tua-uokftfo6cd5,[698PTD] Remaja Gugup Pemalu Digunakan dan Creampied oleh Pria yang Lebih Tua!,https://cdn.adidssd7.workers.dev/?id=thumb-cdn77.xvideos-cdn.com/4f17d6c4-8a61-41c3-8772-daf3e447ad53/0/xv_8_t.jpg,Jangan lewatkan video menarik yang kami perbarui setiap harinya.,uokftfo6cd5,698PTD
ph9msu-jangan-menonton-anak-tiri-muda-menjadi-kacau-di-pantat-kmplhudb70c,[PH9MSU] Jangan Menonton Anak Tiri Muda Menjadi Kacau Di Pantat!,https://cdn.adidssd7.workers.dev/?id=thumb-cdn77.xvideos-cdn.com/a86f806b-4ff5-43f1-b1e8-ebbc40d1562c/0/xv_30_t.jpg,Konten terbaru yang sedang viral dan banyak dicari saat ini.,kmplhudb70c,PH9MSU
ycg9nv-deflowering-dari-remaja-langsing-quim-yang-tidak-bersalah-dan-masturbasi-euhipo220c,[YCG9NV] Deflowering dari remaja langsing quim yang tidak bersalah dan masturbasi,https://cdn.adidssd7.workers.dev/?id=thumb-cdn77.xvideos-cdn.com/88c9c35a-f0c5-4f26-9b0a-7fa4552f64fa/0/xv_23_t.jpg,Nikmati momen terbaik dengan koleksi video trending kami.,euhipo220c,YCG9NV
sbeqha-menjemput-kfbplavbe6c,[SBEQHA] Menjemput! ,https://cdn.adidssd7.workers.dev/?id=thumb-cdn77.xvideos-cdn.com/7feaded3-c69e-46de-8859-06cc4c3adb99/0/xv_30_t.jpg,Tonton video berkualitas tinggi ini sekarang juga hanya di sini.,kfbplavbe6c,SBEQHA
t4kpsy-penjemputan-yang-berani-kfehlmk5626,[T4KPSY] Penjemputan yang berani! ,https://cdn.adidssd7.workers.dev/?id=thumb-cdn77.xvideos-cdn.com/5df426da-c40b-40e1-b4c7-03c863c6181f/0/xv_30_t.jpg,Video pilihan kualitas terbaik yang kami kurasi khusus untuk pengalaman menonton Anda.,kfehlmk5626,T4KPSY
f6b4v7-penjemputan-yang-berani-kfkpleh1319,[F6B4V7] Penjemputan yang berani! ,https://cdn.adidssd7.workers.dev/?id=thumb-cdn77.xvideos-cdn.com/753ee669-4ba2-4a35-bd65-6928d6edcaf9/0/xv_17_t.jpg,Temukan berbagai kategori menarik dalam video pilihan kami.,kfkpleh1319,F6B4V7
b7kuvn-gachinanpa-kdcdvbf3572,[B7KUVN] Gachinanpa! ,https://cdn.adidssd7.workers.dev/?id=thumb-cdn77.xvideos-cdn.com/9baaaebc-82ca-4fb9-8c7c-9aca95cea94e/0/xv_21_t.jpg,Video pilihan kualitas terbaik yang kami kurasi khusus untuk pengalaman menonton Anda.,kdcdvbf3572,B7KUVN
y7lpn9-rencana-dukungan-amatir-saya-ingin-lulus-dari-keperawanan-dengan-senior-wanita-yang-lembut-kbbutpo4cbc,[Y7LPN9] Rencana dukungan amatir Saya ingin lulus dari keperawanan dengan senior wanita yang lembut! ,https://cdn.adidssd7.workers.dev/?id=thumbs-gcore.xvideos-cdn.com/c59262f9-a359-4048-80a9-6f484dcec6c4/0/xv_22_t.jpg,Tonton video berkualitas tinggi ini sekarang juga hanya di sini.,kbbutpo4cbc,Y7LPN9
lzuvw6-penjemputan-yang-berani-kfehvuve36f,[LZUVW6] Penjemputan yang berani! ,https://cdn.adidssd7.workers.dev/?id=thumb-cdn77.xvideos-cdn.com/41cdcf0b-7c92-4b3d-a095-07f2e5a424b5/0/xv_17_t.jpg,Koleksi lengkap video pilihan dengan durasi yang pas untuk Anda.,kfehvuve36f,LZUVW6
g89564-300mium-415-versi-lengkap-https-is-gd-iar8ct-kcbecim4e09,[G89564] 300MIUM-415 versi lengkap https://is.gd/iaR8cT,https://cdn.adidssd7.workers.dev/?id=thumb-cdn77.xvideos-cdn.com/f780564a-3579-4f00-8b9e-c37bc1189aa4/0/xv_12_t.jpg,Temukan berbagai kategori menarik dalam video pilihan kami.,kcbecim4e09,G89564
2ybljr-menjemput-kfbpvmvfab7,[2YBLJR] Menjemput! ,https://cdn.adidssd7.workers.dev/?id=thumb-cdn77.xvideos-cdn.com/67305633-969e-4d27-b5c8-7f2426b02cdc/0/xv_23_t.jpg,Jangan lewatkan video menarik yang kami perbarui setiap harinya.,kfbpvmvfab7,2YBLJR
8dju67-ichika-matsumoto---mainan-seks-brut-l-kecantikan-berseragam-direnggut-dari-pacarnya-lihat-selengkapnya-https-bit-ly-raptor-xvideos-utvmuokfe79,[8DJU67] Ichika Matsumoto - Mainan Seks Brut*l: Kecantikan Berseragam Direnggut Dari Pacarnya : Lihat SelengkapnyaÃ¢https://bit.ly/Raptor-Xvideos,https://cdn.adidssd7.workers.dev/?id=thumb-cdn77.xvideos-cdn.com/105eaefd-7888-40a3-8541-4366f5dd0c10/0/xv_9_t.jpg,Jangan lewatkan video menarik yang kami perbarui setiap harinya.,utvmuokfe79,8DJU67
sdgtl5-ketika-rin-san-yang-memiliki-tato-seluruh-tubuh-dan-bermimpi-melakukan-pekerjaan-seks-untuk-wanita-melihat-tubuh-telanjangnya-setelah-melepas-pakaiannya-dia-menjadi-terangsang-dan-menghisap-puting-dan-lehernya-mencampurkan-lidahnya-dengannya-dalam-ciuman-d-yang-kaya-ueohobka03f,[SDGTL5] Ketika Rin-san yang memiliki tato seluruh tubuh dan bermimpi melakukan pekerjaan seks untuk wanita melihat tubuh telanjangnya setelah melepas pakaiannya,https://cdn.adidssd7.workers.dev/?id=thumb-cdn77.xvideos-cdn.com/9b242b45-95d9-4acf-a678-7bfff58a2e39/0/xv_18_t.jpg,Kami menyajikan konten paling populer yang wajib Anda tonton hari ini.,ueohobka03f,SDGTL5
nbvcg2-the-hatano-yui-50-percikan-bukkake---yui-hatano-hoevtmvddca,[NBVCG2] the-hatano-yui-50-percikan-bukkake - Yui Hatano,https://cdn.adidssd7.workers.dev/?id=thumb-cdn77.xvideos-cdn.com/54e1cccf-4483-4971-9fff-caedacd4022d/0/xv_15_t.jpg,Konten terbaru yang sedang viral dan banyak dicari saat ini.,hoevtmvddca,NBVCG2
h7eart-berkulit-putih-payudara-kecil-tubuh-kecil-kecantikan-peringkat-s-yui-kdlmuvfbee5,[H7EART] Berkulit Putih,https://cdn.adidssd7.workers.dev/?id=thumb-cdn77.xvideos-cdn.com/29d8766d-dae7-43c0-a732-20007ae4601f/0/xv_28_t.jpg,Nikmati momen terbaik dengan koleksi video trending kami.,kdlmuvfbee5,H7EART
a89n2t-putih-bersih-kdudlvv5d31,[A89N2T] Putih bersih! ,https://cdn.adidssd7.workers.dev/?id=thumb-cdn77.xvideos-cdn.com/283fb622-a862-4141-9b8f-b4a1fb91ae42/0/xv_17_t.jpg,Video yang sedang banyak dibicarakan oleh komunitas saat ini.,kdudlvv5d31,A89N2T
rbt7yl-remaja-amatir-jepang-adalah-seorang-mahasiswa-dengan-puting-coklat-besar-yang-menghisap-ayam-dan-vaginanya-diraba-di-hotel-kcoalev250c,[RBT7YL] Remaja amatir Jepang adalah seorang mahasiswa dengan puting coklat besar yang menghisap ayam dan vaginanya diraba di hotel.  ,https://cdn.adidssd7.workers.dev/?id=thumb-cdn77.xvideos-cdn.com/54102c6b-f2c0-4ed0-b19e-622e01886fca/0/xv_19_t.jpg,Koleksi lengkap video pilihan dengan durasi yang pas untuk Anda.,kcoalev250c,RBT7YL
x8vkb7-tarik-cepat-mari-haneda-terbaik-yang-tampak-hebat-di-pintasan-kobtkko76ef,[X8VKB7] Tarik cepat Mari Haneda TERBAIK yang tampak hebat di pintasan! ,https://cdn.adidssd7.workers.dev/?id=thumb-cdn77.xvideos-cdn.com/e82b71a5-14c1-4a6e-a05f-5855e1a42c8e/0/xv_28_t.jpg,Konten terbaru yang sedang viral dan banyak dicari saat ini.,kobtkko76ef,X8VKB7
yk3fp6-saya-akan-menunjukkan-kepada-anda-semua-sex-pribadi-mari-haneda-yang-merupakan-gadis-cantik-sekolah-yang-lugu-dengan-jalan-pintas-koiufik19d8,[YK3FP6] Saya akan menunjukkan kepada Anda semua SEX pribadi "Mari Haneda" yang merupakan gadis cantik sekolah yang lugu dengan jalan pintas! ,https://cdn.adidssd7.workers.dev/?id=thumb-cdn77.xvideos-cdn.com/6bb5ee93-a66e-492f-b6a7-3e06c5ba12fc/0/xv_27_t.jpg,Video pilihan kualitas terbaik yang kami kurasi khusus untuk pengalaman menonton Anda.,koiufik19d8,YK3FP6
dcrywb-sayang-jepang-tomoyo-isumi-mengendarai-penis-tanpa-sensor-kuvticm9565,[DCRYWB] Sayang Jepang Tomoyo Isumi mengendarai penis tanpa sensor,https://cdn.adidssd7.workers.dev/?id=thumb-cdn77.xvideos-cdn.com/c1408af4-ebe0-4349-8dcd-3c3520ed73b1/0/xv_3_t.jpg,Nikmati momen terbaik dengan koleksi video trending kami.,kuvticm9565,DCRYWB
t9rupf-kenangan-musim-panas-10-2-iphicbbbbfc,[T9RUPF] Kenangan musim panas 10 2,https://cdn.adidssd7.workers.dev/?id=thumb-cdn77.xvideos-cdn.com/d9899620-216b-4fe6-8f3c-19697e1f8651/0/xv_29_t.jpg,Temukan berbagai kategori menarik dalam video pilihan kami.,iphicbbbbfc,T9RUPF
dk62na-area-kedua-gedung-sakit-ilmu-hitam-bab-3-2-ipluebkb75d,[DK62NA] Area Kedua Gedung Sakit Ilmu Hitam Bab 3 2,https://cdn.adidssd7.workers.dev/?id=thumb-cdn77.xvideos-cdn.com/136d7eee-b56b-433c-a4cc-a1fdd4b70a1e/0/xv_17_t.jpg,Nikmati momen terbaik dengan koleksi video trending kami.,ipluebkb75d,DK62NA
gmbjsk-boneka-hewan-peliharaan-elang-akina-2-ivblueb3bb9,[GMBJSK] Boneka hewan peliharaan elang Akina 2,https://cdn.adidssd7.workers.dev/?id=thumb-cdn77.xvideos-cdn.com/47c009f9-2d19-4c03-852b-0dfc7413dca4/0/xv_7_t.jpg,Video yang sedang banyak dibicarakan oleh komunitas saat ini.,ivblueb3bb9,GMBJSK
2hpl7m-rina-nanase-gadis-bom-yang-terus-memberikan-topik-hangat-hadir-untuk-pertama-kalinya-idcfbfh5af9,[2HPL7M] Rina Nanase,https://cdn.adidssd7.workers.dev/?id=thumb-cdn77.xvideos-cdn.com/7f7b08e9-8bb3-4a96-a3ff-e355d24d14a9/0/xv_13_t.jpg,Video yang sedang banyak dibicarakan oleh komunitas saat ini.,idcfbfh5af9,2HPL7M
5lwgrc-nubilescasting-persetan-sampai-menyemprotkan-bmappdd379,[5LWGRC] NubilesCasting Persetan sampai menyemprotkan,https://cdn.adidssd7.workers.dev/?id=thumb-cdn77.xvideos-cdn.com/76b3ba55-964b-4cb6-ac37-9042581b8663/0/xv_26_t.jpg,Kami menyajikan konten paling populer yang wajib Anda tonton hari ini.,bmappdd379,5LWGRC
bj63kq-aku-suka-senpai-2-iatbopv6b45,[BJ63KQ] Aku suka Senpai 2,https://cdn.adidssd7.workers.dev/?id=thumb-cdn77.xvideos-cdn.com/b55413e4-29a9-4149-a62b-473849f70f65/0/xv_29_t.jpg,Nikmati momen terbaik dengan koleksi video trending kami.,iatbopv6b45,BJ63KQ
a5w2f9-file-benua-panas-betina-046-1-iochapm5dbd,[A5W2F9] File benua panas betina.046 1,https://cdn.adidssd7.workers.dev/?id=thumb-cdn77.xvideos-cdn.com/135d0056-555f-4494-8ed2-c869bc743237/0/xv_4_t.jpg,Temukan berbagai kategori menarik dalam video pilihan kami.,iochapm5dbd,A5W2F9
fa5gt8-sesi-foto-pelatihan-seks-idol-mari-1-ipmcuib1740,[FA5GT8] Sesi Foto Pelatihan Seks Idol Mari 1,https://cdn.adidssd7.workers.dev/?id=thumb-cdn77.xvideos-cdn.com/ca46db09-3779-4460-921e-ec47e9ea9615/0/xv_6_t.jpg,Nikmati momen terbaik dengan koleksi video trending kami.,ipmcuib1740,FA5GT8
pjkxlu-benua-panas-wanita-48-2-iptcdoha740,[PJKXLU] Benua panas wanita 48 2,https://cdn.adidssd7.workers.dev/?id=thumb-cdn77.xvideos-cdn.com/961a27b0-9903-41f8-8659-c70b93769e76/0/xv_23_t.jpg,Koleksi lengkap video pilihan dengan durasi yang pas untuk Anda.,iptcdoha740,PJKXLU
7xlq2u-benua-panas-wanita-42-2-ipceotkbe8b,[7XLQ2U] Benua panas wanita 42-2,https://cdn.adidssd7.workers.dev/?id=thumb-cdn77.xvideos-cdn.com/48d7d807-794c-43f4-996a-a11f978fd606/0/xv_20_t.jpg,Kami menyajikan konten paling populer yang wajib Anda tonton hari ini.,ipceotkbe8b,7XLQ2U
lckmab-saya-mencoba-mendekati-proyek-cabul-kepada-pria-dan-wanita-yang-merupakan-senior-dan-junior-dari-pekerjaan-paruh-waktu-bagian-una-sasaboshi-2-kocehkv0c52,[LCKMAB] saya mencoba mendekati proyek cabul kepada pria dan wanita yang merupakan senior dan junior dari pekerjaan paruh waktu bagian una sasaboshi 2,https://cdn.adidssd7.workers.dev/?id=thumb-cdn77.xvideos-cdn.com/36273a69-6a55-42ed-92aa-a0e894994879/0/xv_20_t.jpg,Nikmati momen terbaik dengan koleksi video trending kami.,kocehkv0c52,LCKMAB
btl4ms-istri-jepang-aki-ninomiya-senang-tanpa-sensor-komcmbk7436,[BTL4MS] Istri Jepang Aki Ninomiya senang tanpa sensor,https://cdn.adidssd7.workers.dev/?id=thumb-cdn77.xvideos-cdn.com/d691740b-33f1-41b5-aa52-68518a75c83a/0/xv_24_t.jpg,Konten terbaru yang sedang viral dan banyak dicari saat ini.,komcmbk7436,BTL4MS
ydlg5h-amatir-gachinanpa-saya-langsung-berhasil-masuk-skala--2-ipuaclk8cb8,[YDLG5H] Amatir Gachinanpa-Saya langsung berhasil masuk skala- 2,https://cdn.adidssd7.workers.dev/?id=thumb-cdn77.xvideos-cdn.com/3f997f9c-7c3a-4106-9d35-abccb7203d3b/0/xv_21_t.jpg,Temukan koleksi video eksklusif terbaru hanya untuk Anda hari ini.,ipuaclk8cb8,YDLG5H
q9n8j3-blowjob-asia-yang-luar-biasa-dengan-rikka-anna-yang-sensual-imdlcub39c4,[Q9N8J3] Blowjob Asia yang luar biasa dengan Rikka Anna yang sensual,https://cdn.adidssd7.workers.dev/?id=thumb-cdn77.xvideos-cdn.com/7763fceb-0dc3-414b-bfa1-2e7c9710cdcd/0/xv_9_t.jpg,Jangan lewatkan video menarik yang kami perbarui setiap harinya.,imdlcub39c4,Q9N8J3
4jtp3b-xvideos-com-019dd6c746612e684dd154eab09d3873-fffahh9a32,[4JTP3B] xvideos.com 019dd6c746612e684dd154eab09d3873,https://cdn.adidssd7.workers.dev/?id=thumb-cdn77.xvideos-cdn.com/9e3a49f7-9e64-4d24-90e1-156d7b6843d2/0/xv_7_t.jpg,Konten terbaru yang sedang viral dan banyak dicari saat ini.,fffahh9a32,4JTP3B
djme9n-realitykings---remaja-cinta-ayam-besar---alice-merchesi-bambino---lollipop-ayam-hcfoifh5284,[DJME9N] RealityKings - Remaja Cinta Ayam Besar - Alice Merchesi Bambino - Lollipop Ayam,https://cdn.adidssd7.workers.dev/?id=thumb-cdn77.xvideos-cdn.com/f9ba116f-477e-4cd2-ac26-3ce7d83d4397/0/xv_22_t.jpg,Jangan lewatkan video menarik yang kami perbarui setiap harinya.,hcfoifh5284,DJME9N
da34bf-tembakan-air-mani-gaya-jk-hfdddab7b1c,[DA34BF] Tembakan air mani gaya Jk,https://cdn.adidssd7.workers.dev/?id=thumb-cdn77.xvideos-cdn.com/0f3d884a-ff8a-4698-b314-d94883dd8069/0/xv_30_t.jpg,Konten terbaru yang sedang viral dan banyak dicari saat ini.,hfdddab7b1c,DA34BF
er2wug-handuk-blowjob-di-dapur-telanjang-rambut-pirang-ibu-rumah-tangga-menyebalkan-kontol-oplediu2abb,[ER2WUG] Handuk Blowjob di Dapur Telanjang Rambut Pirang Ibu Rumah Tangga Menyebalkan Kontol,https://cdn.adidssd7.workers.dev/?id=thumb-cdn77.xvideos-cdn.com/4a217385-15c3-4108-bf22-ede3428ca6ef/5/xv_21_t.jpg,Video yang sedang banyak dibicarakan oleh komunitas saat ini.,oplediu2abb,ER2WUG
fqmsjx-berbagi-istri-dengan-teman-upemcvv58af,[FQMSJX] Berbagi istri dengan teman. ,https://cdn.adidssd7.workers.dev/?id=thumb-cdn77.xvideos-cdn.com/c089c3c9-ed24-4951-840b-74f42c93c950/0/xv_11_t.jpg,Nikmati momen terbaik dengan koleksi video trending kami.,upemcvv58af,FQMSJX
ctyzjb-pacar-ekstra-thailand-idfaibi9dc6,[CTYZJB] Pacar ekstra Thailand,https://cdn.adidssd7.workers.dev/?id=thumb-cdn77.xvideos-cdn.com/a607a43f-cee4-4d50-b893-54fff30588de/0/xv_9_t.jpg,Tonton video berkualitas tinggi ini sekarang juga hanya di sini.,idfaibi9dc6,CTYZJB
mehgx5-hot-atletik-babe-akan-hancur-setelah-latihan-gym-opopdov8e92,[MEHGX5] Hot Atletik Babe Akan Hancur Setelah Latihan Gym,https://cdn.adidssd7.workers.dev/?id=thumbs-gcore.xvideos-cdn.com/3d902c4b-6050-4708-bb28-854ce6ca15c3/5/xv_27_t.jpg,Koleksi lengkap video pilihan dengan durasi yang pas untuk Anda.,opopdov8e92,MEHGX5
cl4esp-anal-threesome-dengan-ayam-dan-strap-on-dengan-tigerr-benson-dan-marica-hase-ihbpmvoa408,[CL4ESP] Anal Threesome Dengan Ayam Dan Strap-On Dengan Tigerr Benson Dan Marica Hase,https://cdn.adidssd7.workers.dev/?id=thumb-cdn77.xvideos-cdn.com/debd202d-cdc3-4e12-8372-cbc53a55061a/0/xv_6_t.jpg,Nikmati momen terbaik dengan koleksi video trending kami.,ihbpmvoa408,CL4ESP
gbzrhc-seorang-gadis-rapi-dan-lugu-dengan-wajah-imut-dan-sikap-yang-terlihat-serius-utplmohef9c,[GBZRHC] Seorang gadis rapi dan lugu dengan wajah imut dan sikap yang terlihat serius! ,https://cdn.adidssd7.workers.dev/?id=thumb-cdn77.xvideos-cdn.com/5b79ccf5-4cf8-496f-a247-eca9a532114a/0/xv_7_t.jpg,Konten terbaru yang sedang viral dan banyak dicari saat ini.,utplmohef9c,GBZRHC
h9lvus-meledakkan-para-pelacur-dalam-kelompok-berempat-yang-sangat-panas-iiakuid728a,[H9LVUS] Meledakkan para pelacur dalam kelompok berempat yang sangat panas,https://cdn.adidssd7.workers.dev/?id=thumb-cdn77.xvideos-cdn.com/d0952e1a-4a0f-4f56-a8fe-45d2c1847cd9/0/xv_4_t.jpg,Video pilihan kualitas terbaik yang kami kurasi khusus untuk pengalaman menonton Anda.,iiakuid728a,H9LVUS
96dhn4-tsugumi-mizusawa-yang-mulai-memohon-pada-ji-po-mulai-menjadi-gila-hingga-wajahnya-pingsan-ketika-aku-mencoba-membuatnya-tersenyum-gadis-ubu-yang-lucu-kemvlub97c2,[96DHN4] Tsugumi Mizusawa yang mulai memohon pada Ji Ã¢ Po mulai menjadi gila hingga wajahnya pingsan ketika aku mencoba membuatnya tersenyum gadis Ubu yang lucu,https://cdn.adidssd7.workers.dev/?id=thumb-cdn77.xvideos-cdn.com/43a9911d-f660-423d-9471-7ff0ab412849/0/xv_28_t.jpg,Jangan lewatkan video menarik yang kami perbarui setiap harinya.,kemvlub97c2,96DHN4
tn2ags-tomoyo-isumi-jepang-berhubungan-seks-tanpa-sensor-klbdpmvd07b,[TN2AGS] Tomoyo Isumi Jepang berhubungan seks tanpa sensor,https://cdn.adidssd7.workers.dev/?id=thumb-cdn77.xvideos-cdn.com/57e3339b-15c3-49d8-80bf-544d0bb56283/0/xv_4_t.jpg,Tonton video berkualitas tinggi ini sekarang juga hanya di sini.,klbdpmvd07b,TN2AGS
jgzk2v-sialan-putri-tiri-jepang-tanpa-kondom-kllhuhv06bd,[JGZK2V] Sialan Putri Tiri Jepang Tanpa Kondom!,https://cdn.adidssd7.workers.dev/?id=thumb-cdn77.xvideos-cdn.com/884b5599-90d0-40a8-a51e-be0e7e11ce16/0/xv_4_t.jpg,Temukan koleksi video eksklusif terbaru hanya untuk Anda hari ini.,kllhuhv06bd,JGZK2V
cbwh8y-ketika-cunnilingus-diterapkan-pada-vagina-yang-lezat-pinggul-rampingnya-terpelintir-dan-dia-mencapai-klimaks-dalam-kesakitan-utvhefd213a,[CBWH8Y] Ketika cunnilingus diterapkan pada vagina yang lezat,https://cdn.adidssd7.workers.dev/?id=thumb-cdn77.xvideos-cdn.com/2d4da731-ece4-44cf-b02a-e037465ed127/0/xv_10_t.jpg,Tonton video berkualitas tinggi ini sekarang juga hanya di sini.,utvhefd213a,CBWH8Y
qh4g8x-gadis-jepang-berbulu-asli-dengan-kelas---creampie-uhohuvd9272,[QH4G8X] gadis jepang berbulu asli dengan kelas - creampie,https://cdn.adidssd7.workers.dev/?id=thumb-cdn77.xvideos-cdn.com/9e5c0404-3bc1-4518-bed6-892e79c29745/0/xv_19_t.jpg,Koleksi lengkap video pilihan dengan durasi yang pas untuk Anda.,uhohuvd9272,QH4G8X
lpbjvk-elena-dan-kozue-sepasang-jk-yang-ditemukan-di-aplikasi-obrolan02-uteuopb98e4,[LPBJVK] Elena dan Kozue-Sepasang JK yang ditemukan di aplikasi obrolan02,https://cdn.adidssd7.workers.dev/?id=thumb-cdn77.xvideos-cdn.com/64393860-ece1-4c57-8a54-5ae9d54d4223/0/xv_21_t.jpg,Jangan lewatkan video menarik yang kami perbarui setiap harinya.,uteuopb98e4,LPBJVK
6ujc4a-sekelompok-tiga-gadis-memainkan-batu-gunting-kertas-dalam-permainan-bercinta-di-luar-ruangan-uioplmhc240,[6UJC4A] Sekelompok Tiga Gadis Memainkan Batu-Gunting-Kertas dalam Permainan Bercinta di Luar Ruangan! ,https://cdn.adidssd7.workers.dev/?id=thumb-cdn77.xvideos-cdn.com/d2077ae3-4f06-40be-af75-1d2d4673f59a/0/xv_4_t.jpg,Video yang sedang banyak dibicarakan oleh komunitas saat ini.,uioplmhc240,6UJC4A
fc4rk8-adegan-xxx-asia-dengan-rating-tertinggi-dengan-suzu-ichinose-yang-luar-biasa---selengkapnya-di-javhd-net-klohckfd9a3,[FC4RK8] Adegan xxx Asia dengan rating tertinggi dengan Suzu Ichinose yang luar biasa - Selengkapnya di javhd.net,https://cdn.adidssd7.workers.dev/?id=thumb-cdn77.xvideos-cdn.com/75a5a86b-61a9-4c70-8bdf-8df90fff96f6/0/xv_17_t.jpg,Konten terbaru yang sedang viral dan banyak dicari saat ini.,klohckfd9a3,FC4RK8
jcmdpf-wanita-yang-dalam-dan-rapi-diganggu-berkali-kali-seolah-mengisi-kesepiannya-creampie-kepada-wanita-cantik-yang-kesakitan-mencapai-klimaks-uhviidvde4e,[JCMDPF] Wanita yang dalam dan rapi diganggu berkali-kali seolah mengisi kesepiannya... Creampie kepada wanita cantik yang kesakitan mencapai klimaks! ,https://cdn.adidssd7.workers.dev/?id=thumb-cdn77.xvideos-cdn.com/9799742c-2deb-4b95-9dbe-1663797484c6/0/xv_25_t.jpg,Koleksi lengkap video pilihan dengan durasi yang pas untuk Anda.,uhviidvde4e,JCMDPF
2ewvzc-saat-aku-mencoba-membuat-gadis-naif-yang-tersenyum-manis-merasa-dia-mulai-datang-begitu-keras-hingga-wajahnya-roboh-dan-dia-mulai-meminta-penis-keaekcd9d2c,[2EWVZC] Saat aku mencoba membuat gadis naif yang tersenyum manis merasa dia mulai datang begitu keras hingga wajahnya roboh dan dia mulai meminta penis. ,https://cdn.adidssd7.workers.dev/?id=thumb-cdn77.xvideos-cdn.com/a7a0b3f0-6fcc-400a-b03f-6b220c62f7a3/0/xv_16_t.jpg,Video pilihan kualitas terbaik yang kami kurasi khusus untuk pengalaman menonton Anda.,keaekcd9d2c,2EWVZC
bna273-dia-banyak-ejakulasi-di-wajahnya-uumkbuu81a5,[BNA273] Dia banyak ejakulasi di wajahnya! ,https://cdn.adidssd7.workers.dev/?id=thumb-cdn77.xvideos-cdn.com/5377a894-8d11-4b3b-843f-e6d9c0422efe/0/xv_30_t.jpg,Temukan koleksi video eksklusif terbaru hanya untuk Anda hari ini.,uumkbuu81a5,BNA273
3wxsy8-5-orang-berdada-besar-berkumpul-di-rumahku-selama-liburan-musim-panas-dream-harem-6-orang-10-orang-pesta-besar-lihat-selengkapnya-https-bit-ly-raptor-xvideos-keelpdd449a,[3WXSY8] 5 Orang Berdada Besar Berkumpul di Rumahku Selama Liburan Musim Panas Dream Harem 6-Orang 10-Orang Pesta Besar : Lihat SelengkapnyaÃ¢https://bit.ly/Raptor-Xvideos,https://cdn.adidssd7.workers.dev/?id=thumb-cdn77.xvideos-cdn.com/050e4be5-1599-4613-82a0-59efbc553614/0/xv_21_t.jpg,Kami menyajikan konten paling populer yang wajib Anda tonton hari ini.,keelpdd449a,3WXSY8
ncphe2-gal-monica-suci-asia-amerika-dari-california-di-pantai-barat-amerika-serikat-telah-datang-jauh-jauh-ke-jepang-keelmek9946,[NCPHE2] Gal Monica Suci Asia-Amerika Dari California Di Pantai Barat Amerika Serikat Telah Datang Jauh-jauh Ke Jepang! ,https://cdn.adidssd7.workers.dev/?id=thumb-cdn77.xvideos-cdn.com/426a55c8-2201-456f-b42e-53aea23b23a3/0/xv_14_t.jpg,Video yang sedang banyak dibicarakan oleh komunitas saat ini.,keelmek9946,NCPHE2
gsn2hz-orang-berpayudara-besar-berteman-dengan-payudara-besar-hazuki-kisaragi-lihat-selengkapnya-https-bit-ly-raptor-xvideos-utiekamdc4c,[GSN2HZ] Orang Berpayudara Besar Berteman Dengan Payudara Besar Hazuki & KisaragiÃ£Lihat SelengkapnyaÃ¢https://bit.ly/Raptor-Xvideos,https://cdn.adidssd7.workers.dev/?id=thumb-cdn77.xvideos-cdn.com/5ee99050-69d8-4ab4-8d97-25baa253648f/0/xv_1_t.jpg,Kami menyajikan konten paling populer yang wajib Anda tonton hari ini.,utiekamdc4c,GSN2HZ
ljr5w7-gadis-asia-5-kaklokdb15e,[LJR5W7] gadis Asia 5,https://cdn.adidssd7.workers.dev/?id=thumb-cdn77.xvideos-cdn.com/ca4b8d5c-9b33-4c4f-96ce-0b8e7ac92d24/0/xv_13_t.jpg,Koleksi lengkap video pilihan dengan durasi yang pas untuk Anda.,kaklokdb15e,LJR5W7
kjnwua-bagian-1-tubuh-lurus-sempurna-menjadi-super-terangsang-di-sauna-mahasiswi-opmlpik90e3,[KJNWUA] Bagian 1: Tubuh Lurus SempurnaÃ¢Menjadi Super Terangsang di Sauna Mahasiswi,https://cdn.adidssd7.workers.dev/?id=thumb-cdn77.xvideos-cdn.com/c3e89ab9-d428-48aa-af10-44277eac09f4/5/xv_1_t.jpg,Jangan lewatkan video menarik yang kami perbarui setiap harinya.,opmlpik90e3,KJNWUA
neubtk-pov-gadis-bbw-jepang-berdada-besar-mengendarai-penis-besar-kctoukf146c,[NEUBTK] [POV] Gadis BBW Jepang berdada besar mengendarai penis besar. ,https://cdn.adidssd7.workers.dev/?id=thumb-cdn77.xvideos-cdn.com/a5110607-0818-4f4f-afe7-4a96da26e730/0/xv_30_t.jpg,Temukan koleksi video eksklusif terbaru hanya untuk Anda hari ini.,kctoukf146c,NEUBTK
gjzkft-https-bit-ly-3gcxqob-pelacur-jepang-gaya-hebat-melakukan-hubungan-seks-yang-penuh-gairah-dengan-pria-muda-kcmtbfhd242,[GJZKFT] https://bit.ly/3GCxqOb Pelacur Jepang gaya hebat melakukan hubungan seks yang penuh gairah dengan pria muda. ,https://cdn.adidssd7.workers.dev/?id=thumb-cdn77.xvideos-cdn.com/efe55dc5-0f71-4336-b740-ec63a3c7924d/0/xv_3_t.jpg,Temukan berbagai kategori menarik dalam video pilihan kami.,kcmtbfhd242,GJZKFT
jgl6vs-seorang-wanita-cantik-dari-klub-seni-uidepav3230,[JGL6VS] Seorang wanita cantik dari klub seni.,https://cdn.adidssd7.workers.dev/?id=thumb-cdn77.xvideos-cdn.com/c85ae9f4-7b4c-45e2-bdc1-5dd2f05dbad1/0/xv_20_t.jpg,Video yang sedang banyak dibicarakan oleh komunitas saat ini.,uidepav3230,JGL6VS
3lrue9-gonzo-aktif-berkulit-putih-lucu-1-uimpeuf1db7,[3LRUE9] Gonzo aktif berkulit putih lucu 1,https://cdn.adidssd7.workers.dev/?id=thumb-cdn77.xvideos-cdn.com/df033cfd-11b4-4d86-94cc-d929508dca10/0/xv_3_t.jpg,Jangan lewatkan video menarik yang kami perbarui setiap harinya.,uimpeuf1db7,3LRUE9
l2e8a6-asia-17890-uukkhfm7fc7,[L2E8A6] Asia 17890,https://cdn.adidssd7.workers.dev/?id=thumb-cdn77.xvideos-cdn.com/84db1a46-82fd-44a8-818b-34306588d18a/0/xv_18_t.jpg,Video pilihan kualitas terbaik yang kami kurasi khusus untuk pengalaman menonton Anda.,uukkhfm7fc7,L2E8A6
2vsqw9-ini-adalah-gal-berdada-amatir-yang-mengecat-ulang-keindahan-berdada-pria-mobil-itu-lagi-uuteuim0cca,[2VSQW9] Ini adalah GAL berdada amatir yang mengecat ulang keindahan berdada pria mobil itu lagi. ,https://cdn.adidssd7.workers.dev/?id=thumb-cdn77.xvideos-cdn.com/d9aeb051-1f26-4466-9275-cb620dc3b9a9/0/xv_7_t.jpg,Temukan koleksi video eksklusif terbaru hanya untuk Anda hari ini.,uuteuim0cca,2VSQW9
nfm5g3-gadis-jp-uopdthd5112,[NFM5G3] gadis jp,https://cdn.adidssd7.workers.dev/?id=thumb-cdn77.xvideos-cdn.com/7459e71c-a11a-48c7-b5e2-7443dd8f39f0/0/xv_5_t.jpg,Temukan berbagai kategori menarik dalam video pilihan kami.,uopdthd5112,NFM5G3
7tbndk-boneka-peliharaan-elang-tuna-2-iaipetk4aca,[7TBNDK] Boneka peliharaan elang Tuna 2,https://cdn.adidssd7.workers.dev/?id=thumb-cdn77.xvideos-cdn.com/669aeffa-efd6-46a8-94aa-cb1f77404696/0/xv_14_t.jpg,Nikmati momen terbaik dengan koleksi video trending kami.,iaipetk4aca,7TBNDK
ec4zjg-kompilasi-creampie-jepang-tanpa-sensor-terbaik-hckehefa920,[EC4ZJG] Kompilasi Creampie Jepang Tanpa Sensor Terbaik,https://cdn.adidssd7.workers.dev/?id=thumb-cdn77.xvideos-cdn.com/cbde1fec-188e-490b-8977-6c64e7ef5406/0/xv_5_t.jpg,Konten terbaru yang sedang viral dan banyak dicari saat ini.,hckehefa920,EC4ZJG
rh93g8-gadis-asia-189-uialhfm67d7,[RH93G8] gadis Asia 189,https://cdn.adidssd7.workers.dev/?id=thumb-cdn77.xvideos-cdn.com/524caab6-78ed-479c-b203-c062ad90fee3/0/xv_30_t.jpg,Jangan lewatkan video menarik yang kami perbarui setiap harinya.,uialhfm67d7,RH93G8
5ugv3r-seorang-ahli-kecantikan-baru-yang-merupakan-teman-seorang-resepsionis-kecantikan-di-salon-kecantikan-tertentu-uhmflvdc044,[5UGV3R] Seorang ahli kecantikan baru yang merupakan teman seorang resepsionis kecantikan di salon kecantikan tertentu! ,https://cdn.adidssd7.workers.dev/?id=thumb-cdn77.xvideos-cdn.com/d8a81ee7-df68-42d7-a4b6-7969ec583667/0/xv_21_t.jpg,Konten terbaru yang sedang viral dan banyak dicari saat ini.,uhmflvdc044,5UGV3R
ntwqlv-mata-indah-rambut-hitam-sopan-rapi-j-uhuadoo2453,[NTWQLV] Mata indah,https://cdn.adidssd7.workers.dev/?id=thumb-cdn77.xvideos-cdn.com/52784c4e-5274-4b7c-b34a-1d127e0299a7/0/xv_18_t.jpg,Konten terbaru yang sedang viral dan banyak dicari saat ini.,uhuadoo2453,NTWQLV
knu6wf-versi-lengkap-https-is-gd-bdyzxn-kacaclfed23,[KNU6WF] versi lengkap https://is.gd/bdyzxn,https://cdn.adidssd7.workers.dev/?id=thumb-cdn77.xvideos-cdn.com/d23d392a-45f2-4708-be6d-4f3fd95d7f2f/0/xv_14_t.jpg,Tonton video berkualitas tinggi ini sekarang juga hanya di sini.,kacaclfed23,KNU6WF
zuvjdb-gadis-asia-seksi-bekerja-di-bar-nyonya-rumah-kcpbfdd5c36,[ZUVJDB] Gadis Asia seksi bekerja di bar nyonya rumah. ,https://cdn.adidssd7.workers.dev/?id=thumb-cdn77.xvideos-cdn.com/38de3722-a7d8-47f6-95fb-45be88df9877/0/xv_28_t.jpg,Video yang sedang banyak dibicarakan oleh komunitas saat ini.,kcpbfdd5c36,ZUVJDB
9t3aml-rambut-gagah-dengan-kuncir-mungil-berusia-18-tahun-turis-remaja-filipina-hditdhob490,[9T3AML] Rambut gagah dengan kuncir mungil berusia 18 tahun turis remaja filipina,https://cdn.adidssd7.workers.dev/?id=thumb-cdn77.xvideos-cdn.com/1d4ef330-245d-4101-83d6-f83003a4218d/0/xv_12_t.jpg,Konten terbaru yang sedang viral dan banyak dicari saat ini.,hditdhob490,9T3AML
6mkj2y-video-kisah-nyata-seorang-gadis-perjalanan-keluarga-dekat-ke-luar-negeri-di-bali-lihat-selengkapnya-https-bit-ly-raptor-xvideos-uhmcddf7ea9,[6MKJ2Y] Video Kisah Nyata Seorang Gadis: Perjalanan Keluarga Dekat ke Luar Negeri di Bali : Lihat SelengkapnyaÃ¢https://bit.ly/Raptor-Xvideos,https://cdn.adidssd7.workers.dev/?id=thumb-cdn77.xvideos-cdn.com/0d8b5ec9-5d35-4ee0-a5d3-8bc02d43a12d/0/xv_16_t.jpg,Temukan berbagai kategori menarik dalam video pilihan kami.,uhmcddf7ea9,6MKJ2Y
zqycml-gadis-asia-uhopbco0142,[ZQYCML] gadis Asia,https://cdn.adidssd7.workers.dev/?id=thumbs-gcore.xvideos-cdn.com/8017f5c8-6fce-4477-a77f-d1a3c4d768af/0/xv_3_t.jpg,Koleksi lengkap video pilihan dengan durasi yang pas untuk Anda.,uhopbco0142,ZQYCML
xtchb5-gadis-asia-tertangkap-sedang-masturbasi-ikbttmb0112,[XTCHB5] Gadis Asia Tertangkap Sedang Masturbasi!,https://cdn.adidssd7.workers.dev/?id=thumb-cdn77.xvideos-cdn.com/5d729881-3a83-489e-a5c1-bedd7faeae1f/0/xv_17_t.jpg,Jangan lewatkan video menarik yang kami perbarui setiap harinya.,ikbttmb0112,XTCHB5
q7n6hc-kedatangan-ca-besar-yang-aktif-dan-sejati-uitaihbd3f2,[Q7N6HC] Kedatangan CA besar yang aktif dan sejati! ,https://cdn.adidssd7.workers.dev/?id=thumb-cdn77.xvideos-cdn.com/b9c4c749-73a3-4ad3-b85a-f4e3eeab62f7/0/xv_3_t.jpg,Video pilihan kualitas terbaik yang kami kurasi khusus untuk pengalaman menonton Anda.,uitaihbd3f2,Q7N6HC
yhnsvf-gadis-asia-uhouelv7d0b,[YHNSVF] gadis Asia,https://cdn.adidssd7.workers.dev/?id=thumb-cdn77.xvideos-cdn.com/ae433483-4a2c-467c-b841-9b0a2525a9c2/0/xv_12_t.jpg,Video yang sedang banyak dibicarakan oleh komunitas saat ini.,uhouelv7d0b,YHNSVF
ptz59h-payudara-indah-yang-benar-benar-terbuka-dan-pantat-yang-bagus-kecantikan-kelas-s-adalah-etsa-dalam-mobil-pertama-dan-kontak-dekat-yang-sangat-bersemangat-cinta-seks-dan-tembakan-cum-massal-uhvpkome343,[PTZ59H] Payudara indah yang benar-benar terbuka dan pantat yang bagus Kecantikan kelas S adalah etsa dalam mobil pertama dan kontak dekat yang sangat bersemangat,https://cdn.adidssd7.workers.dev/?id=thumbs-gcore.xvideos-cdn.com/372b5cc4-befd-4dda-be29-70e26f3c0059/0/xv_28_t.jpg,Temukan berbagai kategori menarik dalam video pilihan kami.,uhvpkome343,PTZ59H
r8gywe-ao-intelektual-berusia-18-tahun-di-tahun-pertama-universitas-gakuin-uicmkmvbfa3,[R8GYWE] Ao Ã¢Â¯ Intelektual berusia 18 tahun di tahun pertama Universitas Gakuin. ,https://cdn.adidssd7.workers.dev/?id=thumb-cdn77.xvideos-cdn.com/b6be025b-d4aa-4a55-9dd6-ba45b131c002/0/xv_7_t.jpg,Konten terbaru yang sedang viral dan banyak dicari saat ini.,uicmkmvbfa3,R8GYWE
lczrgt-krim-pria-hitam-di-vagina-basah-pelacur-asia-hbhlhmk1a9c,[LCZRGT] Krim pria hitam di vagina basah pelacur Asia,https://cdn.adidssd7.workers.dev/?id=thumb-cdn77.xvideos-cdn.com/3ac95acd-ea40-4b71-a179-aa45663ae84f/0/xv_11_t.jpg,Koleksi lengkap video pilihan dengan durasi yang pas untuk Anda.,hbhlhmk1a9c,LCZRGT
drmux4-semua-orang-ingin-menjadi-kecantikannya-yang-rapi-dan-bersih-tetapi-dia-merah-untuk-mengandung-seorang-gadis-cantik-yang-meminta-suntikan-vagina-uiffoid9618,[DRMUX4] Semua orang ingin menjadi kecantikannya yang rapi dan bersih,https://cdn.adidssd7.workers.dev/?id=thumb-cdn77.xvideos-cdn.com/946840cd-6d3e-4053-aa15-3b2e246eb104/0/xv_10_t.jpg,Tonton video berkualitas tinggi ini sekarang juga hanya di sini.,uiffoid9618,DRMUX4
tyqnr3-suara-terengah-engah-putus-asa-saat-suara-itu-uihbaff9aa1,[TYQNR3] Suara terengah-engah putus asa saat suara itu. ,https://cdn.adidssd7.workers.dev/?id=thumbs-gcore.xvideos-cdn.com/97b7d05f-e401-47fa-8327-384599a7620c/0/xv_18_t.jpg,Kami menyajikan konten paling populer yang wajib Anda tonton hari ini.,uihbaff9aa1,TYQNR3
fgr5mn-gonzo-aktif-1-uimhdtb3ccc,[FGR5MN] Gonzo aktif 1,https://cdn.adidssd7.workers.dev/?id=thumb-cdn77.xvideos-cdn.com/28ed82cf-4daa-4982-8554-b80a70261a64/0/xv_11_t.jpg,Koleksi lengkap video pilihan dengan durasi yang pas untuk Anda.,uimhdtb3ccc,FGR5MN
7zjlpd-kecantikan-idola-wanita-gonzo-uibelkh082e,[7ZJLPD] Kecantikan idola Ã¢Â¯ wanita Gonzo,https://cdn.adidssd7.workers.dev/?id=thumb-cdn77.xvideos-cdn.com/3c09ad7d-97eb-4f58-9aa1-63a93926218f/0/xv_9_t.jpg,Kami menyajikan konten paling populer yang wajib Anda tonton hari ini.,uibelkh082e,7ZJLPD
ka46hc-pemberian-jepang-hedihfh1582,[KA46HC] pemberian Jepang,https://cdn.adidssd7.workers.dev/?id=thumb-cdn77.xvideos-cdn.com/56013787-062a-494b-9df4-cda8ee1ebe64/0/xv_16_t.jpg,Temukan berbagai kategori menarik dalam video pilihan kami.,hedihfh1582,KA46HC
bvlcef-1006374-320p-ihaohmm7432,[BVLCEF] 1006374-320p,https://cdn.adidssd7.workers.dev/?id=thumb-cdn77.xvideos-cdn.com/41cd0d21-006c-4a6c-9b8b-fa69a4196955/0/xv_8_t.jpg,Temukan berbagai kategori menarik dalam video pilihan kami.,ihaohmm7432,BVLCEF
dzaf9h-porno-tua-dan-muda---memek-pengasuh-bayi-disetubuhi-oleh-lelaki-tua-dan-menelan-air-mani-hvftmao5a04,[DZAF9H] Porno Tua dan Muda - Memek pengasuh bayi disetubuhi oleh lelaki tua dan menelan air mani,https://cdn.adidssd7.workers.dev/?id=thumb-cdn77.xvideos-cdn.com/990a2de9-56fe-43fc-9343-f346ce0a54e0/0/xv_7_t.jpg,Temukan koleksi video eksklusif terbaru hanya untuk Anda hari ini.,hvftmao5a04,DZAF9H
5rytxq-horny-lucu-closeup-cum-menelan-setelah-pria-tua-sialan-hlkdbmmb17a,[5RYTXQ] Horny lucu closeup cum menelan setelah pria tua sialan,https://cdn.adidssd7.workers.dev/?id=thumb-cdn77.xvideos-cdn.com/03b63c55-eec2-418c-8a3c-5090b93adb80/0/xv_20_t.jpg,Temukan berbagai kategori menarik dalam video pilihan kami.,hlkdbmmb17a,5RYTXQ
mzfg6u-1dua-sahabat-baik-saling-menggoda-2-gadis-yang-disuruh-cum-bergantian-di-depan-temannya-umftmdv9377,[MZFG6U] #1Dua sahabat baik saling menggoda 2 gadis yang disuruh cum bergantian di depan temannya,https://cdn.adidssd7.workers.dev/?id=thumbs-gcore.xvideos-cdn.com/fb602010-8811-422b-b41c-1dd0dd25b440/0/xv_21_t.jpg,Jangan lewatkan video menarik yang kami perbarui setiap harinya.,umftmdv9377,MZFG6U
5qsu2b-hinata-tachibana---gadis-asia-cantik-3-iumevcb073d,[5QSU2B] Hinata Tachibana - Gadis Asia Cantik #3,https://cdn.adidssd7.workers.dev/?id=thumb-cdn77.xvideos-cdn.com/64a11ba0-c77a-4267-9f29-f431c0cba4ab/0/xv_15_t.jpg,Video yang sedang banyak dibicarakan oleh komunitas saat ini.,iumevcb073d,5QSU2B
x4m3ah-video-porno-di-dalam-bus-kbbekukd542,[X4M3AH] video porno di dalam bus,https://cdn.adidssd7.workers.dev/?id=thumb-cdn77.xvideos-cdn.com/496ebb1b-5b1c-40e2-b336-8eb1ab99d17d/0/xv_15_t.jpg,Temukan berbagai kategori menarik dalam video pilihan kami.,kbbekukd542,X4M3AH
sv2pgx-aku-suka-sensasi-vagina-asia-utctdmob936,[SV2PGX] Aku suka sensasi vagina Asia,https://cdn.adidssd7.workers.dev/?id=thumb-cdn77.xvideos-cdn.com/287c0970-472a-432c-afa5-a23eeaae4b86/0/xv_26_t.jpg,Nikmati momen terbaik dengan koleksi video trending kami.,utctdmob936,SV2PGX
6aceln-bercinta-dengan-wanita-dewasa-jepang-uhouffo2304,[6ACELN] bercinta dengan wanita dewasa Jepang,https://cdn.adidssd7.workers.dev/?id=thumb-cdn77.xvideos-cdn.com/9a334661-613d-44f7-9ef2-5b7efd94d40b/0/xv_6_t.jpg,Temukan berbagai kategori menarik dalam video pilihan kami.,uhouffo2304,6ACELN
cu8qem-omnibus-gonzo-diambil-serius-di-laut-nampa-ini-realitas-anak-muda-3-ukabeibe763,[CU8QEM] Omnibus Gonzo Diambil Serius di Laut Nampa Ini Realitas Anak Muda 3,https://cdn.adidssd7.workers.dev/?id=thumb-cdn77.xvideos-cdn.com/61fd6cd3-d3cc-46a3-9c14-32993ebf03f3/0/xv_13_t.jpg,Jangan lewatkan video menarik yang kami perbarui setiap harinya.,ukabeibe763,CU8QEM
3mluvj-alam-semesta-asia-10011-umdcflo01ac,[3MLUVJ] Alam Semesta Asia 10011,https://cdn.adidssd7.workers.dev/?id=thumb-cdn77.xvideos-cdn.com/be1962a7-18ea-49c9-967d-56d838e1722e/0/xv_9_t.jpg,Nikmati momen terbaik dengan koleksi video trending kami.,umdcflo01ac,3MLUVJ
ce56av-gadis-asia-5012-umddlioa7ec,[CE56AV] gadis asia 5012,https://cdn.adidssd7.workers.dev/?id=thumb-cdn77.xvideos-cdn.com/cf07ed3c-fba5-488c-8ba0-d9e3db221f5d/0/xv_21_t.jpg,Temukan berbagai kategori menarik dalam video pilihan kami.,umddlioa7ec,CE56AV
ypefd3-pembantu-asia-bisa-membersihkan-bbc-ickplkda2e9,[YPEFD3] Pembantu Asia bisa membersihkan BBC!,https://cdn.adidssd7.workers.dev/?id=thumb-cdn77.xvideos-cdn.com/95f4a4e0-a058-4c86-9b25-2c2b07a71c55/0/xv_24_t.jpg,Kami menyajikan konten paling populer yang wajib Anda tonton hari ini.,ickplkda2e9,YPEFD3
y7pwvg-gadis-asia-10001-umcipmh7fa8,[Y7PWVG] gadis asia 10001,https://cdn.adidssd7.workers.dev/?id=thumbs-gcore.xvideos-cdn.com/5dead5b0-ea1f-4591-9129-fbcc94e4969a/0/xv_8_t.jpg,Koleksi lengkap video pilihan dengan durasi yang pas untuk Anda.,umcipmh7fa8,Y7PWVG
qfl387-gadis-asia-sebelah-10000-umchaadfaae,[QFL387] Gadis Asia Sebelah 10000,https://cdn.adidssd7.workers.dev/?id=thumb-cdn77.xvideos-cdn.com/e45649d7-6304-4a31-bb52-667e4f81c65c/0/xv_24_t.jpg,Video yang sedang banyak dibicarakan oleh komunitas saat ini.,umchaadfaae,QFL387
bksjxd-siapa-namanya-tolong-halimmd3a4a,[BKSJXD] siapa namanya,https://cdn.adidssd7.workers.dev/?id=thumb-cdn77.xvideos-cdn.com/c49e75b4-751e-4538-9eb9-92582d2573e4/0/xv_9_t.jpg,Temukan koleksi video eksklusif terbaru hanya untuk Anda hari ini.,halimmd3a4a,BKSJXD
nf5wt9-gadis-cina-cantik-sialan-penis-kecil-lavbhd4380,[NF5WT9] Gadis Cina cantik sialan penis kecil!,https://cdn.adidssd7.workers.dev/?id=thumb-cdn77.xvideos-cdn.com/abe214a3-ec6f-4b74-a4b7-21812d930281/0/xv_12_t.jpg,Video yang sedang banyak dibicarakan oleh komunitas saat ini.,lavbhd4380,NF5WT9
gzv9jc-homevideo-seks-model-fesyen-korea-hhobakc79b,[GZV9JC] Homevideo Seks Model Fesyen Korea,https://cdn.adidssd7.workers.dev/?id=thumb-cdn77.xvideos-cdn.com/5c881d0a-507b-4d24-8804-776a48f65816/0/xv_16_t.jpg,Tonton video berkualitas tinggi ini sekarang juga hanya di sini.,hhobakc79b,GZV9JC
rzfcvx-remaja-amatir-mengalami-orgasme-yang-intens-ibftlfb1940,[RZFCVX] Remaja Amatir mengalami orgasme yang intens,https://cdn.adidssd7.workers.dev/?id=thumb-cdn77.xvideos-cdn.com/a834aef9-c2ea-41a5-977f-d474728f657c/0/xv_8_t.jpg,Tonton video berkualitas tinggi ini sekarang juga hanya di sini.,ibftlfb1940,RZFCVX
4g58rf-19-yo-pacar-sialan-di-asrama-ilefloh6bd3,[4G58RF] 19 YO Pacar Sialan Di Asrama,https://cdn.adidssd7.workers.dev/?id=thumb-cdn77.xvideos-cdn.com/e4d5075a-aa30-4fb7-b006-3415e03577d0/0/xv_17_t.jpg,Kami menyajikan konten paling populer yang wajib Anda tonton hari ini.,ilefloh6bd3,4G58RF
j5867y-wajah-untuk-dua-remaja-amatir-iiiieff7f8,[J5867Y] Wajah untuk dua remaja amatir,https://cdn.adidssd7.workers.dev/?id=thumb-cdn77.xvideos-cdn.com/746713ac-0a4c-444e-94b8-20a8114358f4/0/xv_1_t.jpg,Koleksi lengkap video pilihan dengan durasi yang pas untuk Anda.,iiiieff7f8,J5867Y
ct53ym-versi-lengkap-docp-303-https-is-gd-vgewoy-kcbmthfa650,[CT53YM] Versi lengkap DOCP-303 https://is.gd/vgewOY,https://cdn.adidssd7.workers.dev/?id=thumb-cdn77.xvideos-cdn.com/2dfecb00-aead-4828-8304-fa336276abbd/0/xv_3_t.jpg,Nikmati momen terbaik dengan koleksi video trending kami.,kcbmthfa650,CT53YM
x423sb-merawat-bibi-yang-sakit-idvakpdd858,[X423SB] merawat bibi yang sakit,https://cdn.adidssd7.workers.dev/?id=thumb-cdn77.xvideos-cdn.com/39c97b14-54c5-438a-9624-c42164a534ea/0/xv_7_t.jpg,Temukan koleksi video eksklusif terbaru hanya untuk Anda hari ini.,idvakpdd858,X423SB
6ured7-javhub-ryoko-murakami-mengajari-anak-tirinya-tentang-seks-kffctckb850,[6URED7] JAVHUB Ryoko Murakami mengajari anak tirinya tentang seks,https://cdn.adidssd7.workers.dev/?id=thumb-cdn77.xvideos-cdn.com/c2f53511-2e66-4063-8a71-8e1390a925d1/0/xv_16_t.jpg,Koleksi lengkap video pilihan dengan durasi yang pas untuk Anda.,kffctckb850,6URED7
7ct3ug-saya-menemukan-paman-langkah-saya-melakukan-masturbasi-dengan-celana-dalam-putri-saya---saya-memberikan-celana-dalam-hukum-kembali-jika-dia-melakukan-masturbasi-saya-dengan-tangan-dan-tubuhnya-kddmmkm9258,[7CT3UG] Saya Menemukan Paman Langkah Saya Melakukan Masturbasi Dengan Celana Dalam Putri Saya - Saya Memberikan Celana Dalam Hukum Kembali Jika Dia Melakukan Masturbasi Saya Dengan Tangan Dan Tubuhnya,https://cdn.adidssd7.workers.dev/?id=thumb-cdn77.xvideos-cdn.com/7675bb0b-240a-4262-bdfa-37c9f5e2532f/0/xv_29_t.jpg,Konten terbaru yang sedang viral dan banyak dicari saat ini.,kddmmkm9258,7CT3UG
rychfn-saya-meraih-pantat-sahabat-saya-di-kamar-mandi-mengundang-dia-untuk-bermain-dan-sangat-menikmati-pantat-bulatnya-kddmmov7cde,[RYCHFN] Saya meraih pantat sahabat saya di kamar mandi,https://cdn.adidssd7.workers.dev/?id=thumb-cdn77.xvideos-cdn.com/3395fbc9-9dfc-424d-aec4-699349c49a44/0/xv_16_t.jpg,Jangan lewatkan video menarik yang kami perbarui setiap harinya.,kddmmov7cde,RYCHFN
97rpcb-ajari-aku-cara-berenang-dan-aku-akan-mengajarimu-cara-bercinta-kmuodvmcefa,[97RPCB] Ajari aku Cara Berenang dan Aku akan Mengajarimu Cara Bercinta,https://cdn.adidssd7.workers.dev/?id=thumb-cdn77.xvideos-cdn.com/5e46682a-be2a-4ecc-9f3d-88d13d007ea4/0/xv_8_t.jpg,Konten terbaru yang sedang viral dan banyak dicari saat ini.,kmuodvmcefa,97RPCB
y3k5sn-fingering-ketat-asia-di-kolam-renang-hoofcvmbdb9,[Y3K5SN] Fingering Ketat Asia di Kolam Renang,https://cdn.adidssd7.workers.dev/?id=thumb-cdn77.xvideos-cdn.com/6716dd57-3e4c-4305-a975-01b0f51decda/0/xv_23_t.jpg,Jangan lewatkan video menarik yang kami perbarui setiap harinya.,hoofcvmbdb9,Y3K5SN
sq8byr-nhdta-751-ipmthpdf3aa,[SQ8BYR] NHDTA-751,https://cdn.adidssd7.workers.dev/?id=thumb-cdn77.xvideos-cdn.com/1807f130-a456-4209-9de3-08b803aa5c3d/0/xv_1_t.jpg,Koleksi lengkap video pilihan dengan durasi yang pas untuk Anda.,ipmthpdf3aa,SQ8BYR
7razjg-14-ipdhuio7d46,[7RAZJG] 14,https://cdn.adidssd7.workers.dev/?id=thumb-cdn77.xvideos-cdn.com/7a781b32-f906-445d-b45d-0bcfc4c14156/0/xv_14_t.jpg,Koleksi lengkap video pilihan dengan durasi yang pas untuk Anda.,ipdhuio7d46,7RAZJG
d7jpxv-tepat-di-depan-suami-1-icitpok19f9,[D7JPXV] Tepat di Depan Suami-1,https://cdn.adidssd7.workers.dev/?id=thumb-cdn77.xvideos-cdn.com/a420cb4a-0405-4dd7-9528-18ec3e9a3d2c/0/xv_19_t.jpg,Jangan lewatkan video menarik yang kami perbarui setiap harinya.,icitpok19f9,D7JPXV
jtr5cz-perlindungan-metamorfosis-iobafeoc780,[JTR5CZ] Perlindungan Metamorfosis,https://cdn.adidssd7.workers.dev/?id=thumb-cdn77.xvideos-cdn.com/4b92142d-689f-402d-b715-a5a159abbaae/0/xv_1_t.jpg,Nikmati momen terbaik dengan koleksi video trending kami.,iobafeoc780,JTR5CZ
vdca2y-mxgs-877-pijat-afrodisiak-warp-udang-yume-kana-tirai-karakter-sedang-iiddecb27e3,[VDCA2Y] MXGS-877 Pijat Afrodisiak Warp Udang Yume Kana (Tirai Karakter Sedang),https://cdn.adidssd7.workers.dev/?id=thumb-cdn77.xvideos-cdn.com/a1e71b87-f63b-44b7-88bb-206a5e2deb78/0/xv_3_t.jpg,Nikmati momen terbaik dengan koleksi video trending kami.,iiddecb27e3,VDCA2Y
w64gc8-langkah-dan-cum-berkali-kali-ilhauadde23,[W64GC8] langkah dan cum berkali-kali,https://cdn.adidssd7.workers.dev/?id=thumb-cdn77.xvideos-cdn.com/ff938665-49d7-4274-a6ee-aed2d5435129/0/xv_19_t.jpg,Kami menyajikan konten paling populer yang wajib Anda tonton hari ini.,ilhauadde23,W64GC8
jsqlbm-tidak-setia-tertangkap-kamera-tapi-dia-menyadari-dan-terus-bercinta-ucdokho05b3,[JSQLBM] Tidak setia tertangkap kamera tapi dia menyadari dan terus bercinta,https://cdn.adidssd7.workers.dev/?id=thumb-cdn77.xvideos-cdn.com/e355bedf-f3bf-45a1-a092-064b285b73c3/0/xv_28_t.jpg,Konten terbaru yang sedang viral dan banyak dicari saat ini.,ucdokho05b3,JSQLBM
lq2c45-pacar-tetanggaku-yang-berpantat-besar-dan-seksi-mengunjungiku-dengan-gaun-pendeknya-ucbblav83cf,[LQ2C45] Pacar tetanggaku yang berpantat besar dan seksi mengunjungiku dengan gaun pendeknya!! ,https://cdn.adidssd7.workers.dev/?id=thumb-cdn77.xvideos-cdn.com/30a37ad3-df03-4448-9311-27e7aee15008/0/xv_1_t.jpg,Kami menyajikan konten paling populer yang wajib Anda tonton hari ini.,ucbblav83cf,LQ2C45
l6jb57-sialan-buatan-sendiri-di-kamar-mertua-kedolhd23fe,[L6JB57] Sialan buatan sendiri di kamar mertua,https://cdn.adidssd7.workers.dev/?id=thumb-cdn77.xvideos-cdn.com/bb8d83ec-057f-40de-8742-8b5e386d44d9/0/xv_22_t.jpg,Jangan lewatkan video menarik yang kami perbarui setiap harinya.,kedolhd23fe,L6JB57
tduew6-utusan-menyebalkan-itu-kvppccb7703,[TDUEW6] utusan menyebalkan itu,https://cdn.adidssd7.workers.dev/?id=thumb-cdn77.xvideos-cdn.com/47e6a953-5c96-41d3-80bc-e14ae35846b0/0/xv_26_t.jpg,Nikmati momen terbaik dengan koleksi video trending kami.,kvppccb7703,TDUEW6
jnh5f3-bintang-jav-yang-penuh-gairah-aika-memasukkan-kejantanannya-ke-dalam-mulutnya-hingga-mencapai-klimaks-oplvepmdbfa,[JNH5F3] Bintang JAV yang penuh gairah,https://cdn.adidssd7.workers.dev/?id=thumb-cdn77.xvideos-cdn.com/4cf43fac-ac8b-4516-9c3b-f0eb8b80a5d8/5/xv_17_t.jpg,Kami menyajikan konten paling populer yang wajib Anda tonton hari ini.,oplvepmdbfa,JNH5F3
azrplu-sangat-mencari-seks-yang-kaya-1-imfacmh5c1c,[AZRPLU] ~ Sangat mencari seks yang kaya ~ 1,https://cdn.adidssd7.workers.dev/?id=thumbs-gcore.xvideos-cdn.com/9422920f-e44b-4da3-b7ca-13e2aafa83a7/0/xv_29_t.jpg,Video yang sedang banyak dibicarakan oleh komunitas saat ini.,imfacmh5c1c,AZRPLU
mcex27-seorang-ibu-tiri-yang-mencintainya-untuk-pertama-kalinya-adalah-saingannya-dengan-gimmick-warna-cum-shot-vagina-yuka-mizuno-yang-penuh-kasih-sayang-kdlceov4ce0,[MCEX27] Seorang ibu tiri yang mencintainya untuk pertama kalinya adalah saingannya dengan gimmick warna cum shot vagina Yuka Mizuno yang penuh kasih sayang,https://cdn.adidssd7.workers.dev/?id=thumb-cdn77.xvideos-cdn.com/623e7062-ace5-4a0b-85f5-cdfa17b35b55/0/xv_30_t.jpg,Temukan berbagai kategori menarik dalam video pilihan kami.,kdlceov4ce0,MCEX27
bd9jf6-https-bit-ly-3hn1bko-istri-istri-berpayudara-besar-di-lingkungan-sekitar-yang-tiba-tiba-bercerai-dan-menjadi-ayah-tunggal-dan-merasa-kasihan-padaku-akan-membantu-pekerjaan-rumah-uhkoktv5c88,[BD9JF6] https://bit.ly/3hN1bkO Istri-istri berpayudara besar di lingkungan sekitar yang tiba-tiba bercerai dan menjadi ayah tunggal dan merasa kasihan padaku akan membantu pekerjaan rumah! ,https://cdn.adidssd7.workers.dev/?id=thumb-cdn77.xvideos-cdn.com/e84e335a-d126-4f32-9562-44cf7a20c733/0/xv_22_t.jpg,Nikmati momen terbaik dengan koleksi video trending kami.,uhkoktv5c88,BD9JF6
5jz2ak-https-bit-ly-3ihkhdq-keingintahuan-intelektual-dari-ketiga-kacamata-sastra-cemberut-mengarah-pada-hasrat-seksual-utcudhb8c1e,[5JZ2AK] https://bit.ly/3IHkHdQ Keingintahuan intelektual dari ketiga kacamata sastra cemberut mengarah pada hasrat seksual!? ,https://cdn.adidssd7.workers.dev/?id=thumb-cdn77.xvideos-cdn.com/59f52ef6-e659-485d-81dd-524c76c63f46/0/xv_5_t.jpg,Jangan lewatkan video menarik yang kami perbarui setiap harinya.,utcudhb8c1e,5JZ2AK
96j3yb-kehidupan-siang-hari-gelombang-rumah-01-uhtedmbe85e,[96J3YB] Kehidupan siang hari gelombang rumah 01,https://cdn.adidssd7.workers.dev/?id=thumb-cdn77.xvideos-cdn.com/db3fcf22-635f-436c-8ef9-c4b50c778c59/0/xv_6_t.jpg,Temukan koleksi video eksklusif terbaru hanya untuk Anda hari ini.,uhtedmbe85e,96J3YB
t6f93h-https-bit-ly-3qhoquo-sekilas-aku-dikagumi-oleh-seorang-wanita-berdada-besar-dengan-pakaian-ringan-tak-berdaya-di-beranda-pelacur-berdada-tetangga-sedang-bercinta-sambil-menggoyangkan-payudaranya-kfodbkv4202,[T6F93H] https://bit.ly/3qHOQUo Sekilas aku dikagumi oleh seorang wanita berdada besar dengan pakaian ringan tak berdaya di beranda... Pelacur berdada tetangga sedang bercinta sambil menggoyangkan payudaranya. ,https://cdn.adidssd7.workers.dev/?id=thumb-cdn77.xvideos-cdn.com/0456f132-03f6-412e-a27f-cd414a7f074d/0/xv_13_t.jpg,Video pilihan kualitas terbaik yang kami kurasi khusus untuk pengalaman menonton Anda.,kfodbkv4202,T6F93H
kxqwd8-dengan-putri-tiri-istri-saya-dan-dia-cantik-dengan-payudara-besar-ukallob66c3,[KXQWD8] dengan putri tiri istri saya dan dia cantik dengan payudara besar. ,https://cdn.adidssd7.workers.dev/?id=thumb-cdn77.xvideos-cdn.com/5a289bbb-6b58-4702-811f-3b078ef224c4/0/xv_8_t.jpg,Nikmati momen terbaik dengan koleksi video trending kami.,ukallob66c3,KXQWD8
8wf47d-bagian-3-dua-mahasiswa-amatir-laki-laki-dan-perempuan-yang-berteman-mencoba-melarikan-diri-dari-ruangan-terkunci-di-mana-mereka-tidak-bisa-keluar-sampai-mereka-mengumpulkan-100ml-air-liur-melalui-ciuman-sendirian-ooccolb2cfe,[8WF47D] Bagian 3: Dua mahasiswa amatir,https://cdn.adidssd7.workers.dev/?id=thumb-cdn77.xvideos-cdn.com/7cd52271-0ffd-4680-ad40-f46e1e62f33b/3/xv_16_t.jpg,Video yang sedang banyak dibicarakan oleh komunitas saat ini.,ooccolb2cfe,8WF47D
wmdqfh-bagian-6-aku-ingin-menikmati-pagi-seperti-ini-ooffbiea0f2,[WMDQFH] Bagian 6 "Aku ingin menikmati pagi seperti ini!" ,https://cdn.adidssd7.workers.dev/?id=thumb-cdn77.xvideos-cdn.com/eeac356e-c061-41ca-b1a7-01fd8d2e55ef/4/xv_11_t.jpg,Video pilihan kualitas terbaik yang kami kurasi khusus untuk pengalaman menonton Anda.,ooffbiea0f2,WMDQFH
zp65k9-bagian-6-aku-ingin-menikmati-pagi-seperti-ini-oubpmut57eb,[ZP65K9] Bagian 6 "Aku ingin menikmati pagi seperti ini!" ,https://cdn.adidssd7.workers.dev/?id=thumb-cdn77.xvideos-cdn.com/3a8a3aaa-1e4e-4607-bf33-05254224246f/3/xv_14_t.jpg,Nikmati momen terbaik dengan koleksi video trending kami.,oubpmut57eb,ZP65K9
9x8nfl-topeng-amatir-sejati-1-kfaobkb13b5,[9X8NFL] "Topeng amatir sejati" #1. ,https://cdn.adidssd7.workers.dev/?id=thumb-cdn77.xvideos-cdn.com/87ac86c5-9463-4425-a592-d5651ab21929/0/xv_4_t.jpg,Nikmati momen terbaik dengan koleksi video trending kami.,kfaobkb13b5,9X8NFL
sjr2b4-tanpa-mengkhawatirkan-mataku-aku-tidak-tahan-dengan-tubuh-adikku-yang-berkeliaran-di-sekitar-rumah-dengan-penampilan-tanpa-hujan-es-dan-aku-segera-memasukkannya-dan-cum-di-dalam-bagian-3-umemmef4959,[SJR2B4] Tanpa mengkhawatirkan mataku,https://cdn.adidssd7.workers.dev/?id=thumb-cdn77.xvideos-cdn.com/c231e3d1-014f-43d5-92e8-ae952b48da0d/0/xv_14_t.jpg,Koleksi lengkap video pilihan dengan durasi yang pas untuk Anda.,umemmef4959,SJR2B4
v79xyt-pria-yang-beruntung-merasakan-kesenangan-surgawi-dengan-tiga-bidadari-jepang-yang-cantik-hdbvptb6328,[V79XYT] Pria yang beruntung merasakan kesenangan surgawi dengan tiga bidadari Jepang yang cantik,https://cdn.adidssd7.workers.dev/?id=thumb-cdn77.xvideos-cdn.com/33973506-86e5-48bc-833b-8ac44f27746a/0/xv_3_t.jpg,Jangan lewatkan video menarik yang kami perbarui setiap harinya.,hdbvptb6328,V79XYT
swhjc3-saya-suka-dot-klaukakbec9,[SWHJC3] Saya suka dot! ,https://cdn.adidssd7.workers.dev/?id=thumb-cdn77.xvideos-cdn.com/8901aa22-99b8-451e-b49a-d343af7c35ca/0/xv_27_t.jpg,Jangan lewatkan video menarik yang kami perbarui setiap harinya.,klaukakbec9,SWHJC3
lj3bns-cara-menghilangkan-stres-perawat-rio-shibasaki-nami-wakui-01-uhteffd7560,[LJ3BNS] Cara menghilangkan stres perawat Rio Shibasaki Nami Wakui 01,https://cdn.adidssd7.workers.dev/?id=thumb-cdn77.xvideos-cdn.com/ac3421a6-4fb0-48fd-85ce-1e58018d1967/0/xv_14_t.jpg,Video pilihan kualitas terbaik yang kami kurasi khusus untuk pengalaman menonton Anda.,uhteffd7560,LJ3BNS
kvz756-godaan-manchira-istri-dan-cosplay-erotis-dan-lucu-yui-shinshiro-1-kchfido9bcb,[KVZ756] Godaan Manchira ~ Istri dan Cosplay Erotis dan Lucu ~ Yui Shinshiro 1,https://cdn.adidssd7.workers.dev/?id=thumb-cdn77.xvideos-cdn.com/10821b4b-78c4-4a5a-bb0f-ab926d4180c9/0/xv_28_t.jpg,Video yang sedang banyak dibicarakan oleh komunitas saat ini.,kchfido9bcb,KVZ756
g7dp9s-eng-sub-cuckold-my-best-friend-and-my-step-mom-for-100-subbed-jav---myjavengsubtitle-udkktuf5e6b,[G7DP9S] (ENG SUB)Cuckold MY best Friend and My Step Mom (FOR 100 Subbed JAV - myjavengsubtitle - ),https://cdn.adidssd7.workers.dev/?id=thumb-cdn77.xvideos-cdn.com/a97814e1-0796-4bf9-a78e-0814df4d6434/0/xv_19_t.jpg,Temukan koleksi video eksklusif terbaru hanya untuk Anda hari ini.,udkktuf5e6b,G7DP9S
dm38c7-ibu-rumah-tangga-telanjang-kompilasi-vol-ukvpafm7f54,[DM38C7] Ibu Rumah Tangga Telanjang: Kompilasi Vol. ,https://cdn.adidssd7.workers.dev/?id=thumb-cdn77.xvideos-cdn.com/e1b12b2f-e1cd-425a-a19e-db2a47b77471/0/xv_2_t.jpg,Koleksi lengkap video pilihan dengan durasi yang pas untuk Anda.,ukvpafm7f54,DM38C7
8bp4f3-pembantu-asia-dengan-payudara-alami-besar-meniduri-bos-barunya-kpdfbom0619,[8BP4F3] Pembantu Asia dengan payudara alami besar meniduri bos barunya,https://cdn.adidssd7.workers.dev/?id=thumb-cdn77.xvideos-cdn.com/87f6c075-6c32-4ca3-ba07-b286067e576e/0/xv_26_t.jpg,Kami menyajikan konten paling populer yang wajib Anda tonton hari ini.,kpdfbom0619,8BP4F3
b2h8fz-asiansexdiary-berbulu-vagina-pinay-kebocoran-air-mani-kpvklco004b,[B2H8FZ] ASIANSEXDIARY Berbulu Vagina Pinay Kebocoran Air Mani,https://cdn.adidssd7.workers.dev/?id=thumb-cdn77.xvideos-cdn.com/a01e9b06-9caa-4975-a527-31ae7a81b2ab/0/xv_7_t.jpg,Koleksi lengkap video pilihan dengan durasi yang pas untuk Anda.,kpvklco004b,B2H8FZ
feksbr-gadis-dari-layanan-pembantu-telanjang-telah-kacau-keras-deepthroat-carrylight-kdllfobfe55,[FEKSBR] Gadis dari Layanan Pembantu Telanjang telah Kacau Keras / Deepthroat CarryLight,https://cdn.adidssd7.workers.dev/?id=thumbs-gcore.xvideos-cdn.com/fef70007-0ad3-49df-8bc0-39aece89a180/0/xv_5_t.jpg,Video pilihan kualitas terbaik yang kami kurasi khusus untuk pengalaman menonton Anda.,kdllfobfe55,FEKSBR
9e2kla-istri-panas-asia-busty-suki-sin-mengambil-foto-dengan-penis-besar-untuk-suaminya-ucfmehk9b47,[9E2KLA] ISTRI PANAS ASIA BUSTY SUKI SIN MENGAMBIL FOTO DENGAN PENIS BESAR UNTUK SUAMINYA,https://cdn.adidssd7.workers.dev/?id=thumb-cdn77.xvideos-cdn.com/38eadfd2-079e-4473-b1ae-5df49014c723/0/xv_1_t.jpg,Kami menyajikan konten paling populer yang wajib Anda tonton hari ini.,ucfmehk9b47,9E2KLA
v4w7qu-remaja-asia-yang-cantik-mengendarai-penis-besar-di-kamar-mandi-koddbfv7de9,[V4W7QU] Remaja Asia yang cantik mengendarai penis besar di kamar mandi,https://cdn.adidssd7.workers.dev/?id=thumbs-gcore.xvideos-cdn.com/8855fbfc-f4ad-4ca8-9fc1-ac02b7ed1884/0/xv_29_t.jpg,Jangan lewatkan video menarik yang kami perbarui setiap harinya.,koddbfv7de9,V4W7QU
tej7lv-pelacur-filipina-mendapat-vagina-dipompa-penuh-air-mani-kpoeaoh97c7,[TEJ7LV] Pelacur Filipina Mendapat Vagina Dipompa Penuh Air Mani,https://cdn.adidssd7.workers.dev/?id=thumb-cdn77.xvideos-cdn.com/0983bc4b-5232-4c48-bdad-5c741acd3d1a/0/xv_22_t.jpg,Video pilihan kualitas terbaik yang kami kurasi khusus untuk pengalaman menonton Anda.,kpoeaoh97c7,TEJ7LV
bsfwx8-trikepatrol-rak-sempurna-filipina-melompat-pada-ayam-asing-kpmuobd1806,[BSFWX8] TRIKEPATROL Rak Sempurna Filipina Melompat Pada Ayam Asing,https://cdn.adidssd7.workers.dev/?id=thumb-cdn77.xvideos-cdn.com/94c970fb-0154-4a10-8106-baabf040c480/0/xv_3_t.jpg,Jangan lewatkan video menarik yang kami perbarui setiap harinya.,kpmuobd1806,BSFWX8
xdryhl-remaja-asia-melakukan-hubungan-seksual-tanpa-kondom-dengan-orang-asing-heufvah7768,[XDRYHL] Remaja Asia melakukan hubungan seksual tanpa kondom dengan orang asing,https://cdn.adidssd7.workers.dev/?id=thumb-cdn77.xvideos-cdn.com/735cf765-c34a-4f33-80c7-8ea790515e87/0/xv_3_t.jpg,Nikmati momen terbaik dengan koleksi video trending kami.,heufvah7768,XDRYHL
2uhn87-seks-kamera-tersembunyi-dengan-pelacur-thailand-seksi-kvfkudofcea,[2UHN87] Seks Kamera Tersembunyi Dengan Pelacur Thailand Seksi,https://cdn.adidssd7.workers.dev/?id=thumb-cdn77.xvideos-cdn.com/f1b0e7e6-5b19-42c2-8cd0-ff29eb91e2f0/0/xv_12_t.jpg,Kami menyajikan konten paling populer yang wajib Anda tonton hari ini.,kvfkudofcea,2UHN87
guwvfl-pelacur-thailand-yang-ceria-memiliki-lubang-ketatnya-yang-dipompa-penuh-dengan-air-mani-uufeumcb69a,[GUWVFL] Pelacur Thailand yang ceria memiliki lubang ketatnya yang dipompa penuh dengan air mani,https://cdn.adidssd7.workers.dev/?id=thumb-cdn77.xvideos-cdn.com/76fa3803-71df-49d0-9359-4ee2b5357bde/0/xv_10_t.jpg,Koleksi lengkap video pilihan dengan durasi yang pas untuk Anda.,uufeumcb69a,GUWVFL
246c95-pembantu-asia-berdada-besar-yang-seksi-akan-melakukan-apa-pun-demi-pekerjaannya-uhbaafmea06,[246C95] Pembantu Asia berdada besar yang seksi akan melakukan apa pun demi pekerjaannya,https://cdn.adidssd7.workers.dev/?id=thumb-cdn77.xvideos-cdn.com/febe57a0-1d49-48fb-821a-0f84afb04303/0/xv_15_t.jpg,Jangan lewatkan video menarik yang kami perbarui setiap harinya.,uhbaafmea06,246C95
hjyvtx-italia-fucks-super-remaja-latina-uckclbo4b3b,[HJYVTX] Italia Fucks Super Remaja Latina,https://cdn.adidssd7.workers.dev/?id=thumb-cdn77.xvideos-cdn.com/82d8af55-c174-48b2-9f65-43e4dad2ef4a/0/xv_8_t.jpg,Konten terbaru yang sedang viral dan banyak dicari saat ini.,uckclbo4b3b,HJYVTX
rtldzb-pelacur-asia-dengan-ambing-besar-dibesarkan-oleh-bos-kleephmbdb1,[RTLDZB] Pelacur Asia Dengan Ambing Besar Dibesarkan Oleh Bos,https://cdn.adidssd7.workers.dev/?id=thumbs-gcore.xvideos-cdn.com/110bb18b-a963-4ac9-adcb-02262ab3ea99/0/xv_8_t.jpg,Nikmati momen terbaik dengan koleksi video trending kami.,kleephmbdb1,RTLDZB
4crk2b-porno-polandia---kami-menjemput-turis-thailand-kbpcuvk1ba7,[4CRK2B] Porno Polandia - Kami menjemput turis Thailand,https://cdn.adidssd7.workers.dev/?id=thumbs-gcore.xvideos-cdn.com/479a3825-2d45-4d25-97b8-f34eafd37351/0/xv_1_t.jpg,Koleksi lengkap video pilihan dengan durasi yang pas untuk Anda.,kbpcuvk1ba7,4CRK2B
3van69-pelacur-thailand-yang-gemuk-bersemangat-untuk-bercinta-dengan-orang-asing-kecbddfba9c,[3VAN69] Pelacur Thailand yang gemuk bersemangat untuk bercinta dengan orang asing,https://cdn.adidssd7.workers.dev/?id=thumbs-gcore.xvideos-cdn.com/9c7a8075-23bb-460a-8cc3-e6b9852c20b4/0/xv_3_t.jpg,Nikmati momen terbaik dengan koleksi video trending kami.,kecbddfba9c,3VAN69
4y2kge-remaja-filipina-berdada-besar-ingin-dibesarkan-oleh-orang-asing-ukoauehc3cf,[4Y2KGE] Remaja Filipina berdada besar ingin dibesarkan oleh orang asing,https://cdn.adidssd7.workers.dev/?id=thumb-cdn77.xvideos-cdn.com/790475d8-c1f6-4cea-bfff-5f49e3f0bef1/0/xv_19_t.jpg,Nikmati momen terbaik dengan koleksi video trending kami.,ukoauehc3cf,4Y2KGE
v2nyrh-buah-dada-besar-bertinta-up-thailand-cewek-creampied-oleh-orang-asing-utkvfdb6170,[V2NYRH] Buah dada besar bertinta up thailand cewek creampied oleh orang asing,https://cdn.adidssd7.workers.dev/?id=thumb-cdn77.xvideos-cdn.com/1ea30e48-7724-4dc6-8978-b0728dce7d45/0/xv_26_t.jpg,Temukan koleksi video eksklusif terbaru hanya untuk Anda hari ini.,utkvfdb6170,V2NYRH
pnt5wr-penari-gogo-thailand-cantik-sangat-mendambakan-sperma-asing-di-vagina-uhodcovce3c,[PNT5WR] Penari Gogo Thailand Cantik Sangat Mendambakan Sperma Asing Di Vagina,https://cdn.adidssd7.workers.dev/?id=thumbs-gcore.xvideos-cdn.com/2140323f-7669-4695-991b-5bc2550ce132/0/xv_23_t.jpg,Kami menyajikan konten paling populer yang wajib Anda tonton hari ini.,uhodcovce3c,PNT5WR
yszf8r-hot-gadis-remaja-kacau-mentah-opkfkfl8f14,[YSZF8R] Hot Gadis Remaja Kacau MENTAH,https://cdn.adidssd7.workers.dev/?id=thumb-cdn77.xvideos-cdn.com/663cc459-44c3-4055-9cf2-4698734eb296/4/xv_30_t.jpg,Temukan koleksi video eksklusif terbaru hanya untuk Anda hari ini.,opkfkfl8f14,YSZF8R
wu53pb-seks-liar-yang-merusak-meja-makan-ohakblb8945,[WU53PB] Seks liar yang merusak meja makan! ,https://cdn.adidssd7.workers.dev/?id=thumb-cdn77.xvideos-cdn.com/828b3572-515c-41a8-a826-cbd9a75fc287/0/xv_21_t.jpg,Temukan berbagai kategori menarik dalam video pilihan kami.,ohakblb8945,WU53PB
9rbme8-pirang-olga-murr-mendapat-penetrasi-ganda-keras-opkdodmee3c,[9RBME8] Pirang Olga Murr Mendapat Penetrasi Ganda Keras,https://cdn.adidssd7.workers.dev/?id=thumb-cdn77.xvideos-cdn.com/f84b582c-bd45-4417-92be-6d5d0ad0bc50/4/xv_7_t.jpg,Temukan koleksi video eksklusif terbaru hanya untuk Anda hari ini.,opkdodmee3c,9RBME8
nv9qyk-jalang-berambut-merah-orgasme-tidak-seperti-sebelumnya-opploooe257,[NV9QYK] Jalang Berambut Merah Orgasme Tidak Seperti Sebelumnya,https://cdn.adidssd7.workers.dev/?id=thumb-cdn77.xvideos-cdn.com/b92bbd58-68c7-4832-9c34-ef497722e797/5/xv_30_t.jpg,Konten terbaru yang sedang viral dan banyak dicari saat ini.,opploooe257,NV9QYK
eb8dg6-disumpal-dan-kacau---dia-suka-kasar-okoviib3b7c,[EB8DG6] Disumpal Dan Kacau - Dia Suka Kasar,https://cdn.adidssd7.workers.dev/?id=thumb-cdn77.xvideos-cdn.com/eb46d2b0-2d24-4ae4-a811-eb700d534eb2/0/xv_30_t.jpg,Video pilihan kualitas terbaik yang kami kurasi khusus untuk pengalaman menonton Anda.,okoviib3b7c,EB8DG6
f4tkad-selingkuh-di-hari-pernikahan-saat-bertelepon-dengan-pengantin-pria-kphtiom94de,[F4TKAD] Selingkuh Di Hari Pernikahan Saat Bertelepon Dengan Pengantin Pria,https://cdn.adidssd7.workers.dev/?id=thumb-cdn77.xvideos-cdn.com/20c76bcf-a611-4e2c-8dd5-ffdba475e87c/0/xv_16_t.jpg,Tonton video berkualitas tinggi ini sekarang juga hanya di sini.,kphtiom94de,F4TKAD
5tux3n-cougar-sangat-menginginkan-ayam-muda-dia-menungganginya-sepanjang-sore-oovhdtuf338,[5TUX3N] Cougar Sangat Menginginkan Ayam Muda,https://cdn.adidssd7.workers.dev/?id=thumb-cdn77.xvideos-cdn.com/580356ae-d6d5-4dfe-80b4-6ec5076fcd26/3/xv_24_t.jpg,Koleksi lengkap video pilihan dengan durasi yang pas untuk Anda.,oovhdtuf338,5TUX3N
gr4s25-teman-sekamar-yang-slutty-menantang-teman-sekamar-barunya-untuk-tetap-lembut-saat-mereka-menelanjangi-dan-menggoda-oocbpuka5ae,[GR4S25] Teman Sekamar yang Slutty Menantang Teman Sekamar Barunya untuk Tetap Lembut Saat Mereka Menelanjangi dan Menggoda,https://cdn.adidssd7.workers.dev/?id=thumb-cdn77.xvideos-cdn.com/497a3850-57f9-4c4c-8d94-b6a3d6dfa893/3/xv_16_t.jpg,Video pilihan kualitas terbaik yang kami kurasi khusus untuk pengalaman menonton Anda.,oocbpuka5ae,GR4S25
pwr82f-kesetiaan-remaja-remaja-kecil-hannah-hays-dan-riley-star-berbagi-ayam-hfcbhob4399,[PWR82F] Kesetiaan Remaja Remaja Kecil Hannah Hays dan Riley Star Berbagi Ayam,https://cdn.adidssd7.workers.dev/?id=thumb-cdn77.xvideos-cdn.com/e6a26db7-a8b2-4c51-9f53-23c33171a935/0/xv_6_t.jpg,Konten terbaru yang sedang viral dan banyak dicari saat ini.,hfcbhob4399,PWR82F
b35uaw-bayi-muda-yang-lucu-ingin-kamu-melihat-semuanya-iehtvah8ebb,[B35UAW] Bayi muda yang lucu ingin kamu melihat semuanya,https://cdn.adidssd7.workers.dev/?id=thumb-cdn77.xvideos-cdn.com/e8b67cc8-1cdb-4cfe-a25a-5dc1d10a13da/0/xv_3_t.jpg,Koleksi lengkap video pilihan dengan durasi yang pas untuk Anda.,iehtvah8ebb,B35UAW
bd9x5j-gadis-cantik-pirang-mengunjungi-bf-nya-itetmvodc08,[BD9X5J] Gadis Cantik Pirang Mengunjungi BF-nya!,https://cdn.adidssd7.workers.dev/?id=thumb-cdn77.xvideos-cdn.com/d4a6c64c-051c-473b-bf81-934c06d9a91d/0/xv_30_t.jpg,Temukan berbagai kategori menarik dalam video pilihan kami.,itetmvodc08,BD9X5J
pyaukr-remaja-berambut-cokelat-sensasional-bersantai-dengan-jari-jarinya-kvhtfhbb0a5,[PYAUKR] Remaja berambut cokelat sensasional bersantai dengan jari-jarinya,https://cdn.adidssd7.workers.dev/?id=thumb-cdn77.xvideos-cdn.com/e1da9adc-9309-464e-b271-a8c6b5899c28/0/xv_18_t.jpg,Tonton video berkualitas tinggi ini sekarang juga hanya di sini.,kvhtfhbb0a5,PYAUKR
zhymg2-remaja-amatir-facialized-icmcvkk8e05,[ZHYMG2] Remaja amatir facialized,https://cdn.adidssd7.workers.dev/?id=thumb-cdn77.xvideos-cdn.com/e4bf3ebe-ec72-4a6a-969d-beca4ada996d/0/xv_12_t.jpg,Tonton video berkualitas tinggi ini sekarang juga hanya di sini.,icmcvkk8e05,ZHYMG2
dr2j7y-gina-gerson---pagi-tunggal-idfdmbu2dfe,[DR2J7Y] Gina Gerson - Pagi tunggal,https://cdn.adidssd7.workers.dev/?id=thumbs-gcore.xvideos-cdn.com/f408de99-25d0-4f6a-9bd6-6fcae5c3f93e/0/xv_19_t.jpg,Tonton video berkualitas tinggi ini sekarang juga hanya di sini.,idfdmbu2dfe,DR2J7Y
h7vge5-kamu-ilbuhamf0eb,[H7VGE5] kamu. ,https://cdn.adidssd7.workers.dev/?id=thumb-cdn77.xvideos-cdn.com/2327ca05-d82a-4034-8c3c-e218958d6d70/0/xv_12_t.jpg,Nikmati momen terbaik dengan koleksi video trending kami.,ilbuhamf0eb,H7VGE5
zyla38-perjalanan-liburan-kpdfadfd5fd,[ZYLA38] Perjalanan liburan,https://cdn.adidssd7.workers.dev/?id=thumb-cdn77.xvideos-cdn.com/bf41b248-7e43-48cc-9f08-605df4e4c920/0/xv_15_t.jpg,Jangan lewatkan video menarik yang kami perbarui setiap harinya.,kpdfadfd5fd,ZYLA38
wcjpv7-sislovesmehd---kakak-tiri-remaja-pirang-kecil-yang-lucu-dan-keluarga-bff-mungilnya-yang-seksi-threesome-dengan-saudara-tiri-pov---riley-star-chloe-temple-jay-rock-opualfh30af,[WCJPV7] SisLovesMeHD - Kakak Tiri Remaja Pirang Kecil Yang Lucu Dan Keluarga BFF Mungilnya Yang Seksi Threesome Dengan Saudara Tiri POV - Riley Star Chloe Temple Jay Rock,https://cdn.adidssd7.workers.dev/?id=thumb-cdn77.xvideos-cdn.com/c09a8f7f-923d-4df6-99a7-4a7ed4f82353/5/xv_12_t.jpg,Video yang sedang banyak dibicarakan oleh komunitas saat ini.,opualfh30af,WCJPV7
y3tjsq-anak-tiri-membebaskan-menggunakan-orang-asia-dan-setiap-wanita-dalam-keluarga-sebagai-pengurus-rumah-tangga---masuk-freeuse26-di-situs-resmi-untuk-mendapatkan-diskon-keepmvm18b1,[Y3TJSQ] Anak Tiri Membebaskan Menggunakan Orang Asia Dan Setiap Wanita Dalam Keluarga Sebagai Pengurus Rumah TanggaÂ - Masuk FREEUSE26 di situs resmi untuk mendapatkan diskon,https://cdn.adidssd7.workers.dev/?id=thumb-cdn77.xvideos-cdn.com/d48456eb-1d16-44af-858a-c210dfb8552e/0/xv_15_t.jpg,Temukan koleksi video eksklusif terbaru hanya untuk Anda hari ini.,keepmvm18b1,Y3TJSQ
w9atvp-freeusegirls-com---penggunaan-pesta-keluarga-gratis---kylie-kingston-kenna-james-rion-king-johnny-castle-kedhodkb7d7,[W9ATVP] FreeUseGirls.com - Penggunaan Pesta Keluarga Gratis - Kylie Kingston Kenna James Rion King Johnny Castle,https://cdn.adidssd7.workers.dev/?id=thumbs-gcore.xvideos-cdn.com/a778d99c-e369-47cc-b05f-6106a5afb29b/0/xv_9_t.jpg,Tonton video berkualitas tinggi ini sekarang juga hanya di sini.,kedhodkb7d7,W9ATVP
p56b7g-hantu-membebaskan-bingung-milf-dan-putri-tirinya-utmuebv127d,[P56B7G] Hantu Membebaskan Bingung MILF Dan Putri Tirinya,https://cdn.adidssd7.workers.dev/?id=thumb-cdn77.xvideos-cdn.com/738f3af5-058c-4a5e-b12d-df421739ca43/0/xv_14_t.jpg,Video pilihan kualitas terbaik yang kami kurasi khusus untuk pengalaman menonton Anda.,utmuebv127d,P56B7G
xbdgcq-kesal-ibu-tiri-dan-kakak-tiri-membiarkan-kakak-tiri-menggunakan-vaginanya-setiap-kali-dia-mendapat-kekerasan-keepmpob819,[XBDGCQ] Kesal Ibu Tiri Dan Kakak Tiri Membiarkan Kakak Tiri Menggunakan Vaginanya Setiap Kali Dia Mendapat Kekerasan,https://cdn.adidssd7.workers.dev/?id=thumb-cdn77.xvideos-cdn.com/202a3195-0e08-452e-b3dc-f3a5a6d143f5/0/xv_29_t.jpg,Temukan koleksi video eksklusif terbaru hanya untuk Anda hari ini.,keepmpob819,XBDGCQ
6jrwta-anak-tiri-yang-beruntung-memiliki-dua-ibu-tiri-untuk-bercinta-keuhcpv58d1,[6JRWTA] Anak tiri yang beruntung memiliki dua ibu tiri untuk bercinta,https://cdn.adidssd7.workers.dev/?id=thumb-cdn77.xvideos-cdn.com/b8e25032-ed31-4100-bdea-50433a17eb89/0/xv_8_t.jpg,Temukan koleksi video eksklusif terbaru hanya untuk Anda hari ini.,keuhcpv58d1,6JRWTA
v86qh5-dia-cums-cepat-ketika-saya-memasuki-tim-tim-hd-hard-4k-nya-opufotof0ec,[V86QH5] Dia Cums Cepat ketika Saya Memasuki Tim Tim HD Hard.4K-nya,https://cdn.adidssd7.workers.dev/?id=thumb-cdn77.xvideos-cdn.com/8feda09b-4470-473e-9287-e09265bbe81b/5/xv_8_t.jpg,Jangan lewatkan video menarik yang kami perbarui setiap harinya.,opufotof0ec,V86QH5
nt895z-pirang-tenis-gadis-alisa-mendapat-anal-ta-yang-sesuai-opmhppv0d32,[NT895Z] Pirang Tenis Gadis Alisa Mendapat Anal & ta yang sesuai,https://cdn.adidssd7.workers.dev/?id=thumb-cdn77.xvideos-cdn.com/8a16d235-df8b-45b4-9603-71b59079887e/5/xv_16_t.jpg,Koleksi lengkap video pilihan dengan durasi yang pas untuk Anda.,opmhppv0d32,NT895Z
jwtz7g-sahabatku-akhirnya-membiarkan-aku-menidurinya-kemimdf01c4,[JWTZ7G] Sahabatku akhirnya membiarkan aku menidurinya,https://cdn.adidssd7.workers.dev/?id=thumb-cdn77.xvideos-cdn.com/9f3e75cf-203d-40ee-9e86-773de51590a2/0/xv_9_t.jpg,Nikmati momen terbaik dengan koleksi video trending kami.,kemimdf01c4,JWTZ7G
ewkh6y-pembantu-seksi-hcbctif582d,[EWKH6Y] Pembantu Seksi,https://cdn.adidssd7.workers.dev/?id=thumb-cdn77.xvideos-cdn.com/d5e62f56-f4c1-4ad4-91f2-d6b34dcd1ba6/0/xv_14_t.jpg,Konten terbaru yang sedang viral dan banyak dicari saat ini.,hcbctif582d,EWKH6Y
fq2pmu-jepang-milf-menerima-sperma-di-vaginanya-kfvpmihc45e,[FQ2PMU] Jepang MILF Menerima sperma Di Vaginanya,https://cdn.adidssd7.workers.dev/?id=thumb-cdn77.xvideos-cdn.com/c215f6fc-a084-40f4-b344-edc8eb9206c7/0/xv_1_t.jpg,Temukan koleksi video eksklusif terbaru hanya untuk Anda hari ini.,kfvpmihc45e,FQ2PMU
vsyq2e-seorang-gadis-langsing-dengan-payudara-indah-berhubungan-seks-dengan-magnum-chi-po-uuhaiuh6103,[VSYQ2E] Seorang gadis langsing dengan payudara indah berhubungan seks dengan magnum chi-po! ,https://cdn.adidssd7.workers.dev/?id=thumb-cdn77.xvideos-cdn.com/1dab5c95-a19d-43be-b9e5-74d58f725a3a/0/xv_9_t.jpg,Tonton video berkualitas tinggi ini sekarang juga hanya di sini.,uuhaiuh6103,VSYQ2E
9k87ru-jav---apa-nama-video-lengkapnya-idhtvom5bcc,[9K87RU] JAV - Apa nama video lengkapnya?,https://cdn.adidssd7.workers.dev/?id=thumb-cdn77.xvideos-cdn.com/35097dc1-dd5f-4dde-a78d-ce0813986378/0/xv_2_t.jpg,Kami menyajikan konten paling populer yang wajib Anda tonton hari ini.,idhtvom5bcc,9K87RU
dz76su-reproduksi-cum-shot-vagina-di-punggung-nenek-berusia-19-tahun-5-uicpdoo96f5,[DZ76SU] Reproduksi cum shot vagina di punggung nenek berusia 19 tahun #5,https://cdn.adidssd7.workers.dev/?id=thumbs-gcore.xvideos-cdn.com/4ff20e27-16a8-4a6d-b262-a90e340101ad/0/xv_19_t.jpg,Video pilihan kualitas terbaik yang kami kurasi khusus untuk pengalaman menonton Anda.,uicpdoo96f5,DZ76SU
5dzgqr-payudara-besar-super-cantik-g-cup-gaya-transendensi-wanita-cantik-diekspos-telanjang-di-taman-ukdphpb3305,[5DZGQR] Payudara besar super cantik G cup gaya transendensi wanita cantik diekspos telanjang di taman,https://cdn.adidssd7.workers.dev/?id=thumb-cdn77.xvideos-cdn.com/73930eb1-f6ac-4f91-94ea-be589c6146f0/0/xv_9_t.jpg,Konten terbaru yang sedang viral dan banyak dicari saat ini.,ukdphpb3305,5DZGQR
mljhtr-kehamilan-implantasi-pada-gonzo-pertama-uieeaomc9ea,[MLJHTR] Kehamilan implantasi pada Gonzo pertama,https://cdn.adidssd7.workers.dev/?id=thumb-cdn77.xvideos-cdn.com/413d4124-0b6c-47c6-886c-1ec1cbe4f782/0/xv_2_t.jpg,Kami menyajikan konten paling populer yang wajib Anda tonton hari ini.,uieeaomc9ea,MLJHTR
wmac8l-nogi-saudara-ukhiihk2292,[WMAC8L] Nogi & Saudara! ,https://cdn.adidssd7.workers.dev/?id=thumb-cdn77.xvideos-cdn.com/10a027b8-623f-4db4-b705-25ab1d5b173b/0/xv_18_t.jpg,Koleksi lengkap video pilihan dengan durasi yang pas untuk Anda.,ukhiihk2292,WMAC8L
hjr5fd-si-cantik-kelas-cheater-telah-hadir-di-golden-week-uibldbkac08,[HJR5FD] Si cantik kelas cheater telah hadir di Golden Week. ,https://cdn.adidssd7.workers.dev/?id=thumb-cdn77.xvideos-cdn.com/a45190c1-c9c6-4b3f-af35-d440f3ef4216/0/xv_5_t.jpg,Video yang sedang banyak dibicarakan oleh komunitas saat ini.,uibldbkac08,HJR5FD
xsgfwd-pacar-nyonya-rumah-penyihir-yang-cantik-uktlaofae41,[XSGFWD] Pacar nyonya rumah penyihir yang cantik,https://cdn.adidssd7.workers.dev/?id=thumb-cdn77.xvideos-cdn.com/cfffd612-0e38-409a-bcc8-9034e47d2009/0/xv_17_t.jpg,Konten terbaru yang sedang viral dan banyak dicari saat ini.,uktlaofae41,XSGFWD
bnsdfv-pelacur-asia-membuat-jari-vaginanya-yang-basah-kacau-hlchmade713,[BNSDFV] Pelacur Asia membuat jari vaginanya yang basah kacau,https://cdn.adidssd7.workers.dev/?id=thumb-cdn77.xvideos-cdn.com/021b15d1-126e-4bb2-8ab1-79b426fd22ba/0/xv_3_t.jpg,Temukan koleksi video eksklusif terbaru hanya untuk Anda hari ini.,hlchmade713,BNSDFV
sqy9mh-gadis-asia-terangsang-28-ukfthmm154d,[SQY9MH] Gadis Asia Terangsang 28,https://cdn.adidssd7.workers.dev/?id=thumb-cdn77.xvideos-cdn.com/dae361b2-5407-4da0-842b-0f66a15344be/0/xv_7_t.jpg,Nikmati momen terbaik dengan koleksi video trending kami.,ukfthmm154d,SQY9MH
m2zcft-harus-melihat-pussy-jepang-yang-dicukur-uielmff39ef,[M2ZCFT] HARUS MELIHAT PUSSY JEPANG YANG DICUKUR! ,https://cdn.adidssd7.workers.dev/?id=thumbs-gcore.xvideos-cdn.com/bb2d4828-79bb-42d3-9aea-6d58f1dfb3ca/0/xv_12_t.jpg,Konten terbaru yang sedang viral dan banyak dicari saat ini.,uielmff39ef,M2ZCFT
2a5dyn-debut-nogi-chan-uiealiv1d8d,[2A5DYN] Debut Nogi-chan,https://cdn.adidssd7.workers.dev/?id=thumb-cdn77.xvideos-cdn.com/4f34de53-3d2d-46f6-a634-453b926a2a7f/0/xv_12_t.jpg,Kami menyajikan konten paling populer yang wajib Anda tonton hari ini.,uiealiv1d8d,2A5DYN
267cxb-4596837749-ipfvehk9460,[267CXB] 4596837749,https://cdn.adidssd7.workers.dev/?id=thumb-cdn77.xvideos-cdn.com/a3e444f6-d072-4dde-8b02-d94f2e476b7c/0/xv_25_t.jpg,Koleksi lengkap video pilihan dengan durasi yang pas untuk Anda.,ipfvehk9460,267CXB
krv8gx-gadis-cina-seksi-lin-siyu-bercinta-keras-dengan-pacar-di-dapur-ufvtkbh59c2,[KRV8GX] Gadis Cina seksi Lin Siyu bercinta keras dengan pacar di dapur.,https://cdn.adidssd7.workers.dev/?id=thumb-cdn77.xvideos-cdn.com/8d3a64af-6eac-4dae-b9a9-0db0a8c092d0/0/xv_11_t.jpg,Temukan koleksi video eksklusif terbaru hanya untuk Anda hari ini.,ufvtkbh59c2,KRV8GX
a5ctsu-pacar-taiwan-bercinta-tiga-kali-setelah-pantang-uppdimv815c,[A5CTSU] Pacar Taiwan bercinta tiga kali setelah pantang,https://cdn.adidssd7.workers.dev/?id=thumbs-gcore.xvideos-cdn.com/a069c8cb-d58c-4305-94d6-460201cfbb71/0/xv_10_t.jpg,Video pilihan kualitas terbaik yang kami kurasi khusus untuk pengalaman menonton Anda.,uppdimv815c,A5CTSU
jpmvc7-wanita-yang-sudah-menikah-menyentuh-lima-puluh-ibu-makiko-tsurukawa-kbmubade3b6,[JPMVC7] Wanita yang sudah menikah menyentuh lima puluh ibu-Makiko Tsurukawa,https://cdn.adidssd7.workers.dev/?id=thumbs-gcore.xvideos-cdn.com/73f43d96-4a26-47ef-bf4c-9940f4b65213/0/xv_20_t.jpg,Jangan lewatkan video menarik yang kami perbarui setiap harinya.,kbmubade3b6,JPMVC7
gp2m8x-segera-sadel-kkadtmd3823,[GP2M8X] Segera Sadel! ,https://cdn.adidssd7.workers.dev/?id=thumb-cdn77.xvideos-cdn.com/9848aba9-7cbe-4d99-a77d-36e909545b3f/0/xv_19_t.jpg,Kami menyajikan konten paling populer yang wajib Anda tonton hari ini.,kkadtmd3823,GP2M8X
53tnev-domestik-jelly-media-domestik-av-china-original-the-wife-who-was-played-saya-diikat-olehnya-untuk-bermain-91cm-049-uifbuof9cc1,[53TNEV] [Domestik] Jelly Media Domestik AV China Original / "The Wife Who Was Played" Saya diikat olehnya untuk bermain 91CM-049,https://cdn.adidssd7.workers.dev/?id=thumb-cdn77.xvideos-cdn.com/38b86ae1-cfd3-4c5e-b65a-0537c542cbae/0/xv_12_t.jpg,Tonton video berkualitas tinggi ini sekarang juga hanya di sini.,uifbuof9cc1,53TNEV
qwbzm9-orang-tua-sedang-memakan-vagina-remaja-berbulu-basah-itu-hodhklk7517,[QWBZM9] Orang tua sedang memakan vagina remaja berbulu basah itu,https://cdn.adidssd7.workers.dev/?id=thumb-cdn77.xvideos-cdn.com/e30da30c-771e-4443-8e29-15a920b83526/0/xv_13_t.jpg,Temukan berbagai kategori menarik dalam video pilihan kami.,hodhklk7517,QWBZM9
ygpxka-remaja-jepang-meniduri-orang-tua-1-hvcvlum2466,[YGPXKA] Remaja Jepang meniduri orang tua 1,https://cdn.adidssd7.workers.dev/?id=thumb-cdn77.xvideos-cdn.com/1ec23d8b-95df-490d-94d6-35cbebb222df/0/xv_6_t.jpg,Koleksi lengkap video pilihan dengan durasi yang pas untuk Anda.,hvcvlum2466,YGPXKA
qep2tz-gadis-asia-1998-uiilplb4470,[QEP2TZ] gadis asia 1998,https://cdn.adidssd7.workers.dev/?id=thumb-cdn77.xvideos-cdn.com/2cbd946c-bf7f-40bd-8ba6-035db0ad3fdf/0/xv_3_t.jpg,Koleksi lengkap video pilihan dengan durasi yang pas untuk Anda.,uiilplb4470,QEP2TZ
wvy9um-wanita-cantik-berdada-yang-sudah-menikah-perubahan-daya-tarik-seks-wanita-dewasa-masturbasi-ruang-ganti-erotis-uibklahb04f,[WVY9UM] Wanita cantik berdada yang sudah menikah perubahan daya tarik seks wanita dewasa & masturbasi ruang ganti erotis,https://cdn.adidssd7.workers.dev/?id=thumb-cdn77.xvideos-cdn.com/a2128be4-a101-41ef-a166-2b3d17afe2d7/0/xv_15_t.jpg,Jangan lewatkan video menarik yang kami perbarui setiap harinya.,uibklahb04f,WVY9UM
67sgph-kecantikan-amatir-ini-uuthbbd06cc,[67SGPH] kecantikan amatir ini,https://cdn.adidssd7.workers.dev/?id=thumb-cdn77.xvideos-cdn.com/493b5097-be98-4efc-856f-8ca0f7b9515a/0/xv_3_t.jpg,Koleksi lengkap video pilihan dengan durasi yang pas untuk Anda.,uuthbbd06cc,67SGPH
g42x39-sayang-jepang-runa-kobayashi-kacau-tanpa-sensor-kddoomk148b,[G42X39] Sayang Jepang Runa Kobayashi kacau tanpa sensor,https://cdn.adidssd7.workers.dev/?id=thumb-cdn77.xvideos-cdn.com/09b60ddb-31ff-406a-987b-d35db9bf619d/0/xv_5_t.jpg,Koleksi lengkap video pilihan dengan durasi yang pas untuk Anda.,kddoomk148b,G42X39
l7dveh-wanita-kantoran-jepang-yura-hitomi-melakukan-seks-berkelompok-tanpa-sensor-umecfiv093b,[L7DVEH] Wanita kantoran Jepang Yura Hitomi melakukan seks berkelompok tanpa sensor.,https://cdn.adidssd7.workers.dev/?id=thumb-cdn77.xvideos-cdn.com/ad206332-44af-4eff-8cf6-238749ec9999/0/xv_4_t.jpg,Tonton video berkualitas tinggi ini sekarang juga hanya di sini.,umecfiv093b,L7DVEH
7b3fjy-wanita-kantor-jepangreiko-kobayakawaberhubungan-seks-dengan-bossuncensored-uavihlkd788,[7B3FJY] Wanita kantor JepangReiko Kobayakawaberhubungan seks dengan bossuncensored.,https://cdn.adidssd7.workers.dev/?id=thumbs-gcore.xvideos-cdn.com/dafc2f73-9f35-4362-a01d-7037f0d5f822/0/xv_16_t.jpg,Video pilihan kualitas terbaik yang kami kurasi khusus untuk pengalaman menonton Anda.,uavihlkd788,7B3FJY
7k29xa-jalang-asia-sensual-mulai-bercinta-n-huokdhhf789,[7K29XA] Jalang Asia sensual mulai bercinta n.,https://cdn.adidssd7.workers.dev/?id=thumb-cdn77.xvideos-cdn.com/90bf15ca-18e3-4345-93eb-94c2f9e3ab0e/0/xv_8_t.jpg,Konten terbaru yang sedang viral dan banyak dicari saat ini.,huokdhhf789,7K29XA
d6w7ym-2856866-vbofkf8eb9,[D6W7YM] 2856866,https://cdn.adidssd7.workers.dev/?id=thumb-cdn77.xvideos-cdn.com/5ba714b5-251e-477e-bb42-26330a455bb9/0/xv_27_t.jpg,Temukan koleksi video eksklusif terbaru hanya untuk Anda hari ini.,vbofkf8eb9,D6W7YM
k2e9y4-sayang-jepang-airi-mizusawa-sedang-berpesta-tanpa-sensor-ktocfdb9a05,[K2E9Y4] Sayang Jepang Airi Mizusawa sedang berpesta tanpa sensor,https://cdn.adidssd7.workers.dev/?id=thumb-cdn77.xvideos-cdn.com/e499ad93-f7b1-4be2-8c90-9c071c86ec26/0/xv_8_t.jpg,Nikmati momen terbaik dengan koleksi video trending kami.,ktocfdb9a05,K2E9Y4
ruy4kx-bertemu-kembali-dengan-seorang-gadis-berkulit-putih-uibtiikc004,[RUY4KX] Bertemu kembali dengan seorang gadis berkulit putih! ,https://cdn.adidssd7.workers.dev/?id=thumb-cdn77.xvideos-cdn.com/73713ab1-85fd-4678-a46f-739acc82649b/0/xv_29_t.jpg,Tonton video berkualitas tinggi ini sekarang juga hanya di sini.,uibtiikc004,RUY4KX
23bulx-video-seks-pribadi-dengan-murid-perempuan-uikbdvm9a66,[23BULX] Video seks pribadi dengan murid perempuan. ,https://cdn.adidssd7.workers.dev/?id=thumb-cdn77.xvideos-cdn.com/3f765593-5d9e-45fc-a5ca-e5ed598afdce/0/xv_25_t.jpg,Tonton video berkualitas tinggi ini sekarang juga hanya di sini.,uikbdvm9a66,23BULX
bmpqh7-gadis-asia-5041-ulhfbam0b51,[BMPQH7] gadis asia 5041,https://cdn.adidssd7.workers.dev/?id=thumb-cdn77.xvideos-cdn.com/e36253ef-bee9-4f9d-ab8b-37ad59b6806b/0/xv_7_t.jpg,Temukan berbagai kategori menarik dalam video pilihan kami.,ulhfbam0b51,BMPQH7
mrpcvt-remaja-jepang-buatan-rumah-menjadi-kacau-keras-di-rumah-hleutkvd084,[MRPCVT] Remaja Jepang buatan rumah menjadi kacau keras di rumah,https://cdn.adidssd7.workers.dev/?id=thumb-cdn77.xvideos-cdn.com/888a6627-6c0e-4ccb-88f2-ee89d8e97476/0/xv_18_t.jpg,Temukan berbagai kategori menarik dalam video pilihan kami.,hleutkvd084,MRPCVT
pxj48z-seks-amatir-korea-asia-oekfbl0551,[PXJ48Z] Seks Amatir Korea Asia,https://cdn.adidssd7.workers.dev/?id=thumb-cdn77.xvideos-cdn.com/98b9546f-b9ce-4f6b-96ac-4883cf86b660/0/xv_16_t.jpg,Video pilihan kualitas terbaik yang kami kurasi khusus untuk pengalaman menonton Anda.,oekfbl0551,PXJ48Z
5srmlt-orgasme-hebat-remaja-asia-ktbti39e2,[5SRMLT] Orgasme hebat Remaja Asia,https://cdn.adidssd7.workers.dev/?id=thumb-cdn77.xvideos-cdn.com/7334ce22-4199-45c1-9d6e-4c50d9c1f5d2/0/xv_9_t.jpg,Jangan lewatkan video menarik yang kami perbarui setiap harinya.,ktbti39e2,5SRMLT
prujyg-itu-terlalu-tebal-uavetokbb78,[PRUJYG] Itu terlalu tebal!,https://cdn.adidssd7.workers.dev/?id=thumb-cdn77.xvideos-cdn.com/15b8ac63-8230-45af-88aa-803c5de1d69f/0/xv_9_t.jpg,Tonton video berkualitas tinggi ini sekarang juga hanya di sini.,uavetokbb78,PRUJYG
d4nb6e-nabe-010-kaho-shibuya-beautiful-hadaka-2-sumber-air-panas-pembuat-video-idola-marray-internasional-marraydoga-chaku-ero-baju-renang-payudara-besar-utdftab53e3,[D4NB6E] NABE-010 Kaho Shibuya / Beautiful Hadaka 2 Sumber Air Panas Pembuat Video Idola Marray Internasional MarrayDOGA Chaku Ero Baju Renang Payudara Besar,https://cdn.adidssd7.workers.dev/?id=thumb-cdn77.xvideos-cdn.com/c6acce25-d2e5-42fd-a74d-cd52e7cba310/0/xv_15_t.jpg,Video pilihan kualitas terbaik yang kami kurasi khusus untuk pengalaman menonton Anda.,utdftab53e3,D4NB6E
9jmle4-seorang-siswi-berdada-yang-ingin-tahu-tentang-saya-saya-berjanji-tetapi-saya-tidak-tahan-dan-melakukan-suntikan-cum-vagina-uhulkcfc079,[9JMLE4] Seorang siswi berdada yang ingin tahu tentang saya ... Saya berjanji tetapi saya tidak tahan dan melakukan suntikan cum vagina! ,https://cdn.adidssd7.workers.dev/?id=thumb-cdn77.xvideos-cdn.com/51f63b91-898b-4f2b-9b6b-bce4d0e0e8e7/0/xv_23_t.jpg,Jangan lewatkan video menarik yang kami perbarui setiap harinya.,uhulkcfc079,9JMLE4
m98ej5-gadis-jepang-dengan-payudara-besar-uhootlbfa3e,[M98EJ5] gadis jepang dengan payudara besar,https://cdn.adidssd7.workers.dev/?id=thumb-cdn77.xvideos-cdn.com/0ab8ce20-4dd9-4ed9-a523-b4f03e92aa43/0/xv_4_t.jpg,Video yang sedang banyak dibicarakan oleh komunitas saat ini.,uhootlbfa3e,M98EJ5
s5wfe8-jepang-creampie---amatir-milf-uhotavf7b99,[S5WFE8] jepang creampie - amatir milf,https://cdn.adidssd7.workers.dev/?id=thumb-cdn77.xvideos-cdn.com/a4f73ab7-c011-4a59-8336-3cec7c0733f0/0/xv_5_t.jpg,Temukan berbagai kategori menarik dalam video pilihan kami.,uhotavf7b99,S5WFE8
p7srez-amatir-oral-pekerjaan-pukulan-oekboe1ee7,[P7SREZ] Amatir Oral pekerjaan pukulan,https://cdn.adidssd7.workers.dev/?id=thumb-cdn77.xvideos-cdn.com/19706fb2-07a0-46c9-8c5a-c22dcc0aaec1/0/xv_22_t.jpg,Jangan lewatkan video menarik yang kami perbarui setiap harinya.,oekboe1ee7,P7SREZ
gb45uc-pekerjaan-pukulan-di-halaman-belakang-hofophh7128,[GB45UC] Pekerjaan pukulan di halaman belakang,https://cdn.adidssd7.workers.dev/?id=thumb-cdn77.xvideos-cdn.com/20c8719c-3161-4d77-b865-d9be5ffda989/0/xv_21_t.jpg,Video yang sedang banyak dibicarakan oleh komunitas saat ini.,hofophh7128,GB45UC
5glkth-netvideogirls---audisi-kalender-jai-flmbfeb1d,[5GLKTH] netvideogirls - Audisi Kalender Jai,https://cdn.adidssd7.workers.dev/?id=thumb-cdn77.xvideos-cdn.com/2a4bb9cd-d169-4a8d-ae3b-94599cb9e752/0/xv_8_t.jpg,Nikmati momen terbaik dengan koleksi video trending kami.,flmbfeb1d,5GLKTH
au79gr-pov-buatan-rumah-lesbian-amatir-sextape-hehlecdc1e5,[AU79GR] POV Buatan rumah Lesbian Amatir SexTape,https://cdn.adidssd7.workers.dev/?id=thumb-cdn77.xvideos-cdn.com/86605d80-7abb-4bc4-b732-04e789fccca4/0/xv_12_t.jpg,Jangan lewatkan video menarik yang kami perbarui setiap harinya.,hehlecdc1e5,AU79GR
fplahm-suami-memfilmkan-istrinya-bersama-teman-wanitanya-kieefm3e7a,[FPLAHM] Suami memfilmkan istrinya bersama teman wanitanya,https://cdn.adidssd7.workers.dev/?id=thumb-cdn77.xvideos-cdn.com/1c5b2cec-d0e7-4093-8260-0b0abcdc4ad3/0/xv_10_t.jpg,Temukan berbagai kategori menarik dalam video pilihan kami.,kieefm3e7a,FPLAHM
nd2fgz-mahasiswi-seksi-hohdbum5146,[ND2FGZ] mahasiswi seksi,https://cdn.adidssd7.workers.dev/?id=thumb-cdn77.xvideos-cdn.com/c4ea069e-5631-4930-aefc-7499208151bb/0/xv_27_t.jpg,Video yang sedang banyak dibicarakan oleh komunitas saat ini.,hohdbum5146,ND2FGZ
6g5xb4-hampir-tidak-sah-remaja-deepthroats-kontol-dan-menelan-beban-cum-besar-hiltfefa42e,[6G5XB4] Hampir tidak Sah Remaja Deepthroats Kontol dan Menelan Beban Cum Besar,https://cdn.adidssd7.workers.dev/?id=thumbs-gcore.xvideos-cdn.com/6d5e0b75-2d2b-4b89-b32a-4ad0a3559aac/0/xv_23_t.jpg,Tonton video berkualitas tinggi ini sekarang juga hanya di sini.,hiltfefa42e,6G5XB4
gqr8yw-keterampilan-bj-yang-hebat-ibpbfml9a2f,[GQR8YW] Keterampilan bj yang hebat,https://cdn.adidssd7.workers.dev/?id=thumb-cdn77.xvideos-cdn.com/2b58423e-2a65-4253-aeab-f60c11bc8ce6/0/xv_5_t.jpg,Koleksi lengkap video pilihan dengan durasi yang pas untuk Anda.,ibpbfml9a2f,GQR8YW
glkxts-luna-colombiana-menawan-seorang-terangsang-pejantan-untuk-beberapa-anal-sialan-oppcubl591a,[GLKXTS] Luna Colombiana menawan seorang terangsang pejantan untuk beberapa anal sialan,https://cdn.adidssd7.workers.dev/?id=thumb-cdn77.xvideos-cdn.com/f412197c-c68b-4341-abd8-ce5ffba55ba0/5/xv_29_t.jpg,Video pilihan kualitas terbaik yang kami kurasi khusus untuk pengalaman menonton Anda.,oppcubl591a,GLKXTS
rabmfk-gorgeous-anal-hkbckhd703a,[RABMFK] Gorgeous+Anal,https://cdn.adidssd7.workers.dev/?id=thumbs-gcore.xvideos-cdn.com/f45f05b7-9f64-4d7a-aadf-66abe49a735e/0/xv_9_t.jpg,Koleksi lengkap video pilihan dengan durasi yang pas untuk Anda.,hkbckhd703a,RABMFK
tuvmpy-bbc-anal-upclffm600a,[TUVMPY] BBC ANAL. ,https://cdn.adidssd7.workers.dev/?id=thumbs-gcore.xvideos-cdn.com/8d63083d-d33e-4c23-bf78-ad4452ee98fe/0/xv_11_t.jpg,Jangan lewatkan video menarik yang kami perbarui setiap harinya.,upclffm600a,TUVMPY
vdkf3j-pacarku-menangis-kesakitan-saat-aku-mematahkan-pantatnya---video-lengkap-di-sini-whorebabes-com-iakukhkd6a8,[VDKF3J] Pacarku menangis kesakitan saat aku mematahkan pantatnya - Video lengkap di sini: whorebabes.com,https://cdn.adidssd7.workers.dev/?id=thumb-cdn77.xvideos-cdn.com/1fc6b06a-395b-403c-ba95-34ee5f7698f5/0/xv_1_t.jpg,Nikmati momen terbaik dengan koleksi video trending kami.,iakukhkd6a8,VDKF3J
2u9lch-sahabatku-meniduriku-di-pantat-ketatku-dan-berakhir-di-dalam-diriku-utmdieod67c,[2U9LCH] sahabatku meniduriku di pantat ketatku dan berakhir di dalam diriku. ,https://cdn.adidssd7.workers.dev/?id=thumb-cdn77.xvideos-cdn.com/093b6d19-97ba-4e39-99eb-947c5a5bfc7a/0/xv_23_t.jpg,Video pilihan kualitas terbaik yang kami kurasi khusus untuk pengalaman menonton Anda.,utmdieod67c,2U9LCH
4y3mlq-pacar-baru-ayah-tiriku-milf-yang-baik-hppbbfc4367,[4Y3MLQ] Pacar baru ayah tiriku...MILF yang baik!!!,https://cdn.adidssd7.workers.dev/?id=thumb-cdn77.xvideos-cdn.com/6115da5b-fab7-4a8b-b46e-030aef67b9f2/0/xv_12_t.jpg,Jangan lewatkan video menarik yang kami perbarui setiap harinya.,hppbbfc4367,4Y3MLQ
ap6mkv-stoking-skanks-berjari-hkafubhc453,[AP6MKV] Stoking Skanks berjari,https://cdn.adidssd7.workers.dev/?id=thumb-cdn77.xvideos-cdn.com/ddcd1238-1f2b-4a4f-b43b-99add0cfc096/0/xv_17_t.jpg,Temukan koleksi video eksklusif terbaru hanya untuk Anda hari ini.,hkafubhc453,AP6MKV
2va9ys-petugas-hukum-perbudakan-anal-kacau-iubtlvv1de8,[2VA9YS] Petugas hukum perbudakan anal kacau,https://cdn.adidssd7.workers.dev/?id=thumb-cdn77.xvideos-cdn.com/053ff864-87d8-48d8-987d-5aab97d3aa5c/0/xv_17_t.jpg,Temukan berbagai kategori menarik dalam video pilihan kami.,iubtlvv1de8,2VA9YS
c8uvdl-dia-menelan-5-cumshot-berturut-turut-dari-pria-yang-sama-imohtub97b6,[C8UVDL] Dia menelan 5 cumshot berturut-turut dari pria yang sama! ,https://cdn.adidssd7.workers.dev/?id=thumb-cdn77.xvideos-cdn.com/c60fa303-339c-43da-9b68-0ef05f1bfaac/0/xv_19_t.jpg,Temukan berbagai kategori menarik dalam video pilihan kami.,imohtub97b6,C8UVDL
svnqz3-pekerjaan-pukulan-sempurna-iutphibb5c3,[SVNQZ3] pekerjaan pukulan sempurna,https://cdn.adidssd7.workers.dev/?id=thumb-cdn77.xvideos-cdn.com/aed13ba1-9805-4c84-af0d-2c6dbfe1ed54/0/xv_9_t.jpg,Video pilihan kualitas terbaik yang kami kurasi khusus untuk pengalaman menonton Anda.,iutphibb5c3,SVNQZ3
7wz5fc-remaja-pirang-memiliki-tenggorokan-bajingan-huoftcmec92,[7WZ5FC] Remaja Pirang Memiliki Tenggorokan Bajingan,https://cdn.adidssd7.workers.dev/?id=thumb-cdn77.xvideos-cdn.com/8a9d6651-fbf1-4ebe-bc36-58b61f0ac8f5/0/xv_17_t.jpg,Video pilihan kualitas terbaik yang kami kurasi khusus untuk pengalaman menonton Anda.,huoftcmec92,7WZ5FC
kzdn25-dia-mengendarai-ayam-kakek-seperti-dia-belum-pernah-berhubungan-seks-sebelumnya-dan-suka-mengambil-air-mani-kakeknya-ke-dalam-mulutnya-dan-menelannya-ibboovb5c2b,[KZDN25] Dia mengendarai ayam kakek seperti dia belum pernah berhubungan seks sebelumnya dan suka mengambil air mani kakeknya ke dalam mulutnya dan menelannya,https://cdn.adidssd7.workers.dev/?id=thumb-cdn77.xvideos-cdn.com/ab6db708-787d-4cc6-b2f9-8a5d06aa9d90/0/xv_11_t.jpg,Nikmati momen terbaik dengan koleksi video trending kami.,ibboovb5c2b,KZDN25
9dcpy5-pacar-perempuan-ceroboh-mengisap-titit-dan-air-mani-menelan-setelah-berjalan-jalan-kdlhttm5c58,[9DCPY5] pacar perempuan ceroboh mengisap titit dan air mani menelan setelah berjalan-jalan,https://cdn.adidssd7.workers.dev/?id=thumb-cdn77.xvideos-cdn.com/00ebc6b4-2f56-4d90-bd38-2ffbdc81e46e/0/xv_23_t.jpg,Temukan berbagai kategori menarik dalam video pilihan kami.,kdlhttm5c58,9DCPY5
9yqfmk-aku-berbagi-pacarku-dengan-kakak-tiriku-ophvuou0e39,[9YQFMK] Aku Berbagi Pacarku dengan Kakak Tiriku! ,https://cdn.adidssd7.workers.dev/?id=thumb-cdn77.xvideos-cdn.com/fb69c6ca-b530-4d35-9469-3d3bed26ccfb/4/xv_21_t.jpg,Jangan lewatkan video menarik yang kami perbarui setiap harinya.,ophvuou0e39,9YQFMK
7ncw8j-kakak-tiri-payudara-besar-membuat-pekerjaan-pukulan-buatan-sendiri-amatir-nyata-dengan-creampie-wajah-ubpuhko3e8e,[7NCW8J] Kakak tiri payudara besar membuat pekerjaan pukulan buatan sendiri amatir nyata dengan creampie wajah,https://cdn.adidssd7.workers.dev/?id=thumb-cdn77.xvideos-cdn.com/806babe8-04b3-4ffd-ae19-a9688bf6ea95/0/xv_24_t.jpg,Video yang sedang banyak dibicarakan oleh komunitas saat ini.,ubpuhko3e8e,7NCW8J
ubgfa5-kecantikan-deepthroat-dan-ass-fuck---cum-di-kopi-dan-d-kpkfmidee9e,[UBGFA5] Kecantikan Deepthroat dan Ass Fuck - Cum di Kopi dan d. ,https://cdn.adidssd7.workers.dev/?id=thumb-cdn77.xvideos-cdn.com/549aa798-9370-444e-aa8e-c326884bf3a8/0/xv_6_t.jpg,Konten terbaru yang sedang viral dan banyak dicari saat ini.,kpkfmidee9e,UBGFA5
8w32tf-hot-milf-ceroboh-blowjob-kontol-suami-dan-seks-anal-keras---closeup-kiiivtb1795,[8W32TF] Hot MILF Ceroboh Blowjob Kontol Suami dan Seks Anal Keras - Closeup,https://cdn.adidssd7.workers.dev/?id=thumb-cdn77.xvideos-cdn.com/b4569bb6-978f-4b8c-920f-41e75dae0eaf/0/xv_8_t.jpg,Video yang sedang banyak dibicarakan oleh komunitas saat ini.,kiiivtb1795,8W32TF
myfv5x-bibi-tiriku-dengan-pantat-yang-bagus-membuatkanku-sarapan-aku-bersemangat-untuk-menidurinya-ilceleh1e0d,[MYFV5X] Bibi tiriku dengan pantat yang bagus membuatkanku sarapan,https://cdn.adidssd7.workers.dev/?id=thumb-cdn77.xvideos-cdn.com/2c2dd98f-392b-4a65-bb78-1e2aaec6dc16/0/xv_8_t.jpg,Jangan lewatkan video menarik yang kami perbarui setiap harinya.,ilceleh1e0d,MYFV5X
rfzjpm-kacau-pirang-bodoh-untuk-perbaikan-mobil-ualfild37f8,[RFZJPM] Kacau pirang bodoh untuk perbaikan mobil,https://cdn.adidssd7.workers.dev/?id=thumb-cdn77.xvideos-cdn.com/da6fc560-b714-48c2-b44a-cc8313c8a82e/0/xv_22_t.jpg,Jangan lewatkan video menarik yang kami perbarui setiap harinya.,ualfild37f8,RFZJPM
sqefnl-meniduriku-di-tangga-sementara-orang-tua-di-rumah---menelan-sperma---pov-kaahvim345a,[SQEFNL] Meniduriku di Tangga sementara Orang Tua di Rumah - Menelan Sperma - POV,https://cdn.adidssd7.workers.dev/?id=thumb-cdn77.xvideos-cdn.com/d2ba7b6a-c20a-4650-9f79-ed40dc5b73eb/0/xv_29_t.jpg,Konten terbaru yang sedang viral dan banyak dicari saat ini.,kaahvim345a,SQEFNL
f3a7l5-blowjob-amatir-terbaik-hioha5032,[F3A7L5] Blowjob Amatir Terbaik,https://cdn.adidssd7.workers.dev/?id=thumb-cdn77.xvideos-cdn.com/507b5899-dfa8-44e2-ab51-d70de1cd72e7/0/xv_16_t.jpg,Tonton video berkualitas tinggi ini sekarang juga hanya di sini.,hioha5032,F3A7L5
7lpcmu-ssst-aku-akan-menghisapmu-imbumab8041,[7LPCMU] Ssst,https://cdn.adidssd7.workers.dev/?id=thumb-cdn77.xvideos-cdn.com/a5dc2c05-dc7c-482d-aba2-7a2c9ef7c691/0/xv_5_t.jpg,Koleksi lengkap video pilihan dengan durasi yang pas untuk Anda.,imbumab8041,7LPCMU
7lnz6m-seks-rahasia-dengan-saudara-tiri-kami-sambil-menonton-film-opmtbma9178,[7LNZ6M] seks rahasia dengan saudara tiri kami sambil menonton film,https://cdn.adidssd7.workers.dev/?id=thumb-cdn77.xvideos-cdn.com/1224337b-7805-47ba-a0ef-3444dca5ca6e/5/xv_12_t.jpg,Video pilihan kualitas terbaik yang kami kurasi khusus untuk pengalaman menonton Anda.,opmtbma9178,7LNZ6M
u2npka-datezone---milf-gemuk-kacau-di-meja-dapur-oudhoemf98f,[U2NPKA] DATEZONE - MILF Gemuk kacau di meja dapur,https://cdn.adidssd7.workers.dev/?id=thumb-cdn77.xvideos-cdn.com/4f9a2e63-f16e-4876-b2c7-308cf04cd90d/3/xv_30_t.jpg,Temukan berbagai kategori menarik dalam video pilihan kami.,oudhoemf98f,U2NPKA
hngzse-seks-dapur-kvomuvm1d55,[HNGZSE] Seks dapur,https://cdn.adidssd7.workers.dev/?id=thumb-cdn77.xvideos-cdn.com/37829eae-074a-4f1d-91fe-62e40c868588/0/xv_20_t.jpg,Koleksi lengkap video pilihan dengan durasi yang pas untuk Anda.,kvomuvm1d55,HNGZSE
t7flxy-bos-kami-memergoki-kami-sedang-berhubungan-seks-di-meja-dapur-oplfpcc5e6a,[T7FLXY] Bos kami memergoki kami sedang berhubungan seks di meja dapur,https://cdn.adidssd7.workers.dev/?id=thumb-cdn77.xvideos-cdn.com/a5e6f610-b939-4810-855f-f24d09998481/5/xv_13_t.jpg,Nikmati momen terbaik dengan koleksi video trending kami.,oplfpcc5e6a,T7FLXY
wyhrax-anak-tirinya-menginginkan-iphone-tetapi-berakhir-dengan-air-mani-di-vaginanya-oudhfmu261b,[WYHRAX] Anak tirinya menginginkan iPhone tetapi berakhir dengan air mani di vaginanya,https://cdn.adidssd7.workers.dev/?id=thumb-cdn77.xvideos-cdn.com/3d793b2b-6627-41fa-809d-a568a7a070d4/3/xv_18_t.jpg,Temukan berbagai kategori menarik dalam video pilihan kami.,oudhfmu261b,WYHRAX
tarc5y-ayah-tiriku-mengajariku-cara-memberikan-pekerjaan-pukulan-dan-berhubungan-seks-ophmaha7122,[TARC5Y] Ayah tiriku mengajariku cara memberikan pekerjaan pukulan dan berhubungan seks,https://cdn.adidssd7.workers.dev/?id=thumb-cdn77.xvideos-cdn.com/32faa4bb-88af-43e4-9dc6-8e60167398be/4/xv_19_t.jpg,Tonton video berkualitas tinggi ini sekarang juga hanya di sini.,ophmaha7122,TARC5Y
wytuxm-kakak-tiri-bolehkah-aku-melihat-penismu-opkeleoefbb,[WYTUXM] Kakak tiri bolehkah aku melihat penismu?,https://cdn.adidssd7.workers.dev/?id=thumb-cdn77.xvideos-cdn.com/fbefc8e6-176e-4798-9874-b4a8da3c2321/4/xv_25_t.jpg,Jangan lewatkan video menarik yang kami perbarui setiap harinya.,opkeleoefbb,WYTUXM
4vejr6-putri-tirinya-merangkak-ke-tempat-tidur-bersama-ibu-tiri-dan-ayah-tirinya-malam-itu-ophmbfd4e25,[4VEJR6] Putri tirinya merangkak ke tempat tidur bersama Ibu Tiri dan Ayah Tirinya malam itu,https://cdn.adidssd7.workers.dev/?id=thumb-cdn77.xvideos-cdn.com/ccbef411-4ce4-485c-a9b1-54b2db7feea1/4/xv_9_t.jpg,Kami menyajikan konten paling populer yang wajib Anda tonton hari ini.,ophmbfd4e25,4VEJR6
vexky6-ibu-tiri-dan-kakak-tiri-berbagi-tempat-tidur-dengan-ayah-tiri-reampie-di-kakak-tiri-ketika-dia-terangsang-saat-menonton-milf-suck-dick-oulboua0e78,[VEXKY6] Ibu Tiri dan Kakak Tiri Berbagi Tempat Tidur dengan Ayah Tiri : ÃÂ¡reampie di Kakak tiri ketika Dia terangsang saat menonton MILF Suck Dick,https://cdn.adidssd7.workers.dev/?id=thumb-cdn77.xvideos-cdn.com/af48973e-11b4-4da4-b773-03df1de2d0f6/3/xv_30_t.jpg,Kami menyajikan konten paling populer yang wajib Anda tonton hari ini.,oulboua0e78,VEXKY6
sb6gpw-saudara-tiri-menyukai-apa-yang-dilihatnya-ickmauf5a32,[SB6GPW] saudara tiri menyukai apa yang dilihatnya,https://cdn.adidssd7.workers.dev/?id=thumb-cdn77.xvideos-cdn.com/b4975f7b-baf2-4bff-959b-3733b0fbc135/0/xv_18_t.jpg,Kami menyajikan konten paling populer yang wajib Anda tonton hari ini.,ickmauf5a32,SB6GPW
nlkwhj-petite-dakota-skye-dihantam-oleh-ayam-besar-dalam-seks-harcore-lucfab52f0,[NLKWHJ] Petite Dakota Skye dihantam oleh ayam besar dalam seks harcore,https://cdn.adidssd7.workers.dev/?id=thumb-cdn77.xvideos-cdn.com/854dedf8-da16-48c6-952b-03d1a416789a/0/xv_22_t.jpg,Tonton video berkualitas tinggi ini sekarang juga hanya di sini.,lucfab52f0,NLKWHJ
pnfwd8-pembantu-cantik-dengan-payudara-besar-ditiduri-oleh-suaminya-hofuvfk740c,[PNFWD8] Pembantu cantik dengan payudara besar ditiduri oleh suaminya,https://cdn.adidssd7.workers.dev/?id=thumb-cdn77.xvideos-cdn.com/5e64847b-2bdb-4805-8719-38c092e097ce/0/xv_18_t.jpg,Video pilihan kualitas terbaik yang kami kurasi khusus untuk pengalaman menonton Anda.,hofuvfk740c,PNFWD8
9dwk4t-ibu-pirang-seksi-julia-ann-mendapat-kendi-besar-kacau-apodop7a40,[9DWK4T] Ibu pirang seksi Julia Ann mendapat kendi besar kacau,https://cdn.adidssd7.workers.dev/?id=thumb-cdn77.xvideos-cdn.com/7c219a11-d743-4445-aa21-f3570fd14f66/0/xv_8_t.jpg,Jangan lewatkan video menarik yang kami perbarui setiap harinya.,apodop7a40,9DWK4T
qkcjze-bangbros---remaja-lana-rhoades-mendapat-kacau-saat-di-telepon-dengan-iuvbmvd1843,[QKCJZE] BANGBROS - Remaja Lana Rhoades Mendapat Kacau Saat Di Telepon Dengan,https://cdn.adidssd7.workers.dev/?id=thumb-cdn77.xvideos-cdn.com/c48dc051-e0db-4929-a2f8-2f6db75052a6/0/xv_17_t.jpg,Video pilihan kualitas terbaik yang kami kurasi khusus untuk pengalaman menonton Anda.,iuvbmvd1843,QKCJZE
ekyc45-joseline-kelly-muda-yang-terangsang-menggedor-perpustakaan-siswa-ibatcmm023f,[EKYC45] Joseline Kelly muda yang terangsang menggedor perpustakaan siswa,https://cdn.adidssd7.workers.dev/?id=thumb-cdn77.xvideos-cdn.com/d712ad5a-ac23-4124-b29f-0717ca5f6413/0/xv_7_t.jpg,Video yang sedang banyak dibicarakan oleh komunitas saat ini.,ibatcmm023f,EKYC45
dvjnsm-bangbros---seksi-housesitting-dengan-rambut-coklat-remaja-lana-rhoades-hdicfdof673,[DVJNSM] BANGBROS - Seksi Housesitting dengan Rambut Coklat Remaja Lana Rhoades,https://cdn.adidssd7.workers.dev/?id=thumb-cdn77.xvideos-cdn.com/4b065add-e961-4aca-9265-edd667e4c588/0/xv_7_t.jpg,Koleksi lengkap video pilihan dengan durasi yang pas untuk Anda.,hdicfdof673,DVJNSM
mfscjx-dua-wanita-cantik-jepang-menikmati-kesalahan-bodoh-yang-keras-ibmmaubb545,[MFSCJX] Dua wanita cantik Jepang menikmati kesalahan bodoh yang keras,https://cdn.adidssd7.workers.dev/?id=thumb-cdn77.xvideos-cdn.com/a71ae25d-842e-46b2-84c1-9224115cd180/0/xv_20_t.jpg,Nikmati momen terbaik dengan koleksi video trending kami.,ibmmaubb545,MFSCJX
4echd7-seks-bertiga-asia-yang-panas-ibcek2e11,[4ECHD7] Seks bertiga Asia yang panas,https://cdn.adidssd7.workers.dev/?id=thumb-cdn77.xvideos-cdn.com/d9a75328-c4db-4880-bdcb-faa07893939b/0/xv_30_t.jpg,Kami menyajikan konten paling populer yang wajib Anda tonton hari ini.,ibcek2e11,4ECHD7
2n7wq6-nd3168-hiuodl5bd8,[2N7WQ6] ND3168,https://cdn.adidssd7.workers.dev/?id=thumb-cdn77.xvideos-cdn.com/6d33b36a-1b57-4c7d-b870-85fede3926ce/0/xv_10_t.jpg,Koleksi lengkap video pilihan dengan durasi yang pas untuk Anda.,hiuodl5bd8,2N7WQ6
t2pveh-dua-orang-amatir-asia-senang-dengan-alatnya-ibdoafo0f05,[T2PVEH] Dua orang amatir Asia senang dengan alatnya,https://cdn.adidssd7.workers.dev/?id=thumb-cdn77.xvideos-cdn.com/6705e07a-d543-49d4-bb16-afbde8212a50/0/xv_7_t.jpg,Koleksi lengkap video pilihan dengan durasi yang pas untuk Anda.,ibdoafo0f05,T2PVEH
7q92c4-cinta-lori-lori-marin-chan-2-khpupokace9,[7Q92C4] ~ Cinta Lori Lori Marin-chan ~ 2,https://cdn.adidssd7.workers.dev/?id=thumb-cdn77.xvideos-cdn.com/7d763bb7-ebf7-4a13-8b55-187d3ff05a85/0/xv_29_t.jpg,Konten terbaru yang sedang viral dan banyak dicari saat ini.,khpupokace9,7Q92C4
7npy4x-istri-cantik-aku-akan-meminjamkanmu-1-ipcuctfbc35,[7NPY4X] Istri cantik aku akan meminjamkanmu 1,https://cdn.adidssd7.workers.dev/?id=thumb-cdn77.xvideos-cdn.com/7fefa6f1-644e-4b9f-963b-ea3179f9e480/0/xv_12_t.jpg,Koleksi lengkap video pilihan dengan durasi yang pas untuk Anda.,ipcuctfbc35,7NPY4X
n7xght-angka-terbaik-dimasukkan-ivmvfif6fbb,[N7XGHT] Angka terbaik dimasukkan,https://cdn.adidssd7.workers.dev/?id=thumb-cdn77.xvideos-cdn.com/243f338a-08b4-4438-8244-c6d4385ddd77/0/xv_26_t.jpg,Koleksi lengkap video pilihan dengan durasi yang pas untuk Anda.,ivmvfif6fbb,N7XGHT
p5bseh-mio-kimishima-ibu-tiri-putrinya-yang-dipaksa-diperkosa-oleh-pacarnya-saat-putrinya-pergi-uudehdl5a6f,[P5BSEH] Mio Kimishima Ibu Tiri Putrinya Yang Dipaksa Diperkosa Oleh Pacarnya Saat Putrinya Pergi,https://cdn.adidssd7.workers.dev/?id=thumb-cdn77.xvideos-cdn.com/5d4256b2-7114-48ee-8696-bd14bbb93569/0/xv_13_t.jpg,Koleksi lengkap video pilihan dengan durasi yang pas untuk Anda.,uudehdl5a6f,P5BSEH
v9f6py-saya-menembakkannya-setengah-ke-pai-dan-setengahnya-lagi-ke-joy-hcakctfda33,[V9F6PY] Saya menembakkannya setengah ke Pai dan setengahnya lagi ke Joy,https://cdn.adidssd7.workers.dev/?id=thumb-cdn77.xvideos-cdn.com/fd79cd41-f5d0-4837-a998-1cf3c810ce11/0/xv_4_t.jpg,Nikmati momen terbaik dengan koleksi video trending kami.,hcakctfda33,V9F6PY
n7el3t-ep-hcvcp0153-hckdmmb3ee9,[N7EL3T] ep-HCVCP0153,https://cdn.adidssd7.workers.dev/?id=thumb-cdn77.xvideos-cdn.com/931eecfe-4c59-48b5-9a74-67d261f343d5/0/xv_24_t.jpg,Nikmati momen terbaik dengan koleksi video trending kami.,hckdmmb3ee9,N7EL3T
zwtxaf-ep-hcvcp0164-hckdpmk3cc1,[ZWTXAF] ep-HCVCP0164,https://cdn.adidssd7.workers.dev/?id=thumb-cdn77.xvideos-cdn.com/094d8a4b-b3ba-413e-836c-ce7318683038/0/xv_21_t.jpg,Temukan berbagai kategori menarik dalam video pilihan kami.,hckdpmk3cc1,ZWTXAF
9fnjrv-dagfs---pria-pemalu-fucks-asia-bebas-patptc2b4a,[9FNJRV] Dagfs - Pria Pemalu Fucks Asia Bebas,https://cdn.adidssd7.workers.dev/?id=thumb-cdn77.xvideos-cdn.com/29836a7b-317f-4f70-9a4e-5f5b8caad53c/0/xv_16_t.jpg,Tonton video berkualitas tinggi ini sekarang juga hanya di sini.,patptc2b4a,9FNJRV
bqfcp9-pelacur-thailand-mendapat-fucked-di-kamar-hotel-hckdacv41d1,[BQFCP9] Pelacur Thailand mendapat fucked di kamar hotel,https://cdn.adidssd7.workers.dev/?id=thumb-cdn77.xvideos-cdn.com/d4904823-bd93-4c2c-882c-b186f9ea907c/0/xv_17_t.jpg,Koleksi lengkap video pilihan dengan durasi yang pas untuk Anda.,hckdacv41d1,BQFCP9
y2gscv-realasianexpose---asia-mungil-dalam-koper-hbhivof0e75,[Y2GSCV] RealAsianExpose - Asia mungil dalam koper.,https://cdn.adidssd7.workers.dev/?id=thumb-cdn77.xvideos-cdn.com/16e1de89-8eba-4d19-bf9f-fddefb00382d/0/xv_10_t.jpg,Koleksi lengkap video pilihan dengan durasi yang pas untuk Anda.,hbhivof0e75,Y2GSCV
tbyhs3-kakak-tiri-asia-sialan-sangat-menyenangkan-umofpbaa5de,[TBYHS3] Kakak Tiri Asia Sialan Sangat Menyenangkan,https://cdn.adidssd7.workers.dev/?id=thumb-cdn77.xvideos-cdn.com/faba1c4a-dcbf-4807-b500-37c68ba15ada/0/xv_3_t.jpg,Konten terbaru yang sedang viral dan banyak dicari saat ini.,umofpbaa5de,TBYHS3
db9tqk-petite-filipina-intens-bercinta-yang-luar-biasa-kbevuhh85f7,[DB9TQK] Petite Filipina intens bercinta yang luar biasa,https://cdn.adidssd7.workers.dev/?id=thumb-cdn77.xvideos-cdn.com/3d971e0f-e8e6-4b17-a552-17b5535dfdc1/0/xv_7_t.jpg,Kami menyajikan konten paling populer yang wajib Anda tonton hari ini.,kbevuhh85f7,DB9TQK
bnmf2u-akhirnya-creampied-ke-yang-lebih-tua-dan-kemudian-memasukkan-penisku-ke-y-hfcfpum1842,[BNMF2U] Akhirnya creampied ke yang lebih tua dan kemudian memasukkan penisku ke y.,https://cdn.adidssd7.workers.dev/?id=thumb-cdn77.xvideos-cdn.com/e1fb7755-c7c0-4ef6-82a8-ae6b45022b47/0/xv_24_t.jpg,Tonton video berkualitas tinggi ini sekarang juga hanya di sini.,hfcfpum1842,BNMF2U
45ylvj-pertama-kali-cewek-asia-creampied-oleh-pria-jepang-kpktvfhdf50,[45YLVJ] Pertama kali cewek Asia creampied oleh pria Jepang,https://cdn.adidssd7.workers.dev/?id=thumb-cdn77.xvideos-cdn.com/7ed5aba6-bcc8-48ef-adbc-fa1d6f163018/0/xv_21_t.jpg,Temukan berbagai kategori menarik dalam video pilihan kami.,kpktvfhdf50,45YLVJ
n7kahf-yang-terakhir-adalah-creampie-ke-dalam-vaginanya-iihhfim7534,[N7KAHF] Yang terakhir adalah creampie ke dalam vaginanya,https://cdn.adidssd7.workers.dev/?id=thumb-cdn77.xvideos-cdn.com/18bef46d-e832-46c2-a2a2-cd13047128a6/0/xv_19_t.jpg,Koleksi lengkap video pilihan dengan durasi yang pas untuk Anda.,iihhfim7534,N7KAHF
scj5g8-dia-menjadi-kacau-sekali-ya----gadis-gadis-thailand-jadi-liar-hckdaum7c9f,[SCJ5G8] Dia menjadi kacau sekali ya -- Gadis-gadis Thailand jadi liar,https://cdn.adidssd7.workers.dev/?id=thumbs-gcore.xvideos-cdn.com/ea79084e-36a5-42b0-8814-68047b17f9b9/0/xv_25_t.jpg,Temukan koleksi video eksklusif terbaru hanya untuk Anda hari ini.,hckdaum7c9f,SCJ5G8
pwrtcy-adriana-chechik-menyemprotkan-ayam-palsu-lyra-law-hblektf1246,[PWRTCY] Adriana Chechik menyemprotkan ayam palsu Lyra Law,https://cdn.adidssd7.workers.dev/?id=thumb-cdn77.xvideos-cdn.com/911b0757-a20f-49df-b4a1-fb39fde6f4e7/0/xv_24_t.jpg,Konten terbaru yang sedang viral dan banyak dicari saat ini.,hblektf1246,PWRTCY
nyhqp7-ep-hcvcp0162-hckdpff97a7,[NYHQP7] ep-HCVCP0162,https://cdn.adidssd7.workers.dev/?id=thumb-cdn77.xvideos-cdn.com/d4021e98-64e7-484e-a3d2-e49bc9ba98a0/0/xv_11_t.jpg,Konten terbaru yang sedang viral dan banyak dicari saat ini.,hckdpff97a7,NYHQP7
be5vwx-dagfs---lesbian-remaja-berantakan-bersenang-senang-di-kolam-kosong-peudtm2a57,[BE5VWX] Dagfs - Lesbian Remaja Berantakan Bersenang-Senang Di Kolam Kosong,https://cdn.adidssd7.workers.dev/?id=thumb-cdn77.xvideos-cdn.com/c50da435-8ec9-43d9-98eb-5ef0ad717934/0/xv_17_t.jpg,Temukan berbagai kategori menarik dalam video pilihan kami.,peudtm2a57,BE5VWX
4bav5x-asia-sayang-sialan-di-bak-mandi-kitkfh1598,[4BAV5X] Asia sayang sialan di bak mandi,https://cdn.adidssd7.workers.dev/?id=thumb-cdn77.xvideos-cdn.com/123744aa-cc19-4d46-b221-e2198352e037/0/xv_17_t.jpg,Koleksi lengkap video pilihan dengan durasi yang pas untuk Anda.,kitkfh1598,4BAV5X
y2k7x8-girls-rimming---hot-babes-rimming-guys---sarapan-di-tempat-tidur-hdmdumod53c,[Y2K7X8] Girls Rimming - Hot Babes Rimming Guys - Sarapan di Tempat Tidur,https://cdn.adidssd7.workers.dev/?id=thumb-cdn77.xvideos-cdn.com/2500c9b8-e048-41a1-9102-336c20d793c1/0/xv_20_t.jpg,Nikmati momen terbaik dengan koleksi video trending kami.,hdmdumod53c,Y2K7X8
vsbmhz-ep-hcvcp0161-hckdpek7af9,[VSBMHZ] ep-HCVCP0161,https://cdn.adidssd7.workers.dev/?id=thumb-cdn77.xvideos-cdn.com/124c2374-a3e1-4362-9825-7059d7f4031f/0/xv_17_t.jpg,Temukan koleksi video eksklusif terbaru hanya untuk Anda hari ini.,hckdpek7af9,VSBMHZ
zsr6xc-duo-amatir-kayu-hitam-payudara-yang-bagus-mengisap-dan-bercinta-dengan-dong-putih-di-sofa-iudtcdoa194,[ZSR6XC] Duo amatir kayu hitam payudara yang bagus mengisap dan bercinta dengan dong putih di sofa,https://cdn.adidssd7.workers.dev/?id=thumb-cdn77.xvideos-cdn.com/755d0e6f-01df-49c6-98c0-6f60ee023b9d/0/xv_30_t.jpg,Kami menyajikan konten paling populer yang wajib Anda tonton hari ini.,iudtcdoa194,ZSR6XC
rsp2jm-remaja-kulit-hitam-dengan-payudara-gagah-dihantam-di-tempat-tidur-oleh-pejantan-kulit-putih-berpengalaman-iolvaea7b34,[RSP2JM] Remaja kulit hitam dengan payudara gagah dihantam di tempat tidur oleh pejantan kulit putih berpengalaman,https://cdn.adidssd7.workers.dev/?id=thumb-cdn77.xvideos-cdn.com/8d6fd9ab-e092-4efd-8669-d413723e9962/0/xv_18_t.jpg,Jangan lewatkan video menarik yang kami perbarui setiap harinya.,iolvaea7b34,RSP2JM
4a3z8j-dua-amatir-kayu-eboni-sayang-sialan-keras-putih-dong-di-tempat-tidur-iollpcp1aed,[4A3Z8J] Dua amatir kayu eboni sayang sialan keras putih dong di tempat tidur,https://cdn.adidssd7.workers.dev/?id=thumb-cdn77.xvideos-cdn.com/5ce88727-91ef-4024-9a5c-95cc5920eca9/0/xv_6_t.jpg,Video yang sedang banyak dibicarakan oleh komunitas saat ini.,iollpcp1aed,4A3Z8J
nwb7pv-cewek-eboni-amatir-menyebalkan-dan-meniduri-dong-putih-basah-yang-berair-di-tempat-tidur-iollobudddc,[NWB7PV] Cewek eboni amatir menyebalkan dan meniduri dong putih basah yang berair di tempat tidur,https://cdn.adidssd7.workers.dev/?id=thumb-cdn77.xvideos-cdn.com/b6c16fcb-8ccd-4280-83e5-7465aca4800f/0/xv_29_t.jpg,Nikmati momen terbaik dengan koleksi video trending kami.,iollobudddc,NWB7PV
bnr935-pantat-besar-kayu-eboni-dengan-payudara-yang-bagus-rasanya-ayam-putih-yang-keras-iudhoto13b8,[BNR935] Pantat besar kayu eboni dengan payudara yang bagus rasanya ayam putih yang keras,https://cdn.adidssd7.workers.dev/?id=thumb-cdn77.xvideos-cdn.com/465ed78c-669d-4a43-80ba-a26ce71f599b/0/xv_13_t.jpg,Video pilihan kualitas terbaik yang kami kurasi khusus untuk pengalaman menonton Anda.,iudhoto13b8,BNR935
qy5vnh-wanita-kulit-hitam-yang-berair-berhubungan-seks-dengan-pria-kulit-putih-iolvkha99a0,[QY5VNH] Wanita kulit hitam yang berair berhubungan seks dengan pria kulit putih,https://cdn.adidssd7.workers.dev/?id=thumb-cdn77.xvideos-cdn.com/f83bc9dc-964b-44ce-b7c6-fae440994e7f/0/xv_7_t.jpg,Video yang sedang banyak dibicarakan oleh komunitas saat ini.,iolvkha99a0,QY5VNH
5a7qrz-gadis-kulit-hitam-ramping-memakan-vaginanya-sementara-dia-menghisap-alat-pria-kulit-putih-iolvcma8fa2,[5A7QRZ] Gadis kulit hitam ramping memakan vaginanya sementara dia menghisap alat pria kulit putih,https://cdn.adidssd7.workers.dev/?id=thumbs-gcore.xvideos-cdn.com/825c208f-b6e0-408c-bee8-b2b86c6cfab0/0/xv_28_t.jpg,Konten terbaru yang sedang viral dan banyak dicari saat ini.,iolvcma8fa2,5A7QRZ
tb9sj4-angie-anabel-dan-alicia-di-dalam-van-kludpakb978,[TB9SJ4] Angie Anabel dan Alicia di dalam van,https://cdn.adidssd7.workers.dev/?id=thumbs-gcore.xvideos-cdn.com/71259aa8-afe6-4411-bdcf-46fb9962a3e1/0/xv_10_t.jpg,Tonton video berkualitas tinggi ini sekarang juga hanya di sini.,kludpakb978,TB9SJ4
l8b3g7-ben-dovers-bertemu-jessie-dan-layla-untuk-pelatihan-anal-iokuhdha5f3,[L8B3G7] Ben Dovers bertemu Jessie dan Layla untuk pelatihan anal,https://cdn.adidssd7.workers.dev/?id=thumb-cdn77.xvideos-cdn.com/30414205-895f-415c-b271-1e82ca8eeea9/0/xv_30_t.jpg,Koleksi lengkap video pilihan dengan durasi yang pas untuk Anda.,iokuhdha5f3,L8B3G7
2r9zpk-swingers-berbagi-istri-dengan-dp-dan-seks-anal-hdfmkbd11be,[2R9ZPK] Swingers berbagi istri dengan dp dan seks anal,https://cdn.adidssd7.workers.dev/?id=thumbs-gcore.xvideos-cdn.com/87b55cfe-a46a-4c92-a3ca-b04bd6f7abc1/0/xv_21_t.jpg,Jangan lewatkan video menarik yang kami perbarui setiap harinya.,hdfmkbd11be,2R9ZPK
83yxpc-kompilasi-klip-seks-anal-inggris-pbmboe7e8d,[83YXPC] Kompilasi klip seks anal Inggris,https://cdn.adidssd7.workers.dev/?id=thumb-cdn77.xvideos-cdn.com/c85ec1a0-3614-46c1-9b8d-25c869ff772d/0/xv_3_t.jpg,Temukan berbagai kategori menarik dalam video pilihan kami.,pbmboe7e8d,83YXPC
pc8ayw-kompilasi-anal-sialan-pertama-kali-iofkleh722a,[PC8AYW] Kompilasi anal sialan pertama kali,https://cdn.adidssd7.workers.dev/?id=thumb-cdn77.xvideos-cdn.com/a36c17c4-9392-4b0a-90c7-f3e8b659e15b/0/xv_11_t.jpg,Video pilihan kualitas terbaik yang kami kurasi khusus untuk pengalaman menonton Anda.,iofkleh722a,PC8AYW
exw76y-dia-berkendara-sangat-baik-hingga-dia-hampir-masuk-ke-dalam-dia-ouvtfam841b,[EXW76Y] Dia Berkendara SANGAT BAIK hingga dia hampir masuk ke DALAM DIA!,https://cdn.adidssd7.workers.dev/?id=thumb-cdn77.xvideos-cdn.com/a509543b-1883-4546-aa62-f8c317e98236/3/xv_23_t.jpg,Temukan berbagai kategori menarik dalam video pilihan kami.,ouvtfam841b,EXW76Y
a8p2ne-tubuh-gila-sosok-kaca-jam-yang-ideal-oumiaku806b,[A8P2NE] Tubuh GILA Sosok kaca jam yang ideal!,https://cdn.adidssd7.workers.dev/?id=thumb-cdn77.xvideos-cdn.com/facecb23-d501-4096-a19c-b3e56b98a87f/3/xv_24_t.jpg,Tonton video berkualitas tinggi ini sekarang juga hanya di sini.,oumiaku806b,A8P2NE
6hukac-pirang-panas-terangsang-masuk-ke-audisi-yang-tepat-kelmfavac9b,[6HUKAC] Pirang panas terangsang masuk ke AUDISI YANG TEPAT!,https://cdn.adidssd7.workers.dev/?id=thumbs-gcore.xvideos-cdn.com/fbaa108a-3309-4e83-91df-ef8ada5f6e8f/0/xv_25_t.jpg,Temukan berbagai kategori menarik dalam video pilihan kami.,kelmfavac9b,6HUKAC
w2r6pu-3-sahabat---1-audisi-athvchcf34,[W2R6PU] 3 sahabat - 1 audisi,https://cdn.adidssd7.workers.dev/?id=thumb-cdn77.xvideos-cdn.com/5f0a98fd-72ea-4fbc-8f45-b74f0e64cb30/0/xv_3_t.jpg,Koleksi lengkap video pilihan dengan durasi yang pas untuk Anda.,athvchcf34,W2R6PU
at7vbk-3-si-rambut-merah-dan-satu-orang-beruntung-illeatb9df7,[AT7VBK] 3 Si Rambut Merah dan Satu Orang Beruntung,https://cdn.adidssd7.workers.dev/?id=thumb-cdn77.xvideos-cdn.com/34d25d2c-ec63-47ea-8673-e431b6a8ea02/0/xv_7_t.jpg,Jangan lewatkan video menarik yang kami perbarui setiap harinya.,illeatb9df7,AT7VBK
zgpxfe-victoria-casting-sofa---netvideogirls-khcfpt664e,[ZGPXFE] Victoria Casting Sofa - netvideogirls,https://cdn.adidssd7.workers.dev/?id=thumb-cdn77.xvideos-cdn.com/efefee18-6ca8-4769-9d01-83effdba95a1/0/xv_9_t.jpg,Konten terbaru yang sedang viral dan banyak dicari saat ini.,khcfpt664e,ZGPXFE
wtd7gl-pare-di-mare-hlbttpof416,[WTD7GL] Pare di Mare,https://cdn.adidssd7.workers.dev/?id=thumb-cdn77.xvideos-cdn.com/700483a8-dc8a-498f-a631-e801d78cadc1/0/xv_6_t.jpg,Video pilihan kualitas terbaik yang kami kurasi khusus untuk pengalaman menonton Anda.,hlbttpof416,WTD7GL
fpnq2v-janda-gatel-kkmuik6e6e,[FPNQ2V] Janda Gatel,https://cdn.adidssd7.workers.dev/?id=thumb-cdn77.xvideos-cdn.com/b308cb07-1d25-43a3-bbdc-57cb206c99e8/0/xv_5_t.jpg,Koleksi lengkap video pilihan dengan durasi yang pas untuk Anda.,kkmuik6e6e,FPNQ2V
uprmjv-virgin-hunting-tanpa-tulang-oleh-wanita-dewasa-cantik-dengan-tubuh-ramping-dibintangi-sayoko-machimura-2-uokkulbd339,[UPRMJV] Virgin Hunting ~Tanpa Tulang Oleh Wanita Dewasa Cantik Dengan Tubuh Ramping~ Dibintangi Sayoko Machimura 2,https://cdn.adidssd7.workers.dev/?id=thumb-cdn77.xvideos-cdn.com/6c30c589-ed51-4342-84b2-6ea5a9fb082e/0/xv_28_t.jpg,Koleksi lengkap video pilihan dengan durasi yang pas untuk Anda.,uokkulbd339,UPRMJV
y4vdj6-saya-nakal-bermain-dengan-ol-wanita-dewasa-cantik-yang-datang-untuk-menangani-keluhan---reina-1-kebtmomb004,[Y4VDJ6] Saya nakal bermain dengan OL wanita dewasa cantik yang datang untuk menangani keluhan --Reina 1,https://cdn.adidssd7.workers.dev/?id=thumb-cdn77.xvideos-cdn.com/ab1d381a-5b89-4d1b-9005-d81c22c794f6/0/xv_28_t.jpg,Konten terbaru yang sedang viral dan banyak dicari saat ini.,kebtmomb004,Y4VDJ6
94w6gs-bibijudysxxx---dewasa-milf-diana-tergoda-oleh-keponakan-tirinya-yang-terangsang-uovfadvbaa5,[94W6GS] BibiJudysXXX - Dewasa MILF Diana tergoda oleh Keponakan Tirinya yang Terangsang,https://cdn.adidssd7.workers.dev/?id=thumbs-gcore.xvideos-cdn.com/d47ecb12-6d39-4df0-ac95-5685d48ae551/0/xv_5_t.jpg,Konten terbaru yang sedang viral dan banyak dicari saat ini.,uovfadvbaa5,94W6GS
9tjdqz-janda-jepang-senang-kkfepboa96a,[9TJDQZ] Janda Jepang senang,https://cdn.adidssd7.workers.dev/?id=thumb-cdn77.xvideos-cdn.com/60271295-341e-40b2-ac25-d978a9e6099a/0/xv_10_t.jpg,Temukan berbagai kategori menarik dalam video pilihan kami.,kkfepboa96a,9TJDQZ
45hkvm-ibu-mertuaku-yang-cantik-kaori-takamatsu-kdlceibf5d6,[45HKVM] Ibu mertuaku yang cantik,https://cdn.adidssd7.workers.dev/?id=thumbs-gcore.xvideos-cdn.com/e3e0cf0b-d017-4984-8388-c4e309f43398/0/xv_17_t.jpg,Video yang sedang banyak dibicarakan oleh komunitas saat ini.,kdlceibf5d6,45HKVM
tkqgl7-sprd875-hukdcdm9c34,[TKQGL7] SPRD875,https://cdn.adidssd7.workers.dev/?id=thumb-cdn77.xvideos-cdn.com/61d5beca-cdfd-4437-a017-52d92449e1b3/0/xv_4_t.jpg,Kami menyajikan konten paling populer yang wajib Anda tonton hari ini.,hukdcdm9c34,TKQGL7
r6veg3-payudara-besar-wanita-jepang-dewasa-bercinta-hvmbipd467c,[R6VEG3] payudara besar wanita jepang dewasa bercinta,https://cdn.adidssd7.workers.dev/?id=thumbs-gcore.xvideos-cdn.com/cab667f2-d7d6-42b4-9a0f-0a4c96061450/0/xv_26_t.jpg,Koleksi lengkap video pilihan dengan durasi yang pas untuk Anda.,hvmbipd467c,R6VEG3
avxcjs-mainkan-ibu-tiri-muda-ikpkoid4c13,[AVXCJS] Mainkan Ibu Tiri Muda,https://cdn.adidssd7.workers.dev/?id=thumb-cdn77.xvideos-cdn.com/83dfd9eb-439d-4195-b49c-7bf6ebe8ca0f/0/xv_4_t.jpg,Jangan lewatkan video menarik yang kami perbarui setiap harinya.,ikpkoid4c13,AVXCJS
dstnk8-b7-hoduidkedcf,[DSTNK8] b7,https://cdn.adidssd7.workers.dev/?id=thumb-cdn77.xvideos-cdn.com/adc59a3e-dfba-402f-aa5b-e083a453c642/0/xv_3_t.jpg,Jangan lewatkan video menarik yang kami perbarui setiap harinya.,hoduidkedcf,DSTNK8
7jwx6t-milf-ibu-dewasa-berambut-cokelat-asia-membuat-vaginanya-yang-berbulu-diisi-oleh-anak-tirinya-boifph0d87,[7JWX6T] MILF Ibu Dewasa berambut cokelat Asia membuat vaginanya yang berbulu diisi oleh anak tirinya,https://cdn.adidssd7.workers.dev/?id=thumb-cdn77.xvideos-cdn.com/8e6908d6-7754-4cc0-93d7-b83ee816f211/0/xv_5_t.jpg,Video yang sedang banyak dibicarakan oleh komunitas saat ini.,boifph0d87,7JWX6T
n3jsvr-perburuan-perawan-3000-wanita-dewasa-menebas-iuctcihef85,[N3JSVR] Perburuan Perawan ~ 3000 Wanita Dewasa Menebas ~,https://cdn.adidssd7.workers.dev/?id=thumb-cdn77.xvideos-cdn.com/ee9f508a-6431-4bf2-832a-777bd4103898/0/xv_1_t.jpg,Nikmati momen terbaik dengan koleksi video trending kami.,iuctcihef85,N3JSVR
vftzcx-invasi-penglihatan-ipiibtm8b14,[VFTZCX] Invasi penglihatan! ,https://cdn.adidssd7.workers.dev/?id=thumb-cdn77.xvideos-cdn.com/37df0666-b7ed-4757-83e4-7b149873957a/0/xv_6_t.jpg,Jangan lewatkan video menarik yang kami perbarui setiap harinya.,ipiibtm8b14,VFTZCX
vq5nse-anak-tiri-dari-pasangan-menikah-kembali-adalah-gadis-tak-berdaya-dan-alasannya-runtuh-di-hari-pertama-hidup-bersama-kdhlcik71fa,[VQ5NSE] Anak Tiri dari Pasangan Menikah Kembali Adalah Gadis Tak Berdaya dan Alasannya Runtuh Di Hari Pertama Hidup Bersama! ,https://cdn.adidssd7.workers.dev/?id=thumb-cdn77.xvideos-cdn.com/b53a600f-cc7b-4638-b770-5a97a31cc0be/0/xv_12_t.jpg,Tonton video berkualitas tinggi ini sekarang juga hanya di sini.,kdhlcik71fa,VQ5NSE
c3rtjv-yoko-yang-ditekan-nakal-mengambil-ayam-itu-dengan-baik-kdhfblm80d8,[C3RTJV] Yoko yang ditekan nakal mengambil ayam itu dengan baik,https://cdn.adidssd7.workers.dev/?id=thumb-cdn77.xvideos-cdn.com/dcf903bd-febf-476a-9c55-433ac2f978f3/0/xv_8_t.jpg,Video yang sedang banyak dibicarakan oleh komunitas saat ini.,kdhfblm80d8,C3RTJV
mr3czg-manis-jepang-yang-mempesona-menikmati-hentakan-keras-leleklc9c3,[MR3CZG] Manis Jepang yang mempesona menikmati hentakan keras,https://cdn.adidssd7.workers.dev/?id=thumb-cdn77.xvideos-cdn.com/655e9884-c0d6-4638-adf8-35f3c28165aa/0/xv_1_t.jpg,Video pilihan kualitas terbaik yang kami kurasi khusus untuk pengalaman menonton Anda.,leleklc9c3,MR3CZG
ktygvr-jepang-milf-menunjukkan-kutu-buku-bagaimana-cara-bercinta-hdtomvv1829,[KTYGVR] Jepang milf menunjukkan kutu buku bagaimana cara bercinta,https://cdn.adidssd7.workers.dev/?id=thumb-cdn77.xvideos-cdn.com/eb7fe4a1-38b2-4070-8342-31a84640ef93/0/xv_7_t.jpg,Video pilihan kualitas terbaik yang kami kurasi khusus untuk pengalaman menonton Anda.,hdtomvv1829,KTYGVR
7qxgh3-pacar-busty-creampie-vcvphk6497,[7QXGH3] Pacar busty creampie,https://cdn.adidssd7.workers.dev/?id=thumb-cdn77.xvideos-cdn.com/05128930-5269-4972-8df2-f32ea6362462/0/xv_3_t.jpg,Koleksi lengkap video pilihan dengan durasi yang pas untuk Anda.,vcvphk6497,7QXGH3
6294r7-perjalanan-perselingkuhan-dengan-orang-itu-untuk-pertama-kalinya-di-tahun-2-ipmdmaf0655,[6294R7] Perjalanan perselingkuhan dengan orang itu untuk pertama kalinya di tahun 2,https://cdn.adidssd7.workers.dev/?id=thumb-cdn77.xvideos-cdn.com/6f977c86-07b1-4260-abd6-da9e68838a40/0/xv_29_t.jpg,Jangan lewatkan video menarik yang kami perbarui setiap harinya.,ipmdmaf0655,6294R7
vwakze-sajikan-dengan-sepenuh-hati-susu-slime-2-kokfkikf1fc,[VWAKZE] Sajikan dengan sepenuh hati Susu slime 2,https://cdn.adidssd7.workers.dev/?id=thumb-cdn77.xvideos-cdn.com/955a89a3-c949-4560-b1d3-c01b1e53a1f2/0/xv_27_t.jpg,Video pilihan kualitas terbaik yang kami kurasi khusus untuk pengalaman menonton Anda.,kokfkikf1fc,VWAKZE
mvkl4d-ereksi-cantik-menjaga-bisnis-bantal-silakan-masukkan-yang-tebal-2-iphihdhc34f,[MVKL4D] Ereksi cantik menjaga bisnis bantal-Silakan masukkan yang tebal-2,https://cdn.adidssd7.workers.dev/?id=thumb-cdn77.xvideos-cdn.com/36f632b4-39cb-415c-9ca6-93567cb96865/0/xv_12_t.jpg,Jangan lewatkan video menarik yang kami perbarui setiap harinya.,iphihdhc34f,MVKL4D
gt5hpk-gadis-gemuk-laura-lu-lapar-untuk-ayam-itfahik6e42,[GT5HPK] Gadis Gemuk Laura Lu Lapar Untuk Ayam,https://cdn.adidssd7.workers.dev/?id=thumbs-gcore.xvideos-cdn.com/2f0741fc-8b5e-46a4-8eae-b7369523b731/0/xv_1_t.jpg,Kami menyajikan konten paling populer yang wajib Anda tonton hari ini.,itfahik6e42,GT5HPK
n4ez9j-123456-txt-hipleld6e0c,[N4EZ9J] 123456.txt,https://cdn.adidssd7.workers.dev/?id=thumb-cdn77.xvideos-cdn.com/19453614-d8d2-4c99-bb9c-f03f33793662/0/xv_22_t.jpg,Kami menyajikan konten paling populer yang wajib Anda tonton hari ini.,hipleld6e0c,N4EZ9J
tfrha3-remaja-celana-dalam-jepang-yang-pemalu-uhohiuoe052,[TFRHA3] remaja celana dalam jepang yang pemalu,https://cdn.adidssd7.workers.dev/?id=thumb-cdn77.xvideos-cdn.com/3ca236d7-1726-4619-b3b0-01b39d9803da/0/xv_16_t.jpg,Tonton video berkualitas tinggi ini sekarang juga hanya di sini.,uhohiuoe052,TFRHA3
lxtew7-casting-porno-jepang---hitachi-kbilhkd6798,[LXTEW7] casting porno jepang - hitachi,https://cdn.adidssd7.workers.dev/?id=thumb-cdn77.xvideos-cdn.com/de967b6a-b34f-41a3-8a8e-3cc83ef81923/0/xv_22_t.jpg,Kami menyajikan konten paling populer yang wajib Anda tonton hari ini.,kbilhkd6798,LXTEW7
fb7jhk-ibu-mertuaku-yang-menduda-rieko-hiraoka-kddmvfd8296,[FB7JHK] Ibu Mertuaku yang Menduda: Rieko Hiraoka,https://cdn.adidssd7.workers.dev/?id=thumb-cdn77.xvideos-cdn.com/e09e9c34-ed93-4a6a-a92b-da101ea41dee/0/xv_28_t.jpg,Nikmati momen terbaik dengan koleksi video trending kami.,kddmvfd8296,FB7JHK
s4ra7k-milf-dari-jepang-creampie-kbkheko2e89,[S4RA7K] MILF dari jepang creampie,https://cdn.adidssd7.workers.dev/?id=thumb-cdn77.xvideos-cdn.com/08924070-190b-42ba-b28a-c6b7011b4cd1/0/xv_6_t.jpg,Temukan berbagai kategori menarik dalam video pilihan kami.,kbkheko2e89,S4RA7K
3ae8cb-menakjubkan-threesome-dengan-amatir-jepang-oovuuiie69e,[3AE8CB] Menakjubkan Threesome Dengan Amatir Jepang,https://cdn.adidssd7.workers.dev/?id=thumb-cdn77.xvideos-cdn.com/35a44c10-74ad-425c-84f9-9c7ba0c5722e/3/xv_21_t.jpg,Nikmati momen terbaik dengan koleksi video trending kami.,oovuuiie69e,3AE8CB
rwkaxd-dewasa-jepang-amatir-dari-tokyo-dalam-video-pribadi-pertamanya-kfvpmmv92b6,[RWKAXD] Dewasa Jepang Amatir Dari Tokyo Dalam Video Pribadi Pertamanya,https://cdn.adidssd7.workers.dev/?id=thumb-cdn77.xvideos-cdn.com/120490bd-bb29-406b-ba47-464a677183e4/0/xv_25_t.jpg,Video pilihan kualitas terbaik yang kami kurasi khusus untuk pengalaman menonton Anda.,kfvpmmv92b6,RWKAXD
8kjc95-langkah-jepang-di-apartemennya-kfvpock9677,[8KJC95] Langkah Jepang Di Apartemennya!,https://cdn.adidssd7.workers.dev/?id=thumb-cdn77.xvideos-cdn.com/fb2dc20c-f482-4f3f-a303-dc2d70e4eb13/0/xv_23_t.jpg,Temukan berbagai kategori menarik dalam video pilihan kami.,kfvpock9677,8KJC95
vadp3t-menit-terakhir-dengan-ibu-tiriku-yang-mengizinkanku-memasukkan-hingga-ujung-rui-ayukawa-kmcaetf0491,[VADP3T] Menit terakhirÃ£dengan ibu tiriku yang mengizinkanku memasukkan hingga ujung Rui Ayukawa,https://cdn.adidssd7.workers.dev/?id=thumb-cdn77.xvideos-cdn.com/ff731ad9-c909-415d-8277-9527e746e220/0/xv_22_t.jpg,Nikmati momen terbaik dengan koleksi video trending kami.,kmcaetf0491,VADP3T
263zht-busty-chubby-dewasa-melakukan-deepthroat-terbaik-yang-pernah-anda-lihat-kofmvdh1421,[263ZHT] BUSTY CHUBBY DEWASA melakukan deepthroat terbaik yang pernah Anda lihat,https://cdn.adidssd7.workers.dev/?id=thumb-cdn77.xvideos-cdn.com/bf60f3de-94d0-4c2c-ab50-e404fc1f7082/0/xv_15_t.jpg,Video pilihan kualitas terbaik yang kami kurasi khusus untuk pengalaman menonton Anda.,kofmvdh1421,263ZHT
5tysfj-istri-tetangga-yang-rumahnya-terbakar-aku-disetubuhi-istri-ceroboh-yang-diusir-dari-rumahnya-setelah-selingkuhnya-ketahuan-dan-dia-tidak-membiarkan-aku-tidur-hingga-air-maninya-kehabisan-selama-3-hari-3-malam-yukari-orihara-uudhbuc429a,[5TYSFJ] Istri Tetangga Yang Rumahnya Terbakar ~Aku Disetubuhi Istri Ceroboh Yang Diusir Dari Rumahnya Setelah Selingkuhnya Ketahuan Dan Dia Tidak Membiarkan Aku Tidur Hingga Air Maninya Kehabisan Selama 3 Hari 3 Malam~ Yukari Orihara,https://cdn.adidssd7.workers.dev/?id=thumb-cdn77.xvideos-cdn.com/6203c4d6-7f8b-4b18-a66c-e4dd26ad9dd1/0/xv_15_t.jpg,Temukan koleksi video eksklusif terbaru hanya untuk Anda hari ini.,uudhbuc429a,5TYSFJ
hdmua4-h-cup-50-sesuatu-yang-terangsang-untuk-ayam-besar-putranya-setelah-mendapatkan-pijat-minyak-rui-ayukawa-klatddke080,[HDMUA4] H-Cup 50-Sesuatu yang Terangsang Untuk Ayam Besar Putranya Setelah Mendapatkan Pijat Minyak Rui Ayukawa,https://cdn.adidssd7.workers.dev/?id=thumb-cdn77.xvideos-cdn.com/ee3b2666-f320-4670-b050-2f296f93e8ad/0/xv_7_t.jpg,Temukan berbagai kategori menarik dalam video pilihan kami.,klatddke080,HDMUA4
akrslj-sialan-pembantu-bagian-2-ivueioh1111,[AKRSLJ] Sialan pembantu bagian 2,https://cdn.adidssd7.workers.dev/?id=thumb-cdn77.xvideos-cdn.com/7f314181-e1a0-470f-91d3-f9d9824af9d0/0/xv_14_t.jpg,Konten terbaru yang sedang viral dan banyak dicari saat ini.,ivueioh1111,AKRSLJ
h5ykrl-bercinta-dengan-pembantu-bagian-4-ivotmto292d,[H5YKRL] Bercinta dengan pembantu bagian 4,https://cdn.adidssd7.workers.dev/?id=thumb-cdn77.xvideos-cdn.com/0ccac03e-86bd-43b4-805c-e4490b0a5d0f/0/xv_29_t.jpg,Jangan lewatkan video menarik yang kami perbarui setiap harinya.,ivotmto292d,H5YKRL
ye43nw-payudara-besar-di-jepang-amatir-rio---cocksucking-vagina-fingering-doggy-style-vagina-menjilati-keras-sialan-di-hotel-dengan-bayi-ini-dengan-payudara-besar---harus-melihat-pt3-kfditkffc06,[YE43NW] Payudara besar di Jepang Amatir Rio - Cocksucking vagina fingering doggy style vagina menjilati keras sialan di hotel dengan bayi ini dengan PAYUDARA BESAR - HARUS MELIHAT pt3,https://cdn.adidssd7.workers.dev/?id=thumb-cdn77.xvideos-cdn.com/db992f3b-ba3c-4982-821f-248a690991d2/0/xv_24_t.jpg,Video yang sedang banyak dibicarakan oleh komunitas saat ini.,kfditkffc06,YE43NW
xgvwt4-wanita-dewasa-jepang-jun-shiramine-berhubungan-seks-dengan-pacarnya-oufbebhd141,[XGVWT4] Wanita dewasa Jepang Jun Shiramine berhubungan seks dengan pacarnya.,https://cdn.adidssd7.workers.dev/?id=thumb-cdn77.xvideos-cdn.com/3f6c03f1-1c2a-4579-a8c4-82db14f57122/3/xv_22_t.jpg,Koleksi lengkap video pilihan dengan durasi yang pas untuk Anda.,oufbebhd141,XGVWT4
8nc9qx-milf-amatir-jepang-gemuk-uhoudbo33f6,[8NC9QX] milf amatir jepang gemuk,https://cdn.adidssd7.workers.dev/?id=thumb-cdn77.xvideos-cdn.com/da6857d1-ff25-4421-8940-fdbd1232a654/0/xv_22_t.jpg,Video yang sedang banyak dibicarakan oleh komunitas saat ini.,uhoudbo33f6,8NC9QX
sr3nbh-aku-tidak-bisa-menolak-ayam-hitam-besar-yang-bagus-hppdclue139,[SR3NBH] Aku tidak bisa menolak ayam hitam besar yang bagus,https://cdn.adidssd7.workers.dev/?id=thumb-cdn77.xvideos-cdn.com/3edf36bc-ecb6-4bcc-9898-e756c5eac630/0/xv_25_t.jpg,Konten terbaru yang sedang viral dan banyak dicari saat ini.,hppdclue139,SR3NBH
pxg9ul-tanduk-membersihkan-vagina-istri-2-lebklu2a79,[PXG9UL] Tanduk membersihkan vagina istri 2,https://cdn.adidssd7.workers.dev/?id=thumb-cdn77.xvideos-cdn.com/33020c57-afe3-491f-9da4-d37ee65be305/0/xv_8_t.jpg,Tonton video berkualitas tinggi ini sekarang juga hanya di sini.,lebklu2a79,PXG9UL
b6v2h7-suami-yang-istrinya-tidak-setia-makan-air-mani-dengan-kekasih-istrinya-hukdoah0167,[B6V2H7] Suami yang istrinya tidak setia makan air mani dengan kekasih istrinya,https://cdn.adidssd7.workers.dev/?id=thumb-cdn77.xvideos-cdn.com/fc071025-ae36-43e6-aff9-e06d26c3d64d/0/xv_20_t.jpg,Kami menyajikan konten paling populer yang wajib Anda tonton hari ini.,hukdoah0167,B6V2H7
5uxgmd-suami-suami-yg-istrinya-tdk-setia-masuk-ke-istri-anak-tirinya-bercinta-dengan-pemain-sepak-bola-kulit-hitam-opvhfbia535,[5UXGMD] Suami Suami Yg Istrinya Tdk Setia Masuk Ke Istri & Anak Tirinya Bercinta Dengan Pemain Sepak Bola Kulit Hitam,https://cdn.adidssd7.workers.dev/?id=thumb-cdn77.xvideos-cdn.com/23d43bf3-bc07-4444-a2ac-4e2dd793bfbf/5/xv_9_t.jpg,Koleksi lengkap video pilihan dengan durasi yang pas untuk Anda.,opvhfbia535,5UXGMD
wmuta8-taboo-panas---ibu-tiri-izinkan-saya-mencoba-anal-dengannya-saat-gf-saya-membatalkan-saya-opkpbiu4262,[WMUTA8] TABOO PANAS - Ibu Tiri Izinkan Saya Mencoba Anal Dengannya Saat GF Saya Membatalkan Saya,https://cdn.adidssd7.workers.dev/?id=thumb-cdn77.xvideos-cdn.com/f0451cb0-d5ef-4803-8f9a-d73e98f3a2eb/4/xv_10_t.jpg,Kami menyajikan konten paling populer yang wajib Anda tonton hari ini.,opkpbiu4262,WMUTA8
mux3vf-taboo-heat---femdom-milf-cory-chase-mendominasi-pengacau-perguruan-tinggi-mungil-licik-ouatvuce5fb,[MUX3VF] TABOO HEAT - Femdom MILF CORY CHASE Mendominasi Pengacau Perguruan Tinggi Mungil & Licik,https://cdn.adidssd7.workers.dev/?id=thumbs-gcore.xvideos-cdn.com/91eb99f8-8c64-4ab7-8c17-e912551ddfe3/3/xv_8_t.jpg,Kami menyajikan konten paling populer yang wajib Anda tonton hari ini.,ouatvuce5fb,MUX3VF
aqerun-pawg-menikmati-seks-mandi-antar-ras-opliheuf484,[AQERUN] Pawg Menikmati Seks Mandi Antar Ras,https://cdn.adidssd7.workers.dev/?id=thumbs-gcore.xvideos-cdn.com/eb1c9637-cbb4-446d-b1e0-e1c05f63b925/5/xv_30_t.jpg,Konten terbaru yang sedang viral dan banyak dicari saat ini.,opliheuf484,AQERUN
r6h35g-cuck-berjalan-ke-horny-istri-seksi-gangbanged-di-semua-lubang-oleh-bbcs-ootccoh29c6,[R6H35G] Cuck Berjalan Ke Horny Istri Seksi Gangbanged Di Semua Lubang Oleh BBCs,https://cdn.adidssd7.workers.dev/?id=thumb-cdn77.xvideos-cdn.com/b0091412-1d81-48c1-bd28-e32392896846/3/xv_27_t.jpg,Tonton video berkualitas tinggi ini sekarang juga hanya di sini.,ootccoh29c6,R6H35G
3zfg5u-threesome-biseksual-baru-oodkfcl240a,[3ZFG5U] Threesome Biseksual baru. ,https://cdn.adidssd7.workers.dev/?id=thumb-cdn77.xvideos-cdn.com/921b92a5-71d5-4b33-bf9c-08e822f13b44/3/xv_30_t.jpg,Video yang sedang banyak dibicarakan oleh komunitas saat ini.,oodkfcl240a,3ZFG5U
n6g372-threesome-biseksual-baru-oodkfco39b9,[N6G372] Threesome Biseksual baru. ,https://cdn.adidssd7.workers.dev/?id=thumb-cdn77.xvideos-cdn.com/5fd319b8-cbb5-42db-821a-4f2483f4916a/3/xv_30_t.jpg,Koleksi lengkap video pilihan dengan durasi yang pas untuk Anda.,oodkfco39b9,N6G372
zf59st-sialan-saudara-tiriku-bbc-setelah-pacarku-meninggalkanku-terangsang---melanie-caceres-opipaau6e63,[ZF59ST] Sialan saudara tiriku BBC setelah pacarku meninggalkanku terangsang - Melanie Caceres,https://cdn.adidssd7.workers.dev/?id=thumbs-gcore.xvideos-cdn.com/25c2472a-b1a8-498d-af4e-c4f12da56b9d/4/xv_8_t.jpg,Koleksi lengkap video pilihan dengan durasi yang pas untuk Anda.,opipaau6e63,ZF59ST
6yw2uh-threesome-dengan-si-rambut-merah-dengan-pantat-yang-mengesankan-ukvbdmm5f1a,[6YW2UH] Threesome dengan si rambut merah dengan pantat yang mengesankan,https://cdn.adidssd7.workers.dev/?id=thumb-cdn77.xvideos-cdn.com/880bc8d2-9644-4c98-8578-6827696684d3/0/xv_15_t.jpg,Jangan lewatkan video menarik yang kami perbarui setiap harinya.,ukvbdmm5f1a,6YW2UH
9c25gb-istri-sialan-orang-asing-di-depan-suaminya-yang-cuckolding-uplcopkbe6c,[9C25GB] ISTRI SIALAN ORANG ASING di DEPAN SUAMINYA yang cuCKOLDING!!,https://cdn.adidssd7.workers.dev/?id=thumb-cdn77.xvideos-cdn.com/eb12c9d2-4e1e-424e-964f-3f08481f5c7a/0/xv_20_t.jpg,Konten terbaru yang sedang viral dan banyak dicari saat ini.,uplcopkbe6c,9C25GB
qr9fl2-seks-dapur-asia-ioutffc54,[QR9FL2] Seks Dapur Asia,https://cdn.adidssd7.workers.dev/?id=thumb-cdn77.xvideos-cdn.com/2ddba584-cb50-46ce-8a25-649751143779/0/xv_13_t.jpg,Konten terbaru yang sedang viral dan banyak dicari saat ini.,ioutffc54,QR9FL2
qrdjsv-perawan-anal-asia-3-icthme5e0,[QRDJSV] perawan anal Asia 3,https://cdn.adidssd7.workers.dev/?id=thumb-cdn77.xvideos-cdn.com/0a13187d-4f04-4792-84f4-42ec63da6294/0/xv_1_t.jpg,Tonton video berkualitas tinggi ini sekarang juga hanya di sini.,icthme5e0,QRDJSV
hnuqja-pelacur-asia-menjadi-liar-icome0d3e,[HNUQJA] Pelacur Asia Menjadi Liar,https://cdn.adidssd7.workers.dev/?id=thumb-cdn77.xvideos-cdn.com/8580e4d5-55e7-47a3-851a-c01ed8776ac1/0/xv_1_t.jpg,Konten terbaru yang sedang viral dan banyak dicari saat ini.,icome0d3e,HNUQJA
k6byg2-fantasi-3-icmdt608c,[K6BYG2] Fantasi 3,https://cdn.adidssd7.workers.dev/?id=thumb-cdn77.xvideos-cdn.com/007f7ac0-6064-4104-b19d-f2c0b32be05c/0/xv_22_t.jpg,Video yang sedang banyak dibicarakan oleh komunitas saat ini.,icmdt608c,K6BYG2
vja7bd-wanita-dengan-pelacur-payudara-besar-dan-tubuh-indah-vol-9-iuoeduf8160,[VJA7BD] Wanita dengan pelacur payudara besar dan tubuh indah Vol.9,https://cdn.adidssd7.workers.dev/?id=thumb-cdn77.xvideos-cdn.com/7f48d439-29d4-4790-aa30-404729f68c3d/0/xv_7_t.jpg,Video pilihan kualitas terbaik yang kami kurasi khusus untuk pengalaman menonton Anda.,iuoeduf8160,VJA7BD
lr6nfb-yuna-hoshizaki-seorang-gadis-payudara-besar-dengan-payudara-besar-yuni-katsuragi-ayana-rei-wanita-dengan-pelacur-payudara-besar-dan-tubuh-indah-2-iappipm8193,[LR6NFB] Yuna Hoshizaki Seorang Gadis Payudara Besar Dengan Payudara Besar Yuni Katsuragi Ayana Rei-Wanita Dengan Pelacur Payudara Besar Dan Tubuh Indah-2,https://cdn.adidssd7.workers.dev/?id=thumb-cdn77.xvideos-cdn.com/825fde09-26d4-4edf-9eb0-a7805af15528/0/xv_11_t.jpg,Kami menyajikan konten paling populer yang wajib Anda tonton hari ini.,iappipm8193,LR6NFB
bge2yj-tsubasa-aihara-memuaskan-suaminya-dengan-blowjob-jepang-yang-menyebabkan-sialan-vagina-intens-opuaucea800,[BGE2YJ] Tsubasa Aihara Memuaskan Suaminya Dengan Blowjob Jepang Yang Menyebabkan Sialan Vagina Intens,https://cdn.adidssd7.workers.dev/?id=thumb-cdn77.xvideos-cdn.com/c9e60539-08ae-47d1-95bb-51cccf560d92/5/xv_18_t.jpg,Konten terbaru yang sedang viral dan banyak dicari saat ini.,opuaucea800,BGE2YJ
qjs62m-langkah-muda-jepang-ibu-dan-anak-bercinta-fmbatef9e,[QJS62M] Langkah muda Jepang Ibu dan Anak bercinta,https://cdn.adidssd7.workers.dev/?id=thumb-cdn77.xvideos-cdn.com/820fa19a-1255-4e5b-9954-c7b3f6b4c616/0/xv_2_t.jpg,Kami menyajikan konten paling populer yang wajib Anda tonton hari ini.,fmbatef9e,QJS62M
rsa2wc-buah-dada-besar-muncrat-sialan-vdiuap87c4,[RSA2WC] Buah dada besar muncrat sialan,https://cdn.adidssd7.workers.dev/?id=thumb-cdn77.xvideos-cdn.com/f2e0b348-1727-41c1-a55d-81c063bf018b/0/xv_12_t.jpg,Koleksi lengkap video pilihan dengan durasi yang pas untuk Anda.,vdiuap87c4,RSA2WC
5dv8u2-ibu-tiri-jepang-menggoda-pacar-putrinya-ilolkhm37fe,[5DV8U2] ibu tiri jepang menggoda pacar putrinya,https://cdn.adidssd7.workers.dev/?id=thumb-cdn77.xvideos-cdn.com/3332ef25-5267-42ba-9f45-60467cf40a47/0/xv_2_t.jpg,Video yang sedang banyak dibicarakan oleh komunitas saat ini.,ilolkhm37fe,5DV8U2
6fewa5-seks-kelompok-keluarga-jav-hd-hohfikkc3ac,[6FEWA5] SEKS KELOMPOK KELUARGA JAV HD,https://cdn.adidssd7.workers.dev/?id=thumb-cdn77.xvideos-cdn.com/f8f13c01-1172-4136-afa4-726fc7c5063c/0/xv_22_t.jpg,Nikmati momen terbaik dengan koleksi video trending kami.,hohfikkc3ac,6FEWA5
mj3lxa-kereta-cinta-jepang-albeal4276,[MJ3LXA] Kereta Cinta Jepang,https://cdn.adidssd7.workers.dev/?id=thumb-cdn77.xvideos-cdn.com/76ef7445-ba08-4a5c-9ce4-c4ba071637af/0/xv_8_t.jpg,Temukan berbagai kategori menarik dalam video pilihan kami.,albeal4276,MJ3LXA
q46uby-ai-nashi-merasa-luar-biasa-dengan-ayam-di-kedua-lubangnya-hthvmvk06ec,[Q46UBY] Ai Nashi merasa luar biasa dengan ayam di kedua lubangnya,https://cdn.adidssd7.workers.dev/?id=thumb-cdn77.xvideos-cdn.com/d184fd74-c801-496e-ac01-1e2a487186c4/0/xv_27_t.jpg,Koleksi lengkap video pilihan dengan durasi yang pas untuk Anda.,hthvmvk06ec,Q46UBY
mjfwdz-tiga-orang-jepang-yang-luar-biasa-makkmhcdfb,[MJFWDZ] TIGA ORANG JEPANG YANG LUAR BIASA!!,https://cdn.adidssd7.workers.dev/?id=thumb-cdn77.xvideos-cdn.com/8e4ef53b-d14b-4742-9dea-1ac08cd26e18/0/xv_8_t.jpg,Konten terbaru yang sedang viral dan banyak dicari saat ini.,makkmhcdfb,MJFWDZ
srew8b-seks-kelompok-jepang-makkma2a28,[SREW8B] SEKS KELOMPOK JEPANG !!,https://cdn.adidssd7.workers.dev/?id=thumb-cdn77.xvideos-cdn.com/38e54d84-f937-4d90-bf62-e62b314d58e8/0/xv_6_t.jpg,Temukan berbagai kategori menarik dalam video pilihan kami.,makkma2a28,SREW8B
7b4n5v-50-orang-pesta-seks-di-aula-besar-yang-sangat-bising-hvlfiff6ee2,[7B4N5V] 50 orang pesta seks di aula besar yang sangat bising,https://cdn.adidssd7.workers.dev/?id=thumb-cdn77.xvideos-cdn.com/7c3176b4-604b-4a41-bdfd-9c72f544b67d/0/xv_12_t.jpg,Kami menyajikan konten paling populer yang wajib Anda tonton hari ini.,hvlfiff6ee2,7B4N5V
s4zwyv-pesta-jepang-panas-makkmk3a71,[S4ZWYV] PESTA JEPANG PANAS !!,https://cdn.adidssd7.workers.dev/?id=thumb-cdn77.xvideos-cdn.com/72902a7d-0067-4ee8-927d-afef6a7637e9/0/xv_23_t.jpg,Koleksi lengkap video pilihan dengan durasi yang pas untuk Anda.,makkmk3a71,S4ZWYV
qlszr6-remaja-tunawisma-asia-mendapat-kacau-di-threesome-hhaudchb0a5,[QLSZR6] Remaja tunawisma Asia mendapat kacau di threesome,https://cdn.adidssd7.workers.dev/?id=thumb-cdn77.xvideos-cdn.com/c7f723f1-4df6-4548-9b71-d740aacad45a/0/xv_14_t.jpg,Video yang sedang banyak dibicarakan oleh komunitas saat ini.,hhaudchb0a5,QLSZR6
4rcb7s-threesome-keluarga-jepang-tanpa-sensor-bcbpvb08ac,[4RCB7S] Threesome keluarga Jepang (tanpa sensor),https://cdn.adidssd7.workers.dev/?id=thumb-cdn77.xvideos-cdn.com/165f5deb-c3c3-498e-9a95-7e0d9e668015/0/xv_3_t.jpg,Kami menyajikan konten paling populer yang wajib Anda tonton hari ini.,bcbpvb08ac,4RCB7S
z7jsx2-aoi-miyama-berbagi-penis-yang-sangat-besar-dengan-teman-teman-asianya-htcobok976c,[Z7JSX2] Aoi Miyama berbagi penis yang sangat besar dengan teman-teman Asianya,https://cdn.adidssd7.workers.dev/?id=thumb-cdn77.xvideos-cdn.com/fa93a81b-743a-4907-9089-206953dc8c61/0/xv_3_t.jpg,Nikmati momen terbaik dengan koleksi video trending kami.,htcobok976c,Z7JSX2
azjkxt-asia-mendapat-kacau-keras-saat-memberikan-blowjob-di-kelas-dengan-chihiro-nishikawa-oppecff2b2d,[AZJKXT] Asia Mendapat Kacau Keras Saat Memberikan Blowjob di Kelas dengan Chihiro Nishikawa,https://cdn.adidssd7.workers.dev/?id=thumb-cdn77.xvideos-cdn.com/bce38945-58e4-4f55-8cf8-d5c5135dd95b/5/xv_3_t.jpg,Video pilihan kualitas terbaik yang kami kurasi khusus untuk pengalaman menonton Anda.,oppecff2b2d,AZJKXT
ex8kcg-saya-ejakulasi-5-kali-dengan-porno-ini-hahldmm7915,[EX8KCG] Saya ejakulasi 5 kali dengan porno ini. ,https://cdn.adidssd7.workers.dev/?id=thumb-cdn77.xvideos-cdn.com/fdbb7ff1-7158-4130-b88e-3870ed4f7985/0/xv_6_t.jpg,Konten terbaru yang sedang viral dan banyak dicari saat ini.,hahldmm7915,EX8KCG
a3cjmq-membenturkan-g-spot-analnya-uuclpue8e77,[A3CJMQ] Membenturkan G Spot Analnya,https://cdn.adidssd7.workers.dev/?id=thumb-cdn77.xvideos-cdn.com/525ede0e-6382-43c9-bd18-d0a002ccd16b/0/xv_9_t.jpg,Nikmati momen terbaik dengan koleksi video trending kami.,uuclpue8e77,A3CJMQ
yxm267-menata-ulang-nyali-kecilnya-utkbeefc1c7,[YXM267] Menata Ulang Nyali Kecilnya,https://cdn.adidssd7.workers.dev/?id=thumb-cdn77.xvideos-cdn.com/ca951686-43b1-413b-bbc7-674a22647f42/0/xv_17_t.jpg,Tonton video berkualitas tinggi ini sekarang juga hanya di sini.,utkbeefc1c7,YXM267
jnf6k8-skye-perlu-pantatnya-diregangkan-kaepapo6c24,[JNF6K8] Skye Perlu Pantatnya Diregangkan,https://cdn.adidssd7.workers.dev/?id=thumb-cdn77.xvideos-cdn.com/4a7c959f-b127-4bbc-8547-e5a5022d696e/0/xv_12_t.jpg,Tonton video berkualitas tinggi ini sekarang juga hanya di sini.,kaepapo6c24,JNF6K8
gyjeax-devin-latihan-bbc-berbulu-vagina-antar-ras-amanda-panda-pawg-upoiahve3c1,[GYJEAX] devin latihan bbc berbulu vagina antar ras amanda panda pawg,https://cdn.adidssd7.workers.dev/?id=thumb-cdn77.xvideos-cdn.com/3eee3c70-f76a-4c35-a799-06882f5ff1ec/0/xv_9_t.jpg,Tonton video berkualitas tinggi ini sekarang juga hanya di sini.,upoiahve3c1,GYJEAX
m7uwv2-deepthroat-4k-dan-anal-dengan-model-instagram-sukisukigirl-andy-savage-episode-135-iffamuda5a5,[M7UWV2] Deepthroat 4K dan ANAL dengan model Instagram ( Sukisukigirl / Andy Savage Episode 135 ),https://cdn.adidssd7.workers.dev/?id=thumb-cdn77.xvideos-cdn.com/e52d4b03-5576-4f54-b554-c717bc8be2dc/0/xv_3_t.jpg,Temukan berbagai kategori menarik dalam video pilihan kami.,iffamuda5a5,M7UWV2
2l5gmh-jepang-hood-jalang-dengan-rampasan-besar-kacau-p1-habuhkf420,[2L5GMH] Jepang Hood Jalang dengan rampasan Besar KACAU p1,https://cdn.adidssd7.workers.dev/?id=thumb-cdn77.xvideos-cdn.com/7277931c-7d94-4b02-ab90-8dc13c3e9da3/0/xv_9_t.jpg,Nikmati momen terbaik dengan koleksi video trending kami.,habuhkf420,2L5GMH
9laymh-perguruan-tinggi-pirang-akan-didominasi-oleh-viking-uaduibm2d3c,[9LAYMH] Perguruan Tinggi Pirang akan DIDOMINASI oleh viking,https://cdn.adidssd7.workers.dev/?id=thumb-cdn77.xvideos-cdn.com/013d3777-f05b-40c4-b467-5f521250e783/0/xv_16_t.jpg,Video yang sedang banyak dibicarakan oleh komunitas saat ini.,uaduibm2d3c,9LAYMH
qck827-cfnm-kasar-buttfucking-pantat-besar-asia-dalam-rok-umktbfo0b3c,[QCK827] CFNM Kasar BUTTFUCKING Pantat Besar Asia dalam Rok,https://cdn.adidssd7.workers.dev/?id=thumb-cdn77.xvideos-cdn.com/ce4a59fc-b80f-48c7-ba72-11a6173012af/0/xv_16_t.jpg,Video pilihan kualitas terbaik yang kami kurasi khusus untuk pengalaman menonton Anda.,umktbfo0b3c,QCK827
ldy54g-marica-hase-bbc-anal-dengan-mandingo-hukkouf3e53,[LDY54G] Marica Hase BBC Anal dengan Mandingo,https://cdn.adidssd7.workers.dev/?id=thumb-cdn77.xvideos-cdn.com/a9e0787d-5dd4-4fae-a4dd-dd9ca79adf81/0/xv_11_t.jpg,Temukan berbagai kategori menarik dalam video pilihan kami.,hukkouf3e53,LDY54G
dkzvce-alexa-grace-pingsan-meniduri-bbc-terbesar-di-dunia-hvucdod5ea6,[DKZVCE] Alexa Grace Pingsan meniduri BBC TERBESAR DI DUNIA!,https://cdn.adidssd7.workers.dev/?id=thumb-cdn77.xvideos-cdn.com/c0669561-9dc6-43ac-9a17-c2dd45c80357/0/xv_13_t.jpg,Video pilihan kualitas terbaik yang kami kurasi khusus untuk pengalaman menonton Anda.,hvucdod5ea6,DKZVCE
4mqbhf-threesome-sialan-gadis-asia-lalu-membuat-krim-vaginanya-hbipivda7fc,[4MQBHF] Threesome sialan gadis Asia lalu membuat krim vaginanya,https://cdn.adidssd7.workers.dev/?id=thumb-cdn77.xvideos-cdn.com/bbd7661b-8ef5-4c15-95a0-dd365350ff0b/0/xv_17_t.jpg,Video pilihan kualitas terbaik yang kami kurasi khusus untuk pengalaman menonton Anda.,hbipivda7fc,4MQBHF
mn9zjh-fat-booty-latin-milf-mendapat-ayam-hitam-kacau-doggystyle-ikmdcafc04c,[MN9ZJH] Fat booty latin MILF mendapat ayam hitam kacau doggystyle,https://cdn.adidssd7.workers.dev/?id=thumb-cdn77.xvideos-cdn.com/8ec8ac93-2c88-4ae7-9c88-e0ae3a912896/0/xv_5_t.jpg,Temukan koleksi video eksklusif terbaru hanya untuk Anda hari ini.,ikmdcafc04c,MN9ZJH
ufrmbl-buah-dada-milf-hinata-komine-menikmati-ayam-yang-kuat-di-twatnya-hhpchad1def,[UFRMBL] Buah dada milf Hinata Komine menikmati ayam yang kuat di twatnya,https://cdn.adidssd7.workers.dev/?id=thumb-cdn77.xvideos-cdn.com/bfe016b8-b6ca-4c4a-8438-ef586725fc46/0/xv_24_t.jpg,Temukan berbagai kategori menarik dalam video pilihan kami.,hhpchad1def,UFRMBL
esalb4-x-6986575-ayako-satonaka-milf-mengundang-di-pantat-hbfecdb8db1,[ESALB4] x 6986575 ayako satonaka milf mengundang di pantat,https://cdn.adidssd7.workers.dev/?id=thumb-cdn77.xvideos-cdn.com/ff02bf84-e51e-42d6-9b74-d75ad72a047a/0/xv_14_t.jpg,Jangan lewatkan video menarik yang kami perbarui setiap harinya.,hbfecdb8db1,ESALB4
hrxnlc-waktu-pengumpulan-11-hatkfkf9c63,[HRXNLC] Waktu pengumpulan 11,https://cdn.adidssd7.workers.dev/?id=thumb-cdn77.xvideos-cdn.com/f0a6f782-6b8f-4bb7-908e-10de6b7921c3/0/xv_29_t.jpg,Temukan koleksi video eksklusif terbaru hanya untuk Anda hari ini.,hatkfkf9c63,HRXNLC
hk84gp-wanita-jepang-shinobu-baru-saja-datang-tanpa-sensor-kahubemae22,[HK84GP] Wanita Jepang Shinobu baru saja datang tanpa sensor,https://cdn.adidssd7.workers.dev/?id=thumb-cdn77.xvideos-cdn.com/43f2689e-ced8-4bbb-a6a0-ee71574a2153/0/xv_19_t.jpg,Konten terbaru yang sedang viral dan banyak dicari saat ini.,kahubemae22,HK84GP
38yx4k-adegan-porno-threesome-premium-dengan-rei-kitajima-berdada---selengkapnya-di-javhd-net-kupmlid1d4f,[38YX4K] Adegan porno threesome premium dengan Rei Kitajima berdada - Selengkapnya di javhd.net,https://cdn.adidssd7.workers.dev/?id=thumb-cdn77.xvideos-cdn.com/ec991c51-52fa-4a6f-9d5e-f7112d464568/0/xv_26_t.jpg,Tonton video berkualitas tinggi ini sekarang juga hanya di sini.,kupmlid1d4f,38YX4K
eqy43g-rei-kitajima-dewasa-jepang-menyukainya-gaya-doggy-dan-tanpa-sensor-ifcbpkbb350,[EQY43G] Rei Kitajima dewasa Jepang menyukainya gaya doggy dan tanpa sensor,https://cdn.adidssd7.workers.dev/?id=thumb-cdn77.xvideos-cdn.com/e0e56cb2-ed23-46cd-9b26-c5317789088d/0/xv_18_t.jpg,Temukan berbagai kategori menarik dalam video pilihan kami.,ifcbpkbb350,EQY43G
pfz74x-keterampilan-blowjob-intens-dewi-asia-airu-setelah-permainan-oral-beruap-opmbuei1fbf,[PFZ74X] Keterampilan Blowjob Intens Dewi Asia Airu Setelah Permainan Oral Beruap,https://cdn.adidssd7.workers.dev/?id=thumb-cdn77.xvideos-cdn.com/a82df627-0b31-41b5-9aea-e575bb510894/5/xv_9_t.jpg,Video pilihan kualitas terbaik yang kami kurasi khusus untuk pengalaman menonton Anda.,opmbuei1fbf,PFZ74X
486sb2-agen-asuransi-sialan-semua-klien-2---rei-kitajima-hupakpo110e,[486SB2] agen asuransi sialan semua klien 2 - Rei Kitajima,https://cdn.adidssd7.workers.dev/?id=thumb-cdn77.xvideos-cdn.com/1658ede4-f14b-4b4f-90ca-7384d45674a8/0/xv_15_t.jpg,Nikmati momen terbaik dengan koleksi video trending kami.,hupakpo110e,486SB2
fn3phl-adegan-indah-seks-hardcore-dengan-si-rambut-coklat-yukari-hidkkfh2023,[FN3PHL] Adegan indah seks hardcore dengan si rambut coklat Yukari,https://cdn.adidssd7.workers.dev/?id=thumb-cdn77.xvideos-cdn.com/6e42d354-35c8-41df-9e59-ccebcd160ecd/0/xv_10_t.jpg,Nikmati momen terbaik dengan koleksi video trending kami.,hidkkfh2023,FN3PHL
lsnfgk-pemotretan-pertama-dokumen-wanita-menikah-yuko-harumi-kpoobmd8613,[LSNFGK] Pemotretan Pertama Dokumen Wanita Menikah Yuko Harumi,https://cdn.adidssd7.workers.dev/?id=thumb-cdn77.xvideos-cdn.com/b1ee74b3-a829-4c7f-a68f-3ca426a54d39/0/xv_25_t.jpg,Koleksi lengkap video pilihan dengan durasi yang pas untuk Anda.,kpoobmd8613,LSNFGK
qsr8pl--kpoakth2a40,[QSR8PL] Ã¥Ã©Ã£Â®Ã¦Â¯Ã¨Â¦ÂªÃ¯Â½Ã¦Ã§ÂµÃ§Â«Â Ã¯Â½ Ã¦Â°Â´Ã¦Â²Â¢Ã¨Ã¤Â¹Â…,https://cdn.adidssd7.workers.dev/?id=thumb-cdn77.xvideos-cdn.com/8ee6905b-5cc2-4fd2-8353-47c3d33a3e14/0/xv_20_t.jpg,Tonton video berkualitas tinggi ini sekarang juga hanya di sini.,kpoakth2a40,QSR8PL
r8ajfb-meniduri-wanita-yang-sudah-menikah-oleh-worldporn-hmtvpvh46cd,[R8AJFB] meniduri wanita yang sudah menikah oleh worldporn,https://cdn.adidssd7.workers.dev/?id=thumb-cdn77.xvideos-cdn.com/9e9bcf33-13e8-498f-b598-72475c2f079c/0/xv_5_t.jpg,Jangan lewatkan video menarik yang kami perbarui setiap harinya.,hmtvpvh46cd,R8AJFB
qpz7sb-kisah-istri-nyata---adegan-tetangga-sialan-yang-dibintangi-august-ames-nicole-aniston-jessy-jones-hbmvfhm6909,[QPZ7SB] Kisah Istri Nyata - Adegan Tetangga Sialan yang dibintangi August Ames Nicole Aniston Jessy Jones,https://cdn.adidssd7.workers.dev/?id=thumb-cdn77.xvideos-cdn.com/d928d9bb-8d6b-4e9a-9a55-7b05f8310a8e/0/xv_12_t.jpg,Video yang sedang banyak dibicarakan oleh komunitas saat ini.,hbmvfhm6909,QPZ7SB
dwu3fg-saat-aku-memandangi-payudara-ibu-tiriku-yang-basah-kuyup-kmbubum33c5,[DWU3FG] Saat aku memandangi payudara ibu tiriku yang basah kuyup. ,https://cdn.adidssd7.workers.dev/?id=thumb-cdn77.xvideos-cdn.com/ef99e62a-84cc-41de-b625-bafb66186479/0/xv_14_t.jpg,Video pilihan kualitas terbaik yang kami kurasi khusus untuk pengalaman menonton Anda.,kmbubum33c5,DWU3FG
m6n9hw-saat-aku-memandangi-payudara-ibu-tiriku-yang-basah-kuyup-kmmikeo27c7,[M6N9HW] Saat aku memandangi payudara ibu tiriku yang basah kuyup. ,https://cdn.adidssd7.workers.dev/?id=thumb-cdn77.xvideos-cdn.com/f3f23c39-d01a-45e9-b7d4-79c4a3058093/0/xv_16_t.jpg,Konten terbaru yang sedang viral dan banyak dicari saat ini.,kmmikeo27c7,M6N9HW
zfbtcx-jepang-dewasa-rei-kitajima-menyebalkan-ayam-tanpa-sensor-kimmmmbac99,[ZFBTCX] Jepang dewasa Rei Kitajima menyebalkan ayam tanpa sensor,https://cdn.adidssd7.workers.dev/?id=thumb-cdn77.xvideos-cdn.com/a913ecf4-0e63-4e03-97a8-b877796cd590/0/xv_18_t.jpg,Video pilihan kualitas terbaik yang kami kurasi khusus untuk pengalaman menonton Anda.,kimmmmbac99,ZFBTCX
fn8ehs-istri-sebelah-tidak-sengaja-masuk-ke-kamar-saya-iatloloec17,[FN8EHS] Istri sebelah tidak sengaja masuk ke kamar saya! ,https://cdn.adidssd7.workers.dev/?id=thumb-cdn77.xvideos-cdn.com/4b1384b4-a440-4104-b2c7-868c5718d5f6/0/xv_12_t.jpg,Jangan lewatkan video menarik yang kami perbarui setiap harinya.,iatloloec17,FN8EHS
zrh6tn-rei-kitajima-istri-seksi-adegan-porno-yang-luar-biasa-di-sofa---selengkapnya-di-javhd-net-iuvlaio4a7a,[ZRH6TN] Rei Kitajima istri seksi adegan porno yang luar biasa di sofa - Selengkapnya di javhd.net,https://cdn.adidssd7.workers.dev/?id=thumb-cdn77.xvideos-cdn.com/e8757bd1-f2bb-4711-88e0-3246116489d4/0/xv_11_t.jpg,Video yang sedang banyak dibicarakan oleh komunitas saat ini.,iuvlaio4a7a,ZRH6TN
2cqv9w-wanita-cantik-dan-baik-ayaki-lena-1-iapkevv05eb,[2CQV9W] Wanita cantik dan baik Ayaki Lena 1,https://cdn.adidssd7.workers.dev/?id=thumb-cdn77.xvideos-cdn.com/b98f5a5c-b9bb-4172-9a2f-ef5cbe4c928b/0/xv_30_t.jpg,Konten terbaru yang sedang viral dan banyak dicari saat ini.,iapkevv05eb,2CQV9W
m3ctba-bintang-porno-remaja-bergairah-saya-tachibana-mendapat-vaginanya-diisi-dengan-air-mani-di-asia-seksi-oppitld8e48,[M3CTBA] Bintang Porno Remaja Bergairah Saya Tachibana Mendapat Vaginanya Diisi Dengan Air Mani di Asia Seksi,https://cdn.adidssd7.workers.dev/?id=thumb-cdn77.xvideos-cdn.com/156186ac-4152-406a-a052-d1893d611178/5/xv_12_t.jpg,Tonton video berkualitas tinggi ini sekarang juga hanya di sini.,oppitld8e48,M3CTBA
6yp9sd-maki-hojo-mencoba-penis-besar-di-cherry-bengkaknya-fkoefk1c66,[6YP9SD] Maki Hojo mencoba penis besar di cherry bengkaknya,https://cdn.adidssd7.workers.dev/?id=thumb-cdn77.xvideos-cdn.com/a1d380a1-9637-47c7-ad4b-4a6cbb363c30/0/xv_5_t.jpg,Koleksi lengkap video pilihan dengan durasi yang pas untuk Anda.,fkoefk1c66,6YP9SD
hgxazs-adegan-menakjubkan-xxx-jepang-dengan-rei-kitajima---selengkapnya-di-javhd-net-iuiavbh8d36,[HGXAZS] Adegan menakjubkan xxx Jepang dengan Rei Kitajima - Selengkapnya di javhd.net,https://cdn.adidssd7.workers.dev/?id=thumb-cdn77.xvideos-cdn.com/8e725b51-a267-4dc6-8f43-438859787b15/0/xv_27_t.jpg,Jangan lewatkan video menarik yang kami perbarui setiap harinya.,iuiavbh8d36,HGXAZS
eqkn6d-pemain-tenis-jepang-sayaka-aishiro-disetubuhi-dari-belakang-tanpa-sensor-ifcthfm3987,[EQKN6D] Pemain tenis Jepang Sayaka Aishiro disetubuhi dari belakang tanpa sensor,https://cdn.adidssd7.workers.dev/?id=thumb-cdn77.xvideos-cdn.com/85010e97-d2e9-4ea7-8e78-f3481506db39/0/xv_30_t.jpg,Video yang sedang banyak dibicarakan oleh komunitas saat ini.,ifcthfm3987,EQKN6D
ayur98-kana-mimura-melelahkan-dua-ayam-di-lubang-basahnya-daiumob5c2,[AYUR98] Kana Mimura melelahkan dua ayam di lubang basahnya,https://cdn.adidssd7.workers.dev/?id=thumb-cdn77.xvideos-cdn.com/6ba268a2-8826-4457-a6ff-747833a668cd/0/xv_21_t.jpg,Video pilihan kualitas terbaik yang kami kurasi khusus untuk pengalaman menonton Anda.,daiumob5c2,AYUR98
q6x9e2-penjara-wanita-rahasia-jepang-bagian-3-anal-hmkchkc88f,[Q6X9E2] penjara wanita rahasia jepang bagian 3 anal,https://cdn.adidssd7.workers.dev/?id=thumb-cdn77.xvideos-cdn.com/d06d0a85-14d9-42ab-85c3-60babde3b249/0/xv_17_t.jpg,Video pilihan kualitas terbaik yang kami kurasi khusus untuk pengalaman menonton Anda.,hmkchkc88f,Q6X9E2
t8bmn5-cewek-jepang-sayaka-aishiro-mendapat-kacau-di-pantat-tanpa-sensor-iflbkad1313,[T8BMN5] Cewek Jepang Sayaka Aishiro mendapat kacau di pantat tanpa sensor,https://cdn.adidssd7.workers.dev/?id=thumb-cdn77.xvideos-cdn.com/3c8b5007-1735-4315-8668-2c3056208533/0/xv_27_t.jpg,Video pilihan kualitas terbaik yang kami kurasi khusus untuk pengalaman menonton Anda.,iflbkad1313,T8BMN5
5q7mdj-rambut-coklat-remaja-jepang-tsuna-kimura-mendapat-dped-dan-creampied-tanpa-sensor-iedvllda9a4,[5Q7MDJ] Rambut coklat remaja Jepang Tsuna Kimura mendapat DPed dan creampied tanpa sensor,https://cdn.adidssd7.workers.dev/?id=thumbs-gcore.xvideos-cdn.com/4483a55d-d63d-48b7-b370-44656362ef63/0/xv_25_t.jpg,Video yang sedang banyak dibicarakan oleh komunitas saat ini.,iedvllda9a4,5Q7MDJ
xtdnpe-persetan-kantor-yang-membuat-pelacur-berambut-cokelat-itu-menginginkan-lebih-ikhtumfa169,[XTDNPE] Persetan kantor yang membuat pelacur berambut cokelat itu menginginkan lebih,https://cdn.adidssd7.workers.dev/?id=thumb-cdn77.xvideos-cdn.com/a1abef64-843b-405e-abfb-11f89ca48134/0/xv_22_t.jpg,Temukan berbagai kategori menarik dalam video pilihan kami.,ikhtumfa169,XTDNPE
u9gksc-vagina-pelacur-jepang-keriting-ai-mizushima-ditumbuk-keras-dan-cepat-ipbilamdf72,[U9GKSC] Vagina pelacur Jepang keriting Ai Mizushima ditumbuk keras dan cepat,https://cdn.adidssd7.workers.dev/?id=thumb-cdn77.xvideos-cdn.com/dc6114e8-47ef-4290-849e-a3002ccbdc09/0/xv_18_t.jpg,Koleksi lengkap video pilihan dengan durasi yang pas untuk Anda.,ipbilamdf72,U9GKSC
5tsfv7-sayang-jepang-yang-sehat-seto-himari-cums-sambil-dibor-dengan-keras-imabfvf061f,[5TSFV7] Sayang Jepang yang sehat Seto Himari cums sambil dibor dengan keras,https://cdn.adidssd7.workers.dev/?id=thumb-cdn77.xvideos-cdn.com/69eda01c-7145-42d9-a537-0d0cb15ac712/0/xv_1_t.jpg,Video pilihan kualitas terbaik yang kami kurasi khusus untuk pengalaman menonton Anda.,imabfvf061f,5TSFV7
z9w8xs-kompilasi-anal-terbaik---hanya-lubang-jepang---lebih-lanjut-di-javhd-net-hdhppibf697,[Z9W8XS] Kompilasi anal terbaik - hanya lubang jepang - Lebih lanjut di Javhd.net,https://cdn.adidssd7.workers.dev/?id=thumb-cdn77.xvideos-cdn.com/1629d17a-b257-4e0d-ad14-f50467ca7d20/0/xv_26_t.jpg,Tonton video berkualitas tinggi ini sekarang juga hanya di sini.,hdhppibf697,Z9W8XS
fk8cud-blowjob-aksi-kasar-jepang-liar-miku-kirino-opvluhm65ec,[FK8CUD] Blowjob & Aksi Kasar Jepang Liar Miku Kirino,https://cdn.adidssd7.workers.dev/?id=thumb-cdn77.xvideos-cdn.com/95c98d9f-1ffc-4e3a-8fba-bbdd69146c5c/5/xv_25_t.jpg,Kami menyajikan konten paling populer yang wajib Anda tonton hari ini.,opvluhm65ec,FK8CUD
dz74c5-remaja-jepang-memberikan-blowjob-menakjubkan-sebelum-pertarungan-seks-tegar-yang-intens-opovlaca465,[DZ74C5] Remaja Jepang Memberikan Blowjob Menakjubkan Sebelum Pertarungan Seks Tegar yang Intens,https://cdn.adidssd7.workers.dev/?id=thumb-cdn77.xvideos-cdn.com/12ad9b99-d3bb-40fc-bf7e-58ee14506ffe/5/xv_18_t.jpg,Temukan berbagai kategori menarik dalam video pilihan kami.,opovlaca465,DZ74C5
wfpg3b-kaori-maeda-nakal-memamerkan-creampie-asia-yang-sempurna-di-cam-live-oioiidvc29c,[WFPG3B] Kaori Maeda Nakal Memamerkan Creampie Asia yang Sempurna Di Cam Live,https://cdn.adidssd7.workers.dev/?id=thumb-cdn77.xvideos-cdn.com/6b084ab6-66ce-4685-b078-e4234dd47bc6/0/xv_27_t.jpg,Koleksi lengkap video pilihan dengan durasi yang pas untuk Anda.,oioiidvc29c,WFPG3B
82up3f-kyoka-ishiguro-mendapat-dong-di-mulutnya-dan-taco-ikan-hitam-berbulu-fvoiukbc31,[82UP3F] Kyoka Ishiguro mendapat dong di mulutnya dan taco ikan hitam berbulu,https://cdn.adidssd7.workers.dev/?id=thumbs-gcore.xvideos-cdn.com/22ea11a0-52e7-4154-813b-07c65cf09533/0/xv_27_t.jpg,Tonton video berkualitas tinggi ini sekarang juga hanya di sini.,fvoiukbc31,82UP3F
t67ulf-milf-jepang-terpesona-dengan-keterampilan-blowjob-ahlinya-dan-pertarungan-payudara-besar-opueiou7fd0,[T67ULF] MILF Jepang Terpesona Dengan Keterampilan Blowjob Ahlinya Dan Pertarungan Payudara Besar,https://cdn.adidssd7.workers.dev/?id=thumb-cdn77.xvideos-cdn.com/94f6c054-b34d-4970-ab81-48a2c66526ed/5/xv_6_t.jpg,Video pilihan kualitas terbaik yang kami kurasi khusus untuk pengalaman menonton Anda.,opueiou7fd0,T67ULF
e9ku2m-pelacur-jepang-mungil-mengambil-banyak-penis-gemuk-lblakbc7e3,[E9KU2M] Pelacur Jepang mungil mengambil banyak penis gemuk,https://cdn.adidssd7.workers.dev/?id=thumb-cdn77.xvideos-cdn.com/2d65adcb-57a6-4aa9-84df-db275b8fbcd3/0/xv_30_t.jpg,Koleksi lengkap video pilihan dengan durasi yang pas untuk Anda.,lblakbc7e3,E9KU2M
gjba3s-aoi-yuuki-berteriak-dengan-besar-di-dalam-pantatnya-fihhafbbd8,[GJBA3S] Aoi Yuuki berteriak dengan besar di dalam pantatnya,https://cdn.adidssd7.workers.dev/?id=thumb-cdn77.xvideos-cdn.com/abd678e4-1720-4ee7-bdf7-2025e1a6be7b/0/xv_16_t.jpg,Video pilihan kualitas terbaik yang kami kurasi khusus untuk pengalaman menonton Anda.,fihhafbbd8,GJBA3S
q2kegj-rahasia-keluarga-iabmpuf9367,[Q2KEGJ] Rahasia Keluarga,https://cdn.adidssd7.workers.dev/?id=thumb-cdn77.xvideos-cdn.com/bc94f9b0-8ab0-4680-8081-5af7db9d54d3/0/xv_5_t.jpg,Koleksi lengkap video pilihan dengan durasi yang pas untuk Anda.,iabmpuf9367,Q2KEGJ
t72sah-wanita-dewasa-jepang-langsing-dengan-payudara-silikon-besar-merayu-ke-jav-creampie-fuck-tanpa-sensor-ufpdibv60fd,[T72SAH] Wanita Dewasa Jepang Langsing dengan Payudara Silikon Besar merayu ke JAV Creampie Fuck Tanpa Sensor,https://cdn.adidssd7.workers.dev/?id=thumb-cdn77.xvideos-cdn.com/92678339-5e81-45e3-afcb-9ac77ce5a3de/0/xv_3_t.jpg,Temukan berbagai kategori menarik dalam video pilihan kami.,ufpdibv60fd,T72SAH
kn32qf-ng-i-m-cu-ng-d-m-ikokbehc881,[KN32QF] NgÃ†Â°Ã¡Â»i mÃ¡ÂºÂ¹ cuÃ¡Â»ng dÃƒÂ¢m,https://cdn.adidssd7.workers.dev/?id=thumb-cdn77.xvideos-cdn.com/92940849-d961-40c0-b2c9-dbbb925a3548/0/xv_15_t.jpg,Konten terbaru yang sedang viral dan banyak dicari saat ini.,ikokbehc881,KN32QF
7zbj3a-pelacur-jepang-rei-kitajima-sedang-membersihkan-rumah-dan-banyak-lagi-oteetmo7c6b,[7ZBJ3A] Pelacur Jepang Rei Kitajima sedang membersihkan rumah dan banyak lagi,https://cdn.adidssd7.workers.dev/?id=thumb-cdn77.xvideos-cdn.com/94f5cd5e-f1d5-4e9a-8adb-1fa08a321ee8/0/xv_26_t.jpg,Nikmati momen terbaik dengan koleksi video trending kami.,oteetmo7c6b,7ZBJ3A
e7u3cw-anak-tiri-merayu-ibu-tiri-dewasa-langsing-dengan-payudara-besar-ke-persetan-jav-jepang-tanpa-sensor-uftelch4613,[E7U3CW] Anak tiri merayu Ibu Tiri Dewasa Langsing dengan Payudara Besar ke Persetan JAV Jepang Tanpa Sensor,https://cdn.adidssd7.workers.dev/?id=thumb-cdn77.xvideos-cdn.com/8427e884-b833-430d-b1f2-3e3a08b885b3/0/xv_9_t.jpg,Temukan berbagai kategori menarik dalam video pilihan kami.,uftelch4613,E7U3CW
4x8pnl-misi-merangkak-malam-tujuan-untuk-tidur-non-rem-selama-3-jam-di-awal-tidur-iociemf11e1,[4X8PNL] Misi merangkak malam-Tujuan untuk tidur non-REM selama 3 jam di awal tidur! ,https://cdn.adidssd7.workers.dev/?id=thumb-cdn77.xvideos-cdn.com/88e5f8ed-c4fc-4bd4-b593-ab5371fa164a/0/xv_25_t.jpg,Temukan berbagai kategori menarik dalam video pilihan kami.,iociemf11e1,4X8PNL
5plr9q-top-milf-rei-kitajima-melahap-ayam-dalam-pornografi-berat---lebih-lanjut-di-javhd-net-iupkpmf6f30,[5PLR9Q] Top milf Rei Kitajima melahap ayam dalam pornografi berat - Lebih lanjut di javhd.net,https://cdn.adidssd7.workers.dev/?id=thumb-cdn77.xvideos-cdn.com/84a54b6a-00c2-49d6-9794-c90ba2a56096/0/xv_2_t.jpg,Jangan lewatkan video menarik yang kami perbarui setiap harinya.,iupkpmf6f30,5PLR9Q
xzt83y-karups---horny-mature-amateur-midge-mayor-fucks-laptop-repair-man-kivheko0aea,[XZT83Y] Karups+-+Horny+Mature+Amateur+Midge+Mayor+Fucks+Laptop+Repair+Man,https://cdn.adidssd7.workers.dev/?id=thumb-cdn77.xvideos-cdn.com/22a58a76-973f-4ce8-bf94-3f234d935602/0/xv_16_t.jpg,Nikmati momen terbaik dengan koleksi video trending kami.,kivheko0aea,XZT83Y
jf4l28-aktivitas-pasangan-suami-istri-iofiechf794,[JF4L28] Aktivitas pasangan suami istri,https://cdn.adidssd7.workers.dev/?id=thumbs-gcore.xvideos-cdn.com/e7e2ee3d-a91b-45f0-a416-990d4378cf13/0/xv_10_t.jpg,Video pilihan kualitas terbaik yang kami kurasi khusus untuk pengalaman menonton Anda.,iofiechf794,JF4L28
byt4qw-sialan-pacarku-dengan-payudara-besar-di-pantat-besarnya-kehdebkfb04,[BYT4QW] Sialan pacarku dengan payudara besar di pantat besarnya!  ,https://cdn.adidssd7.workers.dev/?id=thumb-cdn77.xvideos-cdn.com/fac91564-084d-48d8-b1e4-fad33c0ea364/0/xv_8_t.jpg,Koleksi lengkap video pilihan dengan durasi yang pas untuk Anda.,kehdebkfb04,BYT4QW
u2dgk7-si-rambut-coklat-panas-menaiki-temannya-kvvefvf5999,[U2DGK7] Si rambut coklat panas menaiki temannya! ,https://cdn.adidssd7.workers.dev/?id=thumb-cdn77.xvideos-cdn.com/52b23c0f-1b17-421c-b32d-618764026fb5/3/xv_13_t.jpg,Temukan berbagai kategori menarik dalam video pilihan kami.,kvvefvf5999,U2DGK7
9dqrz3-alat-kelamin-buggy---gadis-tidak-bermoral-berusia-21-tahun-perawat-dalam-pekerjaan-sehari-harinya-bug-dengan-piston-kecepatan-ganda-dan-mengganggu-penis-berulang-kali---haru-yamaguchi---gratis2-utbaium41d1,[9DQRZ3] Alat kelamin buggy - Gadis tidak bermoral berusia 21 tahun (perawat dalam pekerjaan sehari-harinya) bug dengan piston kecepatan ganda dan mengganggu penis berulang kali - Haru Yamaguchi - Gratis2,https://cdn.adidssd7.workers.dev/?id=thumb-cdn77.xvideos-cdn.com/369cfdbf-e780-4605-8c87-e0e28f41e543/0/xv_9_t.jpg,Video pilihan kualitas terbaik yang kami kurasi khusus untuk pengalaman menonton Anda.,utbaium41d1,9DQRZ3
8vz63x-alat-kelamin-buggy---gadis-tidak-bermoral-berusia-21-tahun-perawat-dalam-pekerjaan-sehari-harinya-serangga-dengan-piston-kecepatan-ganda-dan-serangga-pada-penis-berulang-kali---haru-yamaguchi---gratis1-utbaiud368d,[8VZ63X] Alat kelamin buggy - Gadis tidak bermoral berusia 21 tahun (perawat dalam pekerjaan sehari-harinya) serangga dengan piston kecepatan ganda dan serangga pada penis berulang kali - Haru Yamaguchi - Gratis1,https://cdn.adidssd7.workers.dev/?id=thumb-cdn77.xvideos-cdn.com/13887b11-8580-48b7-8a56-004c49c5a043/0/xv_2_t.jpg,Video yang sedang banyak dibicarakan oleh komunitas saat ini.,utbaiud368d,8VZ63X
tu54gs-gemuk-jepang-berusia-dua-puluh-tahun-amatir-sayang-dengan-payudara-besar-mendapat-fucked-di-tokyo-love-hotel-4k-bagian-2-kcmtcof05e5,[TU54GS] Gemuk Jepang berusia dua puluh tahun amatir sayang dengan payudara besar mendapat fucked di Tokyo Love Hotel 4k [bagian 2],https://cdn.adidssd7.workers.dev/?id=thumb-cdn77.xvideos-cdn.com/9eb6a588-6746-41de-9f90-a860e82e3f7e/0/xv_16_t.jpg,Temukan berbagai kategori menarik dalam video pilihan kami.,kcmtcof05e5,TU54GS
4hwvz2-wawancara-ibu-rumah-tangga-selingkuh-jepang-dengan-kaori-di-tokyo-love-hotel-kdoechodef1,[4HWVZ2] Wawancara ibu rumah tangga Selingkuh Jepang dengan Kaori di Tokyo Love Hotel. ,https://cdn.adidssd7.workers.dev/?id=thumb-cdn77.xvideos-cdn.com/7fd69e68-fc28-4772-aa6e-20e33ae2213d/0/xv_6_t.jpg,Video yang sedang banyak dibicarakan oleh komunitas saat ini.,kdoechodef1,4HWVZ2
rf4z5t-alat-kelamin-buggy---gadis-tidak-bermoral-berusia-21-tahun-perawat-dalam-pekerjaan-sehari-harinya-bug-dengan-piston-kecepatan-ganda-dan-mengganggu-penis-berulang-kali---haru-yamaguchi---intro-utbakom02b6,[RF4Z5T] Alat kelamin buggy - Gadis tidak bermoral berusia 21 tahun (perawat dalam pekerjaan sehari-harinya) bug dengan piston kecepatan ganda dan mengganggu penis berulang kali - Haru Yamaguchi - Intro,https://cdn.adidssd7.workers.dev/?id=thumb-cdn77.xvideos-cdn.com/a8f0b47f-333c-4e7b-92f9-5dbaf37282de/0/xv_21_t.jpg,Konten terbaru yang sedang viral dan banyak dicari saat ini.,utbakom02b6,RF4Z5T
wkf78t-gadis-pemalu-yang-tak-bersalah-memberikan-audisi-porno-tinjunya-kbhchehceee,[WKF78T] Gadis Pemalu yang Tak Bersalah memberikan Audisi Porno tinjunya,https://cdn.adidssd7.workers.dev/?id=thumb-cdn77.xvideos-cdn.com/526906bc-bc92-400f-ac62-51c1a173eb25/0/xv_30_t.jpg,Temukan berbagai kategori menarik dalam video pilihan kami.,kbhchehceee,WKF78T
c7wlmr-mai-ibu-rumah-tangga-berusia-30-tahun---gratis-utplemk789c,[C7WLMR] Mai (ibu rumah tangga berusia 30 tahun) - Gratis,https://cdn.adidssd7.workers.dev/?id=thumbs-gcore.xvideos-cdn.com/835bdf0f-624a-4f9e-bc92-dc154f4f6a75/0/xv_14_t.jpg,Koleksi lengkap video pilihan dengan durasi yang pas untuk Anda.,utplemk789c,C7WLMR
d6a3v4-remaja-mungil-terikat-dan-dibesarkan-dengan-creampie-berisiko-uuimhmd0f36,[D6A3V4] Remaja Mungil Terikat dan Dibesarkan dengan Creampie Berisiko,https://cdn.adidssd7.workers.dev/?id=thumb-cdn77.xvideos-cdn.com/39952a69-2bca-46fd-a276-ac401a36a430/0/xv_17_t.jpg,Koleksi lengkap video pilihan dengan durasi yang pas untuk Anda.,uuimhmd0f36,D6A3V4
4w56qg-tebal-gadis-mendapat-hubungan-intim-yang-kasar-dan-creampie-breeding-uudbfua2a4b,[4W56QG] Tebal Gadis mendapat hubungan intim yang Kasar dan Creampie Breeding,https://cdn.adidssd7.workers.dev/?id=thumb-cdn77.xvideos-cdn.com/8eea8a90-715d-4d0f-a471-4c880c59e0cc/0/xv_2_t.jpg,Koleksi lengkap video pilihan dengan durasi yang pas untuk Anda.,uudbfua2a4b,4W56QG
6hln2q-ayah-meniduri-putri-tiri-muda-sepulang-sekolah-uubbulceeb1,[6HLN2Q] Ayah Meniduri Putri Tiri Muda Sepulang Sekolah,https://cdn.adidssd7.workers.dev/?id=thumb-cdn77.xvideos-cdn.com/c36e12a1-14f9-462f-9b74-7176c1b3f00d/0/xv_29_t.jpg,Konten terbaru yang sedang viral dan banyak dicari saat ini.,uubbulceeb1,6HLN2Q
w36ug2-deflowering-dari-vagina-lembut-cewek-yang-menggemaskan-dan-gosokan-eivocfe953,[W36UG2] Deflowering dari vagina lembut cewek yang menggemaskan dan gosokan,https://cdn.adidssd7.workers.dev/?id=thumb-cdn77.xvideos-cdn.com/fed133e5-abd5-4c78-b032-42a59252e4da/0/xv_27_t.jpg,Jangan lewatkan video menarik yang kami perbarui setiap harinya.,eivocfe953,W36UG2
63d9hp-pretty-dirayu-dan-dimarahi-oleh-dosennya-yang-sudah-lanjut-usia-hvucuod9265,[63D9HP] Pretty dirayu dan dimarahi oleh dosennya yang sudah lanjut usia,https://cdn.adidssd7.workers.dev/?id=thumb-cdn77.xvideos-cdn.com/be16a4ca-9868-4979-8fa3-ec6dea317f6a/0/xv_11_t.jpg,Koleksi lengkap video pilihan dengan durasi yang pas untuk Anda.,hvucuod9265,63D9HP
2d3ym8-penjemputan-yang-berani-uthpfpdd736,[2D3YM8] Penjemputan yang berani! ,https://cdn.adidssd7.workers.dev/?id=thumb-cdn77.xvideos-cdn.com/0a5cf819-7b15-4fd4-b422-d9efee33aa2b/0/xv_16_t.jpg,Jangan lewatkan video menarik yang kami perbarui setiap harinya.,uthpfpdd736,2D3YM8
dzhm2x-penjemputan-yang-berani-kfehlov3973,[DZHM2X] Penjemputan yang berani! ,https://cdn.adidssd7.workers.dev/?id=thumbs-gcore.xvideos-cdn.com/9a99bf2c-3c4f-40b0-98d8-159a8f4c169d/0/xv_30_t.jpg,Koleksi lengkap video pilihan dengan durasi yang pas untuk Anda.,kfehlov3973,DZHM2X
ws72c8-menjemput-kfbplmob535,[WS72C8] Menjemput! ,https://cdn.adidssd7.workers.dev/?id=thumb-cdn77.xvideos-cdn.com/2c5a826d-5919-40b2-afd0-9ffb48053704/0/xv_21_t.jpg,Nikmati momen terbaik dengan koleksi video trending kami.,kfbplmob535,WS72C8
thrd6e-menjemput-kfbplavbe6c,[THRD6E] Menjemput! ,https://cdn.adidssd7.workers.dev/?id=thumb-cdn77.xvideos-cdn.com/7feaded3-c69e-46de-8859-06cc4c3adb99/0/xv_30_t.jpg,Kami menyajikan konten paling populer yang wajib Anda tonton hari ini.,kfbplavbe6c,THRD6E
caj7x4-gachinanpa-kdaaffd9c2e,[CAJ7X4] Gachinanpa! ,https://cdn.adidssd7.workers.dev/?id=thumb-cdn77.xvideos-cdn.com/5d90cc47-1d6e-45be-83ad-898e26717b4d/0/xv_20_t.jpg,Temukan berbagai kategori menarik dalam video pilihan kami.,kdaaffd9c2e,CAJ7X4
nfvqml-penjemputan-yang-berani-kfehlmm9894,[NFVQML] Penjemputan yang berani! ,https://cdn.adidssd7.workers.dev/?id=thumb-cdn77.xvideos-cdn.com/89e7a69c-70d2-4662-bdd3-0931e6c48635/0/xv_22_t.jpg,Jangan lewatkan video menarik yang kami perbarui setiap harinya.,kfehlmm9894,NFVQML
q7jhbc-penjemputan-yang-berani-uthpfib2343,[Q7JHBC] Penjemputan yang berani! ,https://cdn.adidssd7.workers.dev/?id=thumbs-gcore.xvideos-cdn.com/7c4fd60e-c326-4577-8521-4eddbd0f2f9d/0/xv_22_t.jpg,Temukan koleksi video eksklusif terbaru hanya untuk Anda hari ini.,uthpfib2343,Q7JHBC
mehqcv-penjemputan-yang-berani-uhidfah1737,[MEHQCV] Penjemputan yang Berani! ,https://cdn.adidssd7.workers.dev/?id=thumb-cdn77.xvideos-cdn.com/3e310d29-1850-462d-bd2b-32ab5accb14d/0/xv_16_t.jpg,Jangan lewatkan video menarik yang kami perbarui setiap harinya.,uhidfah1737,MEHQCV
9an2xp-penjemputan-yang-berani-kfkplid3ef9,[9AN2XP] Penjemputan yang berani! ,https://cdn.adidssd7.workers.dev/?id=thumb-cdn77.xvideos-cdn.com/f94df69e-7046-4160-b73b-30304bc8b178/0/xv_26_t.jpg,Temukan berbagai kategori menarik dalam video pilihan kami.,kfkplid3ef9,9AN2XP
lke4cz-remaja-kulit-hitam-panas-kacau-oleh-penis-putih-besar---porno-antar-ras-kmdoddfe260,[LKE4CZ] Remaja kulit hitam panas kacau oleh penis putih besar - porno antar ras,https://cdn.adidssd7.workers.dev/?id=thumb-cdn77.xvideos-cdn.com/dda7c034-8900-46ea-9e6b-1671eceb38b5/0/xv_30_t.jpg,Video yang sedang banyak dibicarakan oleh komunitas saat ini.,kmdoddfe260,LKE4CZ
6d2xhp-nps-337-gachinanpa-kbchteffba4,[6D2XHP] NPS-337 Gachinanpa! ,https://cdn.adidssd7.workers.dev/?id=thumb-cdn77.xvideos-cdn.com/2c654ac8-4c9c-4c92-973a-041e48e4ca91/0/xv_23_t.jpg,Konten terbaru yang sedang viral dan banyak dicari saat ini.,kbchteffba4,6D2XHP
c6jpsd-rencana-dukungan-amatir-saya-ingin-lulus-dari-keperawanan-dengan-senior-wanita-yang-lembut-kbbutkbb89f,[C6JPSD] Rencana dukungan amatir Saya ingin lulus dari keperawanan dengan senior wanita yang lembut! ,https://cdn.adidssd7.workers.dev/?id=thumb-cdn77.xvideos-cdn.com/9331a0e0-a6a4-4189-ae8f-8725bd861c20/0/xv_27_t.jpg,Konten terbaru yang sedang viral dan banyak dicari saat ini.,kbbutkbb89f,C6JPSD
vn3bqc-20-pasang-pria-dan-wanita-umum-kckahbv35cd,[VN3BQC] 20 pasang pria dan wanita umum! ,https://cdn.adidssd7.workers.dev/?id=thumb-cdn77.xvideos-cdn.com/40344d5a-091f-4192-8074-f945a059025c/0/xv_18_t.jpg,Video yang sedang banyak dibicarakan oleh komunitas saat ini.,kckahbv35cd,VN3BQC
zs3u24-menonton-av-wanita-menikah-dan-perawan-pengawasan-seks-antar-desa-mengambil-kuas-wanita-cantik-yang-merasa-bikunbikun-dengan-puting-bing-nps-321-kaibttb7369,[ZS3U24] Menonton AV Wanita Menikah Dan Perawan Pengawasan Seks Antar Desa Mengambil Kuas ~ Wanita Cantik Yang Merasa Bikunbikun Dengan Puting Bing ~ [NPS-321],https://cdn.adidssd7.workers.dev/?id=thumb-cdn77.xvideos-cdn.com/f64a59b0-6d8b-44c8-a2c6-2072b355ddb0/0/xv_23_t.jpg,Video pilihan kualitas terbaik yang kami kurasi khusus untuk pengalaman menonton Anda.,kaibttb7369,ZS3U24
5vejlx-seorang-pria-dan-seorang-wanita-yang-berteman-dibawa-ke-sebuah-ruangan-uahlmid1306,[5VEJLX] Seorang pria dan seorang wanita yang berteman dibawa ke sebuah ruangan! ,https://cdn.adidssd7.workers.dev/?id=thumb-cdn77.xvideos-cdn.com/9dff3755-ac8a-4b60-99dd-251f72281ed7/0/xv_13_t.jpg,Koleksi lengkap video pilihan dengan durasi yang pas untuk Anda.,uahlmid1306,5VEJLX
3qjxc8-gachinanpa-kdcdvbf3572,[3QJXC8] Gachinanpa! ,https://cdn.adidssd7.workers.dev/?id=thumb-cdn77.xvideos-cdn.com/9baaaebc-82ca-4fb9-8c7c-9aca95cea94e/0/xv_21_t.jpg,Nikmati momen terbaik dengan koleksi video trending kami.,kdcdvbf3572,3QJXC8
ulabk4-penjemputan-yang-berani-kfehvff6d9a,[ULABK4] Penjemputan yang berani! ,https://cdn.adidssd7.workers.dev/?id=thumb-cdn77.xvideos-cdn.com/6efebe0f-1c8e-4a9e-8531-4416a90509c7/0/xv_20_t.jpg,Koleksi lengkap video pilihan dengan durasi yang pas untuk Anda.,kfehvff6d9a,ULABK4
bk6tw2-300mium-421-versi-lengkap-https-is-gd-c5ly2z-kcbeetkfb67,[BK6TW2] 300MIUM-421 versi lengkap https://is.gd/c5LY2z,https://cdn.adidssd7.workers.dev/?id=thumb-cdn77.xvideos-cdn.com/a15e6ad8-e384-4a8d-b01b-7f8017e393ee/0/xv_24_t.jpg,Koleksi lengkap video pilihan dengan durasi yang pas untuk Anda.,kcbeetkfb67,BK6TW2
j4r5uk-300mium-423-versi-lengkap-https-is-gd-zwyl8t-kcbeeim79c3,[J4R5UK] 300MIUM-423 versi lengkap https://is.gd/zwYL8T,https://cdn.adidssd7.workers.dev/?id=thumb-cdn77.xvideos-cdn.com/92547904-ef9f-472b-9468-9a527dfd0e7a/0/xv_14_t.jpg,Temukan berbagai kategori menarik dalam video pilihan kami.,kcbeeim79c3,J4R5UK
rnfs6e-menjemput-kfbplok8e17,[RNFS6E] Menjemput! ,https://cdn.adidssd7.workers.dev/?id=thumb-cdn77.xvideos-cdn.com/3e2c9924-e75a-44c6-8c24-332c40469d80/0/xv_24_t.jpg,Koleksi lengkap video pilihan dengan durasi yang pas untuk Anda.,kfbplok8e17,RNFS6E
uargp3-20-wanita-yang-sudah-menikah-ukkhfcfbe66,[UARGP3] 20 wanita yang sudah menikah! ,https://cdn.adidssd7.workers.dev/?id=thumb-cdn77.xvideos-cdn.com/55234f8f-c776-4769-873c-f98c9cf3d440/0/xv_15_t.jpg,Video yang sedang banyak dibicarakan oleh komunitas saat ini.,ukkhfcfbe66,UARGP3
wpgbel-gachinanpa-kvtpadhd67c,[WPGBEL] Gachinanpa! ,https://cdn.adidssd7.workers.dev/?id=thumbs-gcore.xvideos-cdn.com/6bb5f887-2c49-4b72-9380-41923b062f90/0/xv_8_t.jpg,Temukan berbagai kategori menarik dalam video pilihan kami.,kvtpadhd67c,WPGBEL
3r52tp-seks-fleksibel-dengan-gadis-yang-sangat-langsing-sehingga-anda-bisa-mematahkannya-uhdaufb8bf9,[3R52TP] Seks fleksibel dengan gadis yang sangat langsing sehingga Anda bisa mematahkannya! ,https://cdn.adidssd7.workers.dev/?id=thumb-cdn77.xvideos-cdn.com/25a5bed2-6a0d-40c9-9dd1-fdc7a13e35b3/0/xv_10_t.jpg,Temukan koleksi video eksklusif terbaru hanya untuk Anda hari ini.,uhdaufb8bf9,3R52TP
9fhetm-seorang-mahasiswa-tahun-kedua-di-sebuah-universitas-di-tokyo-yang-tampaknya-telah-tumbuh-dengan-baik-kdliclbad96,[9FHETM] Seorang Mahasiswa Tahun Kedua Di Sebuah Universitas Di Tokyo Yang Tampaknya Telah Tumbuh Dengan Baik,https://cdn.adidssd7.workers.dev/?id=thumb-cdn77.xvideos-cdn.com/dfe8508e-fce5-4fae-9b92-e60313183844/0/xv_17_t.jpg,Temukan berbagai kategori menarik dalam video pilihan kami.,kdliclbad96,9FHETM
be4jfw-345simm-441-versi-lengkap-https-is-gd-lsuvqx-kcootukd9f1,[BE4JFW] 345SIMM-441 versi lengkap https://is.gd/LSuvQx,https://cdn.adidssd7.workers.dev/?id=thumbs-gcore.xvideos-cdn.com/a3c32e24-e309-4991-985f-e9bcb139e739/0/xv_5_t.jpg,Nikmati momen terbaik dengan koleksi video trending kami.,kcootukd9f1,BE4JFW
nedjxf-ketika-rin-san-yang-memiliki-tato-seluruh-tubuh-dan-bermimpi-melakukan-pekerjaan-seks-untuk-wanita-melihat-tubuh-telanjangnya-setelah-melepas-pakaiannya-dia-menjadi-terangsang-dan-menghisap-puting-dan-lehernya-mencampurkan-lidahnya-dengannya-dalam-ciuman-d-yang-kaya-udkdhkv6f29,[NEDJXF] Ketika Rin-san yang memiliki tato seluruh tubuh dan bermimpi melakukan pekerjaan seks untuk wanita melihat tubuh telanjangnya setelah melepas pakaiannya,https://cdn.adidssd7.workers.dev/?id=thumb-cdn77.xvideos-cdn.com/fe489ba6-50e0-4fa4-977d-15d8d36ba128/0/xv_13_t.jpg,Video pilihan kualitas terbaik yang kami kurasi khusus untuk pengalaman menonton Anda.,udkdhkv6f29,NEDJXF
lc3z8n-ketika-rin-san-yang-memiliki-tato-seluruh-tubuh-dan-bermimpi-melakukan-pekerjaan-seks-untuk-wanita-melihat-tubuh-telanjangnya-setelah-melepas-pakaiannya-dia-menjadi-terangsang-dan-menghisap-puting-dan-lehernya-mencampurkan-lidahnya-dengannya-dalam-ciuman-d-yang-kaya-udvvkhbb857,[LC3Z8N] Ketika Rin-san yang memiliki tato seluruh tubuh dan bermimpi melakukan pekerjaan seks untuk wanita melihat tubuh telanjangnya setelah melepas pakaiannya,https://cdn.adidssd7.workers.dev/?id=thumb-cdn77.xvideos-cdn.com/99ba4039-0ec6-4d78-8712-4b39b2df87e7/0/xv_13_t.jpg,Jangan lewatkan video menarik yang kami perbarui setiap harinya.,udvvkhbb857,LC3Z8N
d2k4rv-payudara-jepang-untuk-setiap-selera-vol-92-kvcectv513d,[D2K4RV] Payudara Jepang untuk Setiap Selera Vol 92,https://cdn.adidssd7.workers.dev/?id=thumb-cdn77.xvideos-cdn.com/d8a93f59-3155-42cf-9562-426a2e8207a7/0/xv_4_t.jpg,Jangan lewatkan video menarik yang kami perbarui setiap harinya.,kvcectv513d,D2K4RV
b2jga9-tiga-pria-kulit-hitam-menghancurkan-vagina-pelacur-asia-hutmbbmf15c,[B2JGA9] Tiga pria kulit hitam menghancurkan vagina pelacur Asia,https://cdn.adidssd7.workers.dev/?id=thumb-cdn77.xvideos-cdn.com/b5ad24e0-25c0-4397-95ea-24e0e0cf3cd1/0/xv_25_t.jpg,Kami menyajikan konten paling populer yang wajib Anda tonton hari ini.,hutmbbmf15c,B2JGA9
bxlc4z-remaja-jepang-dengan-payudara-kecil-hikari-tsukino-mendapat-gangbang-tanpa-sensor-iebkapd6424,[BXLC4Z] Remaja Jepang dengan payudara kecil Hikari Tsukino mendapat gangbang tanpa sensor,https://cdn.adidssd7.workers.dev/?id=thumb-cdn77.xvideos-cdn.com/2aad5a7f-1f23-473d-b3f2-1a0f7cafca5f/0/xv_3_t.jpg,Temukan berbagai kategori menarik dalam video pilihan kami.,iebkapd6424,BXLC4Z
3z9prf-jepang-mengambil-besar-besar-cum-direkurasi-hbbhopv9eb2,[3Z9PRF] JEPANG MENGAMBIL BESAR BESAR CUM DIREKURASI,https://cdn.adidssd7.workers.dev/?id=thumb-cdn77.xvideos-cdn.com/7e7aaf7f-39e2-4daa-ac39-375f8dc41209/0/xv_28_t.jpg,Jangan lewatkan video menarik yang kami perbarui setiap harinya.,hbbhopv9eb2,3Z9PRF
j625kz-nympho-remaja-kurus-menjadi-sangat-terangsang-kcmccho6df3,[J625KZ] Nympho remaja kurus menjadi sangat terangsang,https://cdn.adidssd7.workers.dev/?id=thumb-cdn77.xvideos-cdn.com/4c806a7b-4b82-4083-85d7-aba1b59ed99a/0/xv_17_t.jpg,Video pilihan kualitas terbaik yang kami kurasi khusus untuk pengalaman menonton Anda.,kcmccho6df3,J625KZ
nscxhj-s-cute-yui-seks-alami-dengan-kata-kata-asli---nanairo-co-kmvtfkb39c8,[NSCXHJ] S-Cute Yui : Seks Alami dengan Kata-Kata Asli - nanairo.co,https://cdn.adidssd7.workers.dev/?id=thumb-cdn77.xvideos-cdn.com/d9c3d931-3a19-4ce4-ab51-c229c5cb99f2/0/xv_29_t.jpg,Nikmati momen terbaik dengan koleksi video trending kami.,kmvtfkb39c8,NSCXHJ
aq2lb5-topeng-de-real-amatir-3-tembakan-berturut-turut-gadis-cantik-dan-patuh-yang-nyaman-adalah-yang-terbaik-utvvvvd7604,[AQ2LB5] "Topeng de real amatir" 3 tembakan berturut-turut gadis cantik dan patuh yang nyaman adalah yang terbaik! ,https://cdn.adidssd7.workers.dev/?id=thumbs-gcore.xvideos-cdn.com/d598a46f-ebd5-49b3-8e51-704f15c3fe7f/0/xv_21_t.jpg,Kami menyajikan konten paling populer yang wajib Anda tonton hari ini.,utvvvvd7604,AQ2LB5
mtxhn2-wajah-penuh-terungkap-seorang-wanita-super-cantik-dengan-transparansi-luar-biasa-dari-kelas-nogizaka-muncul-ohlhtfbcda4,[MTXHN2] "Wajah penuh terungkap" Seorang wanita super cantik dengan transparansi luar biasa dari kelas Nogizaka muncul! ,https://cdn.adidssd7.workers.dev/?id=thumb-cdn77.xvideos-cdn.com/ac10ae58-5565-4425-92a2-27f62f77c7b4/0/xv_12_t.jpg,Video pilihan kualitas terbaik yang kami kurasi khusus untuk pengalaman menonton Anda.,ohlhtfbcda4,MTXHN2
3yd74a-casting-jepang---pornografi-berat-berbulu-kbiiehve842,[3YD74A] casting jepang - pornografi berat berbulu,https://cdn.adidssd7.workers.dev/?id=thumb-cdn77.xvideos-cdn.com/bc18ac79-b81e-4070-980e-9aeff77147dd/0/xv_12_t.jpg,Konten terbaru yang sedang viral dan banyak dicari saat ini.,kbiiehve842,3YD74A
9pjnyf-gadis-jepang-berambut-coklat-lucu-mendapat-fucked-di-hotel-oleh-orang-asing-dan-mendapat-creampie-vagina-yang-berakhir-4k-bagian-2-kclebufaeb2,[9PJNYF] Gadis Jepang berambut coklat lucu mendapat fucked di hotel oleh orang asing dan mendapat creampie vagina yang berakhir 4K [Bagian 2],https://cdn.adidssd7.workers.dev/?id=thumb-cdn77.xvideos-cdn.com/18a3abe7-5dca-41be-8969-334ae26656e5/0/xv_29_t.jpg,Video pilihan kualitas terbaik yang kami kurasi khusus untuk pengalaman menonton Anda.,kclebufaeb2,9PJNYF
d3g2qr-tidak-ada-janji-tidak-ada-pertanyaan-yang-diajukan-yumi-maeda-kecantikan-yang-rapi-dan-bersih-yang-tiba-tiba-terasa-seperti-tupai-mentah-dan-suntikan-air-mani-vagina-kpilccv756c,[D3G2QR] Tidak ada janji Tidak ada pertanyaan yang diajukan Yumi Maeda,https://cdn.adidssd7.workers.dev/?id=thumb-cdn77.xvideos-cdn.com/56a56fb5-51aa-43ea-8e30-c02c722d1812/0/xv_24_t.jpg,Video pilihan kualitas terbaik yang kami kurasi khusus untuk pengalaman menonton Anda.,kpilccv756c,D3G2QR
g3hwdk-tarik-cepat-mari-haneda-terbaik-yang-tampak-hebat-di-pintasan-kobtkpo560f,[G3HWDK] Tarik cepat Mari Haneda TERBAIK yang tampak hebat di pintasan! ,https://cdn.adidssd7.workers.dev/?id=thumbs-gcore.xvideos-cdn.com/1f5fb6b4-b2f9-4db6-9f4d-4d351f343fce/0/xv_20_t.jpg,Video yang sedang banyak dibicarakan oleh komunitas saat ini.,kobtkpo560f,G3HWDK
ucl42w-karimi-bianzu-dua-labra-blaze-ecchi-yang-terlalu-cantik-1-kptpvvb69bd,[UCL42W] Karimi Bianzu ~ Dua Labra Blaze Ecchi yang terlalu cantik ~ 1,https://cdn.adidssd7.workers.dev/?id=thumb-cdn77.xvideos-cdn.com/3eaf630b-502b-4ffc-aac5-d8fbd22c8de6/0/xv_28_t.jpg,Koleksi lengkap video pilihan dengan durasi yang pas untuk Anda.,kptpvvb69bd,UCL42W
u7knwa-rina-nanase-gadis-bom-yang-ramai-dengan-dunia-membuat-tubuhnya-meremas-dan-bersanggama-dengan-serius-2-kokldch1527,[U7KNWA] Rina Nanase gadis bom yang ramai dengan dunia membuat tubuhnya meremas dan bersanggama dengan serius 2,https://cdn.adidssd7.workers.dev/?id=thumb-cdn77.xvideos-cdn.com/9056d8e2-0720-42b3-8cb0-e3d0e8eb1595/0/xv_26_t.jpg,Tonton video berkualitas tinggi ini sekarang juga hanya di sini.,kokldch1527,U7KNWA
x5gurj-eri-yabuki-seorang-mahasiswi-aktif-muncul-dalam-koleksi-model-baru-yang-mencerminkan-wajah-asli-para-gadis-dan-sex-pribadi-yang-tidak-menghiasi-2-kkacemm4818,[X5GURJ] Eri Yabuki,https://cdn.adidssd7.workers.dev/?id=thumb-cdn77.xvideos-cdn.com/669b5656-7dcf-4be5-9412-cb915e40ae8f/0/xv_19_t.jpg,Temukan koleksi video eksklusif terbaru hanya untuk Anda hari ini.,kkacemm4818,X5GURJ
egz9hv-benua-panas-betina-50-2-iphiofv7813,[EGZ9HV] Benua panas betina 50-2,https://cdn.adidssd7.workers.dev/?id=thumb-cdn77.xvideos-cdn.com/36e446d7-95c6-4ac3-b49f-ea5a5a848619/0/xv_1_t.jpg,Konten terbaru yang sedang viral dan banyak dicari saat ini.,iphiofv7813,EGZ9HV
x72saq-adegan-menakjubkan-porno-jepang-yang-hebat-dengan-suzu-ichinose---selengkapnya-di-javhd-net-kkfkiok0a2e,[X72SAQ] Adegan menakjubkan porno Jepang yang hebat dengan Suzu Ichinose - Selengkapnya di javhd.net,https://cdn.adidssd7.workers.dev/?id=thumb-cdn77.xvideos-cdn.com/a492e394-743c-4a39-916b-d90a4061312e/0/xv_20_t.jpg,Kami menyajikan konten paling populer yang wajib Anda tonton hari ini.,kkfkiok0a2e,X72SAQ
xe89y7-kamu-iffvukfd91b,[XE89Y7] kamu. ,https://cdn.adidssd7.workers.dev/?id=thumb-cdn77.xvideos-cdn.com/335c584a-79f2-4239-a531-d069873f5cd7/0/xv_16_t.jpg,Tonton video berkualitas tinggi ini sekarang juga hanya di sini.,iffvukfd91b,XE89Y7
qp6vau-amaenbo-1-iuflamkb937,[QP6VAU] Amaenbo 1,https://cdn.adidssd7.workers.dev/?id=thumb-cdn77.xvideos-cdn.com/4927c312-02e8-453a-8baf-83862ab46c79/0/xv_9_t.jpg,Koleksi lengkap video pilihan dengan durasi yang pas untuk Anda.,iuflamkb937,QP6VAU
egfkw3-tolong-halloween-ajaib-2-ipuvdoh9cda,[EGFKW3] Tolong Halloween Ajaib 2,https://cdn.adidssd7.workers.dev/?id=thumb-cdn77.xvideos-cdn.com/89be2f56-73b5-4d96-b94d-0a15c0923977/0/xv_24_t.jpg,Video pilihan kualitas terbaik yang kami kurasi khusus untuk pengalaman menonton Anda.,ipuvdoh9cda,EGFKW3
lda3k4-kenangan-kegiatan-klub-asam-manis-2-idhdpao8c39,[LDA3K4] Kenangan kegiatan klub asam manis 2,https://cdn.adidssd7.workers.dev/?id=thumb-cdn77.xvideos-cdn.com/f21177c4-e56c-4bda-a686-81b7758ff380/0/xv_13_t.jpg,Tonton video berkualitas tinggi ini sekarang juga hanya di sini.,idhdpao8c39,LDA3K4
dvjuhz-sesi-foto-pelatihan-seks-idol-mari-2-ipmcukb5442,[DVJUHZ] Sesi Foto Pelatihan Seks Idol Mari 2,https://cdn.adidssd7.workers.dev/?id=thumb-cdn77.xvideos-cdn.com/b0e5ef61-4243-404a-8a68-bda5fa69d177/0/xv_30_t.jpg,Temukan koleksi video eksklusif terbaru hanya untuk Anda hari ini.,ipmcukb5442,DVJUHZ
lpdfuy-bangsal-ilmu-hitam-bagian-kedua-bab-2-1-ipmdbbm0e95,[LPDFUY] Bangsal Ilmu Hitam Bagian Kedua Bab 2 1,https://cdn.adidssd7.workers.dev/?id=thumb-cdn77.xvideos-cdn.com/966ffe66-a5ef-4033-929c-31689c24bcd2/0/xv_20_t.jpg,Temukan koleksi video eksklusif terbaru hanya untuk Anda hari ini.,ipmdbbm0e95,LPDFUY
dhpjwc-yuka-haduki-koi-ochi-merah-muda-di-barang-barangmu-di-kepala-dan-penismu-2-icpftef4a1d,[DHPJWC] Yuka Haduki Koi Ochi ~ Merah muda di barang-barangmu di kepala dan penismu ~ 2,https://cdn.adidssd7.workers.dev/?id=thumb-cdn77.xvideos-cdn.com/11bd2505-d0f6-4583-8483-7fbef0b40513/0/xv_9_t.jpg,Temukan koleksi video eksklusif terbaru hanya untuk Anda hari ini.,icpftef4a1d,DHPJWC
s5ulmw-bangsal-ilmu-hitam-bagian-kedua-bab-1-2-ipmdalke081,[S5ULMW] Bangsal Ilmu Hitam Bagian Kedua Bab 1 2,https://cdn.adidssd7.workers.dev/?id=thumb-cdn77.xvideos-cdn.com/f1c0322b-0894-46b9-9c93-7f97611a3897/0/xv_2_t.jpg,Jangan lewatkan video menarik yang kami perbarui setiap harinya.,ipmdalke081,S5ULMW
un2r7c-amaenbo-28-2-ipbotpk7116,[UN2R7C] Amaenbo 28 2,https://cdn.adidssd7.workers.dev/?id=thumb-cdn77.xvideos-cdn.com/28bcb04f-d792-4388-a4af-2c5e200ebbc9/0/xv_21_t.jpg,Koleksi lengkap video pilihan dengan durasi yang pas untuk Anda.,ipbotpk7116,UN2R7C
ze2m53-boneka-peliharaan-elang-akina-sakura-akina-iuumvuk4c26,[ZE2M53] Boneka peliharaan elang Akina Sakura Akina,https://cdn.adidssd7.workers.dev/?id=thumb-cdn77.xvideos-cdn.com/92c7a22e-1603-4691-8f15-6ec2f64c4cc5/0/xv_7_t.jpg,Kami menyajikan konten paling populer yang wajib Anda tonton hari ini.,iuumvuk4c26,ZE2M53
u9j5v6-pengiriman-aktris-av-ke-rumah-anda-iocidfd9c92,[U9J5V6] Pengiriman aktris AV ke rumah Anda! ,https://cdn.adidssd7.workers.dev/?id=thumbs-gcore.xvideos-cdn.com/27d930b8-4598-415b-b5c1-0524664801f5/0/xv_20_t.jpg,Temukan berbagai kategori menarik dalam video pilihan kami.,iocidfd9c92,U9J5V6
sba4xr-tembakan-cum-vagina-yang-bagus-idadhvh5c38,[SBA4XR] Tembakan cum vagina yang bagus! ,https://cdn.adidssd7.workers.dev/?id=thumb-cdn77.xvideos-cdn.com/2855175f-d608-4f14-ab96-63fb42ed17f1/0/xv_15_t.jpg,Nikmati momen terbaik dengan koleksi video trending kami.,idadhvh5c38,SBA4XR
ka6xml-korps-layanan-pengiriman-bagus-iatmauo2ffa,[KA6XML] Korps layanan pengiriman bagus! ,https://cdn.adidssd7.workers.dev/?id=thumb-cdn77.xvideos-cdn.com/9603f120-43f2-44d2-8a96-2e95812b47c5/0/xv_22_t.jpg,Temukan berbagai kategori menarik dalam video pilihan kami.,iatmauo2ffa,KA6XML
47jgn2-emiri-okazaki-karibia-berlian-vol-5-2-icaadlf1959,[47JGN2] Emiri Okazaki Karibia Berlian Vol.5 2,https://cdn.adidssd7.workers.dev/?id=thumb-cdn77.xvideos-cdn.com/852ec19b-e7df-46d3-8f3d-b25883efe643/0/xv_15_t.jpg,Nikmati momen terbaik dengan koleksi video trending kami.,icaadlf1959,47JGN2
9s3afd-lola-valentine-menggoda-stepbro-apakah-kamu-ingin-menghisap-payudaraku-dan-membiakkan-aku-opikibb4542,[9S3AFD] Lola Valentine Menggoda Stepbro "Apakah Kamu Ingin Menghisap Payudaraku Dan Membiakkan Aku",https://cdn.adidssd7.workers.dev/?id=thumb-cdn77.xvideos-cdn.com/e42a26e6-e831-4f9c-bef7-d29ccbe22ae5/4/xv_24_t.jpg,Video pilihan kualitas terbaik yang kami kurasi khusus untuk pengalaman menonton Anda.,opikibb4542,9S3AFD
vx4395-kantor-asia-sayang-pussykat-mendapat-penis-keras-di-pantatnya-cupmcb68f8,[VX4395] Kantor Asia sayang PussyKat mendapat penis keras di pantatnya,https://cdn.adidssd7.workers.dev/?id=thumb-cdn77.xvideos-cdn.com/a2d10997-379f-4f05-b543-7d5181a6bf25/0/xv_15_t.jpg,Video pilihan kualitas terbaik yang kami kurasi khusus untuk pengalaman menonton Anda.,cupmcb68f8,VX4395
xrtdkn-penari-remaja-kurus-kacau-sampai-dia-menyemprotkan-hpiuucd99aa,[XRTDKN] Penari remaja kurus kacau sampai dia menyemprotkan,https://cdn.adidssd7.workers.dev/?id=thumb-cdn77.xvideos-cdn.com/e0bfb1ef-4670-44de-91e3-7df784a8a798/0/xv_27_t.jpg,Temukan berbagai kategori menarik dalam video pilihan kami.,hpiuucd99aa,XRTDKN
b93c85-boneka-hewan-peliharaan-elang-tsuna-11-iaipdeba186,[B93C85] Boneka hewan peliharaan elang Tsuna 11,https://cdn.adidssd7.workers.dev/?id=thumbs-gcore.xvideos-cdn.com/3e676a84-62d2-4c23-97b7-eae51bd8bec7/0/xv_20_t.jpg,Tonton video berkualitas tinggi ini sekarang juga hanya di sini.,iaipdeba186,B93C85
lfqac9-anehnya-payudaraku-bergoyang-dan-terlalu-erotis-2-iatbuhk0d21,[LFQAC9] Anehnya,https://cdn.adidssd7.workers.dev/?id=thumb-cdn77.xvideos-cdn.com/b2a16c01-d996-431f-99e8-ab70d6b58d46/0/xv_11_t.jpg,Koleksi lengkap video pilihan dengan durasi yang pas untuk Anda.,iatbuhk0d21,LFQAC9
2g6dqh-video-vertikal-002-anggota-hantu-melakukan-latihan-rodeo-seks-2-ipmbfhk847a,[2G6DQH] Video Vertikal 002 ~ Anggota Hantu Melakukan Latihan Rodeo Seks ~ 2,https://cdn.adidssd7.workers.dev/?id=thumb-cdn77.xvideos-cdn.com/3bf34aa4-b806-440e-8c6e-f991defc6be1/0/xv_12_t.jpg,Jangan lewatkan video menarik yang kami perbarui setiap harinya.,ipmbfhk847a,2G6DQH
sekjmz-nana-sialan-begitu-cantik---nanairo-co-ikvfimda3a6,[SEKJMZ] Nana sialan begitu cantik - nanairo.co,https://cdn.adidssd7.workers.dev/?id=thumb-cdn77.xvideos-cdn.com/dc7993a6-c963-40ee-a295-b2583d38c820/0/xv_1_t.jpg,Tonton video berkualitas tinggi ini sekarang juga hanya di sini.,ikvfimda3a6,SEKJMZ
pzcgvj-vaginanya-tidak-tersembunyi-di-balik-celana-dalam-berbentuk-v-iucpcmbfcb1,[PZCGVJ] Vaginanya tidak tersembunyi di balik celana dalam berbentuk V,https://cdn.adidssd7.workers.dev/?id=thumb-cdn77.xvideos-cdn.com/a19e2947-d2e1-4a1c-a932-03c7277abbda/0/xv_25_t.jpg,Video pilihan kualitas terbaik yang kami kurasi khusus untuk pengalaman menonton Anda.,iucpcmbfcb1,PZCGVJ
8dkb4e-kenangan-kegiatan-klub-asam-manis-1-idhdpvd213a,[8DKB4E] Kenangan kegiatan klub asam manis 1,https://cdn.adidssd7.workers.dev/?id=thumb-cdn77.xvideos-cdn.com/2b522111-a570-4016-b534-102cb4fe38c3/0/xv_30_t.jpg,Koleksi lengkap video pilihan dengan durasi yang pas untuk Anda.,idhdpvd213a,8DKB4E
4et3n5-saat-iku-aku-akan-menghadapi-double-piece-1-ipulvch8734,[4ET3N5] ~ Saat Iku aku akan menghadapi double piece ~ 1,https://cdn.adidssd7.workers.dev/?id=thumb-cdn77.xvideos-cdn.com/d629139f-f238-43f8-b461-74925cf77d15/0/xv_19_t.jpg,Temukan koleksi video eksklusif terbaru hanya untuk Anda hari ini.,ipulvch8734,4ET3N5
tj283x-kenangan-musim-panas-10-2-iphicbbbbfc,[TJ283X] Kenangan musim panas 10 2,https://cdn.adidssd7.workers.dev/?id=thumb-cdn77.xvideos-cdn.com/d9899620-216b-4fe6-8f3c-19697e1f8651/0/xv_29_t.jpg,Video yang sedang banyak dibicarakan oleh komunitas saat ini.,iphicbbbbfc,TJ283X
hvy4tb-benua-panas-wanita-48-1-iptcdpvbdbb,[HVY4TB] Benua panas wanita 48 1,https://cdn.adidssd7.workers.dev/?id=thumb-cdn77.xvideos-cdn.com/50823f2c-5d2d-4899-a977-cf2abc6e4430/0/xv_26_t.jpg,Tonton video berkualitas tinggi ini sekarang juga hanya di sini.,iptcdpvbdbb,HVY4TB
gyscmv-cewek-jepang-yang-memikat-menelan-batang-berbulu-yang-keras-ioeuemo86fe,[GYSCMV] Cewek Jepang yang memikat menelan batang berbulu yang keras,https://cdn.adidssd7.workers.dev/?id=thumb-cdn77.xvideos-cdn.com/2c7066ef-6ecb-44d9-9b88-131a629bf521/0/xv_23_t.jpg,Koleksi lengkap video pilihan dengan durasi yang pas untuk Anda.,ioeuemo86fe,GYSCMV
z68kct-creampie-dari-penjaga-yang-juga-menjaga-bagian-bawah-2-iottccv48a4,[Z68KCT] Creampie dari penjaga yang juga menjaga bagian bawah-2,https://cdn.adidssd7.workers.dev/?id=thumb-cdn77.xvideos-cdn.com/99ed0d5b-b53a-411b-8ad6-f39425ac9862/0/xv_4_t.jpg,Video pilihan kualitas terbaik yang kami kurasi khusus untuk pengalaman menonton Anda.,iottccv48a4,Z68KCT
43dfbv-super-ikase-2-ipcudov5233,[43DFBV] Super Ikase 2,https://cdn.adidssd7.workers.dev/?id=thumbs-gcore.xvideos-cdn.com/b5841b8a-a239-49fa-937c-ddca5576a318/0/xv_9_t.jpg,Jangan lewatkan video menarik yang kami perbarui setiap harinya.,ipcudov5233,43DFBV
evsfku-ai-uehara-aktris-paling-populer-dalam-tugas-aktif-2-iplfhlodece,[EVSFKU] Ã¯Â½ Ai Uehara aktris paling populer dalam tugas aktif Ã¯Â½ 2,https://cdn.adidssd7.workers.dev/?id=thumb-cdn77.xvideos-cdn.com/43f0f21b-97ef-4535-9297-9b53d28e638d/0/xv_25_t.jpg,Koleksi lengkap video pilihan dengan durasi yang pas untuk Anda.,iplfhlodece,EVSFKU
yjrd98-benua-panas-wanita-42-1-ipceuef1739,[YJRD98] Benua panas wanita 42-1,https://cdn.adidssd7.workers.dev/?id=thumb-cdn77.xvideos-cdn.com/a62eab89-98b4-450e-8e28-251c5fcb1fe2/0/xv_24_t.jpg,Video pilihan kualitas terbaik yang kami kurasi khusus untuk pengalaman menonton Anda.,ipceuef1739,YJRD98
wblq2m-ai-uehara-spesial-serius-2-kmvkdmb789c,[WBLQ2M] Ai Uehara ~ Spesial Serius ~ 2,https://cdn.adidssd7.workers.dev/?id=thumb-cdn77.xvideos-cdn.com/c47815bb-af97-444b-b5a5-cddac48b1d79/0/xv_2_t.jpg,Temukan koleksi video eksklusif terbaru hanya untuk Anda hari ini.,kmvkdmb789c,WBLQ2M
rtzw5u-saya-mencoba-mendekati-proyek-cabul-kepada-pria-dan-wanita-yang-merupakan-senior-dan-junior-dari-pekerjaan-paruh-waktu-bagian-sasaboshi-2-koeamtm9819,[RTZW5U] Saya mencoba mendekati proyek cabul kepada pria dan wanita yang merupakan senior dan junior dari pekerjaan paruh waktu Bagian Sasaboshi 2,https://cdn.adidssd7.workers.dev/?id=thumb-cdn77.xvideos-cdn.com/c7952832-3913-41d7-82c2-029cb5cad9da/0/xv_20_t.jpg,Temukan berbagai kategori menarik dalam video pilihan kami.,koeamtm9819,RTZW5U
6dx5qb-kami-mohon-maaf-atas-ketidaknyamanan-ini-penyelesaian-tunggakan-sewa-adalah-tubuh---masaki-uehara-2-ktmcmko3169,[6DX5QB] Kami mohon maaf atas ketidaknyamanan ini ~ Penyelesaian tunggakan sewa adalah tubuh ~ --Masaki Uehara 2,https://cdn.adidssd7.workers.dev/?id=thumb-cdn77.xvideos-cdn.com/a57e8ed9-7b11-49b1-b5e9-8346bd7d2373/0/xv_25_t.jpg,Jangan lewatkan video menarik yang kami perbarui setiap harinya.,ktmcmko3169,6DX5QB
fxvy35-sofia-takigawa-mengerang-dengan-banyak-y-iapuimd579b,[FXVY35] Sofia Takigawa mengerang dengan banyak y. ,https://cdn.adidssd7.workers.dev/?id=thumb-cdn77.xvideos-cdn.com/2662522e-7ba4-4a4f-8190-2503e8abd167/0/xv_4_t.jpg,Tonton video berkualitas tinggi ini sekarang juga hanya di sini.,iapuimd579b,FXVY35
7fym5k-jepang-keren-mendapat-gangbanged-di-dojo-nya-ibvvfth28e9,[7FYM5K] Jepang keren mendapat gangbanged di dojo-nya,https://cdn.adidssd7.workers.dev/?id=thumb-cdn77.xvideos-cdn.com/bd0341ed-8e2f-44fa-b747-69faf40175d7/0/xv_8_t.jpg,Video yang sedang banyak dibicarakan oleh komunitas saat ini.,ibvvfth28e9,7FYM5K
6n3vg2-pelacur-jepang-aki-ninomiya-tidak-akan-mengenakan-biaya-untuk-tetangga-yang-tidak-disensor-ibbmkim232e,[6N3VG2] Pelacur Jepang Aki Ninomiya tidak akan mengenakan biaya untuk tetangga yang tidak disensor,https://cdn.adidssd7.workers.dev/?id=thumb-cdn77.xvideos-cdn.com/8c4bd3ce-b579-4ff1-b8ff-4f9ba3cd4b0d/0/xv_13_t.jpg,Temukan berbagai kategori menarik dalam video pilihan kami.,ibbmkim232e,6N3VG2
awgmr7-benar-ayo-pergi-ke-sumber-air-panas-iociftfd44f,[AWGMR7] Benar,https://cdn.adidssd7.workers.dev/?id=thumb-cdn77.xvideos-cdn.com/0a363a07-ccb7-49c5-9ad7-23049b98bdd2/0/xv_29_t.jpg,Konten terbaru yang sedang viral dan banyak dicari saat ini.,iociftfd44f,AWGMR7
t7prqy-pijat-erotis-yang-laki-laki-naik-2-kobtkth2d00,[T7PRQY] Pijat erotis yang laki-laki naik 2,https://cdn.adidssd7.workers.dev/?id=thumb-cdn77.xvideos-cdn.com/92a381be-f737-418b-a0a4-c2a94c8ad87c/0/xv_20_t.jpg,Nikmati momen terbaik dengan koleksi video trending kami.,kobtkth2d00,T7PRQY
npasyd-memek-melengkung-nao-mizuki-dihancurkan-dalam-threesome-beruap-dengan-dua-pria-horny-oploauo8cfa,[NPASYD] Memek Melengkung Nao Mizuki Dihancurkan dalam Threesome Beruap dengan Dua Pria Horny!,https://cdn.adidssd7.workers.dev/?id=thumb-cdn77.xvideos-cdn.com/d65bade2-72ff-4ada-876a-6495a1bfafcc/5/xv_19_t.jpg,Kami menyajikan konten paling populer yang wajib Anda tonton hari ini.,oploauo8cfa,NPASYD
vpgnkf-blowjob-luar-biasa-oleh-nene-atfapkc7aa,[VPGNKF] Blowjob luar biasa oleh Nene,https://cdn.adidssd7.workers.dev/?id=thumb-cdn77.xvideos-cdn.com/fedcdfe2-c620-44fb-b13c-cb68ccede9b5/0/xv_7_t.jpg,Kami menyajikan konten paling populer yang wajib Anda tonton hari ini.,atfapkc7aa,VPGNKF
2rx9jp-jk-gaya-blowjob-cumshot-hfddcio3394,[2RX9JP] Jk Gaya Blowjob Cumshot,https://cdn.adidssd7.workers.dev/?id=thumb-cdn77.xvideos-cdn.com/e736860e-90a7-4763-b5fc-5449ab30c9ee/0/xv_29_t.jpg,Video yang sedang banyak dibicarakan oleh komunitas saat ini.,hfddcio3394,2RX9JP
mjnr2y-siapa-namanya-hmdpkfk2648,[MJNR2Y] siapa namanya,https://cdn.adidssd7.workers.dev/?id=thumb-cdn77.xvideos-cdn.com/430e0de8-a033-4b2f-9adb-7484b69ca65d/0/xv_8_t.jpg,Kami menyajikan konten paling populer yang wajib Anda tonton hari ini.,hmdpkfk2648,MJNR2Y
sv8xga-gadis-cina-amatir-menikmati-bercinta-sambil-menerima-panggilan-telepon-hlecmbv1f3d,[SV8XGA] gadis cina amatir menikmati bercinta sambil menerima panggilan telepon,https://cdn.adidssd7.workers.dev/?id=thumbs-gcore.xvideos-cdn.com/169d571b-af41-4e12-ad33-b6099d4531b8/0/xv_10_t.jpg,Nikmati momen terbaik dengan koleksi video trending kami.,hlecmbv1f3d,SV8XGA
ve9phs-kakak-tiri-kulit-putih-mencintai-kontol-besar-kakak-tirinya-uabcibv7f93,[VE9PHS] Kakak Tiri Kulit Putih Mencintai Kontol Besar Kakak Tirinya,https://cdn.adidssd7.workers.dev/?id=thumb-cdn77.xvideos-cdn.com/a84efdda-6c43-4bd7-95c9-d48d635704e8/0/xv_30_t.jpg,Kami menyajikan konten paling populer yang wajib Anda tonton hari ini.,uabcibv7f93,VE9PHS
2ls9mx-mofos---pervs-on-patrol---sean-lawless-alice-merchesi---pemintal-curang-lov-hfdavpf80e5,[2LS9MX] Mofos - Pervs On Patrol - (Sean Lawless Alice Merchesi) - Pemintal Curang Lov,https://cdn.adidssd7.workers.dev/?id=thumb-cdn77.xvideos-cdn.com/247ed702-1c57-42f7-968b-61c37d358c58/0/xv_14_t.jpg,Temukan koleksi video eksklusif terbaru hanya untuk Anda hari ini.,hfdavpf80e5,2LS9MX
vtndr7-kapten-hcvafbhd116,[VTNDR7] Kapten? ,https://cdn.adidssd7.workers.dev/?id=thumb-cdn77.xvideos-cdn.com/e0dbbdc9-3331-4ab4-9d66-c680f36f751f/0/xv_1_t.jpg,Jangan lewatkan video menarik yang kami perbarui setiap harinya.,hcvafbhd116,VTNDR7
sz4qg8-layanan-segar-sabun-menikah-sungai-dewa-kasuga-mona-iuieiao5863,[SZ4QG8] Layanan Segar Sabun Menikah Sungai Dewa Kasuga Mona,https://cdn.adidssd7.workers.dev/?id=thumb-cdn77.xvideos-cdn.com/f7f585af-f81a-471a-9b08-9a838db55ce5/0/xv_11_t.jpg,Video yang sedang banyak dibicarakan oleh komunitas saat ini.,iuieiao5863,SZ4QG8
9tkw7h-gadis-jepang-menelan-banyak-banyak-sperma-tebal-hfdceokdb10,[9TKW7H] Gadis Jepang Menelan Banyak Banyak sperma Tebal,https://cdn.adidssd7.workers.dev/?id=thumb-cdn77.xvideos-cdn.com/3c82ec7e-cbe0-4d2e-8cc4-56daa8f7e67e/0/xv_26_t.jpg,Nikmati momen terbaik dengan koleksi video trending kami.,hfdceokdb10,9TKW7H
qjawy4-amatir-pekerjaan-pukulan-kkmve68c,[QJAWY4] Amatir pekerjaan pukulan,https://cdn.adidssd7.workers.dev/?id=thumb-cdn77.xvideos-cdn.com/7f6e512e-3a21-434c-a846-093c05801b33/0/xv_21_t.jpg,Temukan berbagai kategori menarik dalam video pilihan kami.,kkmve68c,QJAWY4
4kj9mn-pantat-besar-milf-sepong-penis-besar-seks-anal-dan-air-mani-makan-di-dapur-koltifvd47e,[4KJ9MN] pantat besar milf sepong penis besar seks anal dan air mani makan di dapur,https://cdn.adidssd7.workers.dev/?id=thumb-cdn77.xvideos-cdn.com/da26c94e-2e69-4882-8758-8089c8d80195/0/xv_12_t.jpg,Temukan berbagai kategori menarik dalam video pilihan kami.,koltifvd47e,4KJ9MN
mt8swd-blowjob-dapur-mengarah-ke-seks-romantis-yang-penuh-gairah-uecopod19d6,[MT8SWD] Blowjob dapur mengarah ke Seks Romantis yang Penuh Gairah! ,https://cdn.adidssd7.workers.dev/?id=thumbs-gcore.xvideos-cdn.com/408f59eb-c1f1-4937-bfdf-2b44b4b8d727/0/xv_5_t.jpg,Tonton video berkualitas tinggi ini sekarang juga hanya di sini.,uecopod19d6,MT8SWD
m43qcx-berbagi-istri-saya-oliver-flynn-ryan-pengebor-syren-de-mer-ukkpeid3cec,[M43QCX] Berbagi Istri Saya Oliver Flynn Ryan Pengebor Syren De Mer,https://cdn.adidssd7.workers.dev/?id=thumb-cdn77.xvideos-cdn.com/6c2ccf91-fbd2-4b5a-86c0-a041cde4861e/0/xv_4_t.jpg,Konten terbaru yang sedang viral dan banyak dicari saat ini.,ukkpeid3cec,M43QCX
fxzvlg-suami-olivia-suka-berbagi-istrinya-dengan-pria-lain-kedplevdea8,[FXZVLG] Suami Olivia suka berbagi istrinya dengan pria lain,https://cdn.adidssd7.workers.dev/?id=thumb-cdn77.xvideos-cdn.com/f27388ce-d3b9-4b8d-9988-70ed31bf6bb9/0/xv_24_t.jpg,Jangan lewatkan video menarik yang kami perbarui setiap harinya.,kedplevdea8,FXZVLG
3krg75-handuk-blowjob-di-dapur-telanjang-rambut-pirang-ibu-rumah-tangga-menyebalkan-kontol-oplediu2abb,[3KRG75] Handuk Blowjob di Dapur Telanjang Rambut Pirang Ibu Rumah Tangga Menyebalkan Kontol,https://cdn.adidssd7.workers.dev/?id=thumb-cdn77.xvideos-cdn.com/4a217385-15c3-4108-bf22-ede3428ca6ef/5/xv_21_t.jpg,Video yang sedang banyak dibicarakan oleh komunitas saat ini.,oplediu2abb,3KRG75
f87ayx-pagi-pekerjaan-pukulan-berubah-menjadi-penuh-gairah-opuhklu1e51,[F87AYX] Pagi pekerjaan pukulan Berubah Menjadi Penuh Gairah,https://cdn.adidssd7.workers.dev/?id=thumb-cdn77.xvideos-cdn.com/503a559d-75d2-40c9-b5c4-d704b68a6c8d/4/xv_15_t.jpg,Temukan berbagai kategori menarik dalam video pilihan kami.,opuhklu1e51,F87AYX
spcjv8-fullpornnetwork---martin-spell-membalikkan-polly-yangs-untuk-penetrasi-mendalam-di-sofa-opiufmu3ae3,[SPCJV8] FullPornNetwork - Martin Spell membalikkan Polly Yangs untuk penetrasi mendalam di sofa,https://cdn.adidssd7.workers.dev/?id=thumb-cdn77.xvideos-cdn.com/90372876-cccb-4608-a56f-3d80dc895932/4/xv_11_t.jpg,Tonton video berkualitas tinggi ini sekarang juga hanya di sini.,opiufmu3ae3,SPCJV8
snpk25-tipe-jepang-anal-threesome-dengan-geisha-ivana-sugar-dan-alice-ihbpabv214b,[SNPK25] Tipe Jepang Anal Threesome Dengan Geisha Ivana Sugar Dan Alice,https://cdn.adidssd7.workers.dev/?id=thumb-cdn77.xvideos-cdn.com/aa58d8d9-95ce-44e5-a0a6-afcc37513d48/0/xv_29_t.jpg,Koleksi lengkap video pilihan dengan durasi yang pas untuk Anda.,ihbpabv214b,SNPK25
p783cu-leyla-black-marica-hase-tidak-hanya-memuaskan-dengan-kakinya-iikckth2799,[P783CU] Leyla Black & Marica Hase Tidak Hanya Memuaskan dengan Kakinya,https://cdn.adidssd7.workers.dev/?id=thumb-cdn77.xvideos-cdn.com/bf7a7d60-55df-49c1-bd30-851c4e6a36ab/0/xv_12_t.jpg,Koleksi lengkap video pilihan dengan durasi yang pas untuk Anda.,iikckth2799,P783CU
dc35al-seorang-gadis-rapi-dan-lugu-dengan-wajah-imut-dan-sikap-yang-terlihat-serius-utplpehb0ba,[DC35AL] Seorang gadis rapi dan lugu dengan wajah imut dan sikap yang terlihat serius! ,https://cdn.adidssd7.workers.dev/?id=thumbs-gcore.xvideos-cdn.com/21b4bdc1-6be6-4bfc-9b6a-3a2d015f3384/0/xv_14_t.jpg,Kami menyajikan konten paling populer yang wajib Anda tonton hari ini.,utplpehb0ba,DC35AL
2lwt96-seorang-gadis-sensitif-dari-tim-renang-yang-vaginanya-mudah-basah-utvmtdmc50c,[2LWT96] Seorang gadis sensitif dari tim renang yang vaginanya mudah basah! ,https://cdn.adidssd7.workers.dev/?id=thumb-cdn77.xvideos-cdn.com/40eacd1c-c2f1-4451-aca4-0a04da698b5d/0/xv_28_t.jpg,Koleksi lengkap video pilihan dengan durasi yang pas untuk Anda.,utvmtdmc50c,2LWT96
zgh63e-perawan-kecil-menunjukkan-lubang-terkecilnya-dengan-ceri-perawan-ivbdbpmf13c,[ZGH63E] Perawan kecil menunjukkan lubang terkecilnya dengan ceri perawan!,https://cdn.adidssd7.workers.dev/?id=thumb-cdn77.xvideos-cdn.com/3351f92d-f0b5-41be-aa72-0d716955404f/0/xv_20_t.jpg,Tonton video berkualitas tinggi ini sekarang juga hanya di sini.,ivbdbpmf13c,ZGH63E
49ganj-pelacur-asia-titty-manis-meniduri-pria-di-berempat-yang-panas-itkmkuo958a,[49GANJ] Pelacur Asia titty manis meniduri pria di berempat yang panas,https://cdn.adidssd7.workers.dev/?id=thumb-cdn77.xvideos-cdn.com/e7826d17-8662-4933-8df2-b1bc233c557c/0/xv_30_t.jpg,Temukan koleksi video eksklusif terbaru hanya untuk Anda hari ini.,itkmkuo958a,49GANJ
gehsdq-dua-pelacur-asia-berambut-coklat-mendapatkan-fucked-oleh-pria-ayam-besar-itubpkv744a,[GEHSDQ] Dua pelacur Asia berambut coklat mendapatkan fucked oleh pria ayam besar,https://cdn.adidssd7.workers.dev/?id=thumb-cdn77.xvideos-cdn.com/2eb22311-2c62-4ea4-b64a-89daea82b1e7/0/xv_2_t.jpg,Temukan koleksi video eksklusif terbaru hanya untuk Anda hari ini.,itubpkv744a,GEHSDQ
e6z5a3-remaja-asia-mempersiapkan-pussies-mereka-untuk-diservis-iimlckkaf33,[E6Z5A3] Remaja Asia mempersiapkan pussies mereka untuk diservis,https://cdn.adidssd7.workers.dev/?id=thumb-cdn77.xvideos-cdn.com/514aa54e-0d58-4c6e-9d80-a032d57560c5/0/xv_30_t.jpg,Temukan berbagai kategori menarik dalam video pilihan kami.,iimlckkaf33,E6Z5A3
5j8yub-dokumen-pemotretan-pertama-istri-amatir-49-nanako-shiraishi-nanako-shiraishi-2-kekfeeka4a6,[5J8YUB] Dokumen Pemotretan Pertama Istri Amatir 49 Nanako Shiraishi Nanako Shiraishi 2,https://cdn.adidssd7.workers.dev/?id=thumb-cdn77.xvideos-cdn.com/d95783c1-57bb-40f6-8753-a64e8a75b34b/0/xv_8_t.jpg,Video pilihan kualitas terbaik yang kami kurasi khusus untuk pengalaman menonton Anda.,kekfeeka4a6,5J8YUB
32mvqt-saya-mewawancarai-seorang-amatir-yang-ingin-tampil-di-video-dewasa-kdceafv2c5d,[32MVQT] Saya mewawancarai seorang amatir yang ingin tampil di video dewasa. ,https://cdn.adidssd7.workers.dev/?id=thumb-cdn77.xvideos-cdn.com/6f184e85-dad7-428c-95bb-bcce909fcaeb/0/xv_30_t.jpg,Tonton video berkualitas tinggi ini sekarang juga hanya di sini.,kdceafv2c5d,32MVQT
qml4s6-sayang-jepang-tomoyo-isumi-mengendarai-penis-tanpa-sensor-kuvticm9565,[QML4S6] Sayang Jepang Tomoyo Isumi mengendarai penis tanpa sensor,https://cdn.adidssd7.workers.dev/?id=thumb-cdn77.xvideos-cdn.com/c1408af4-ebe0-4349-8dcd-3c3520ed73b1/0/xv_3_t.jpg,Konten terbaru yang sedang viral dan banyak dicari saat ini.,kuvticm9565,QML4S6
8hclv6-salahkan-isumi-tomoyo-sebagai-mainan-kobtmov8496,[8HCLV6] Salahkan Isumi Tomoyo sebagai mainan! ,https://cdn.adidssd7.workers.dev/?id=thumbs-gcore.xvideos-cdn.com/a2ca0298-1935-4515-8eb6-9afe10de6db0/0/xv_20_t.jpg,Koleksi lengkap video pilihan dengan durasi yang pas untuk Anda.,kobtmov8496,8HCLV6
hjtnva-sayang-jepang-michiru-ogawa-melakukan-seks-anal-tanpa-sensor-kmaufhhf6c9,[HJTNVA] Sayang Jepang Michiru Ogawa melakukan seks anal tanpa sensor,https://cdn.adidssd7.workers.dev/?id=thumb-cdn77.xvideos-cdn.com/af913d40-2197-4dd6-a250-0f3a81152152/0/xv_30_t.jpg,Video pilihan kualitas terbaik yang kami kurasi khusus untuk pengalaman menonton Anda.,kmaufhhf6c9,HJTNVA
5c2vlw-jepang-kakak-tiri-sialan-tanpa-pelana-klltpab2a9e,[5C2VLW] Jepang Kakak Tiri Sialan Tanpa Pelana,https://cdn.adidssd7.workers.dev/?id=thumb-cdn77.xvideos-cdn.com/cf664854-4280-41cd-9776-e034d5af10d6/0/xv_5_t.jpg,Temukan berbagai kategori menarik dalam video pilihan kami.,klltpab2a9e,5C2VLW
qnptm2-jepang-pelacur-sialan-dengan-langkah-bro-klltiid16ca,[QNPTM2] Jepang Pelacur Sialan Dengan Langkah Bro,https://cdn.adidssd7.workers.dev/?id=thumb-cdn77.xvideos-cdn.com/10ba5ac9-f26b-42e2-b6c1-dca8f1be42b6/0/xv_11_t.jpg,Nikmati momen terbaik dengan koleksi video trending kami.,klltiid16ca,QNPTM2
hv9ydu-putri-tiri-jepang-mendapat-creampie-klltlhh5e63,[HV9YDU] Putri Tiri Jepang Mendapat Creampie,https://cdn.adidssd7.workers.dev/?id=thumb-cdn77.xvideos-cdn.com/ae53148d-5ab4-4c78-885f-496f2defd0e1/0/xv_7_t.jpg,Tonton video berkualitas tinggi ini sekarang juga hanya di sini.,klltlhh5e63,HV9YDU
wtgc7k-ichika-matsumoto---mainan-seks-brut-l-kecantikan-berseragam-direnggut-dari-pacarnya-lihat-selengkapnya-https-bit-ly-raptor-xvideos-utvmuokfe79,[WTGC7K] Ichika Matsumoto - Mainan Seks Brut*l: Kecantikan Berseragam Direnggut Dari Pacarnya : Lihat SelengkapnyaÃ¢https://bit.ly/Raptor-Xvideos,https://cdn.adidssd7.workers.dev/?id=thumb-cdn77.xvideos-cdn.com/105eaefd-7888-40a3-8541-4366f5dd0c10/0/xv_9_t.jpg,Video yang sedang banyak dibicarakan oleh komunitas saat ini.,utvmuokfe79,WTGC7K
qbgxpz-seorang-gadis-rapi-dan-lugu-dengan-wajah-imut-dan-sikap-yang-terlihat-serius-utplmohef9c,[QBGXPZ] Seorang gadis rapi dan lugu dengan wajah imut dan sikap yang terlihat serius! ,https://cdn.adidssd7.workers.dev/?id=thumb-cdn77.xvideos-cdn.com/5b79ccf5-4cf8-496f-a247-eca9a532114a/0/xv_7_t.jpg,Jangan lewatkan video menarik yang kami perbarui setiap harinya.,utplmohef9c,QBGXPZ
rlm7bp-teman-yang-saya-temui-setelah-sekian-lama-tumbuh-seperti-orang-yang-tidak-menyenangkan-merayakan-reuni-dan-suntikan-cum-vagina-kmemcadb7fd,[RLM7BP] Teman yang saya temui setelah sekian lama tumbuh seperti orang yang tidak menyenangkan ~ Merayakan reuni dan suntikan cum vagina! ,https://cdn.adidssd7.workers.dev/?id=thumb-cdn77.xvideos-cdn.com/bab5f3e3-8d4a-4a35-ab14-0478cf50749f/0/xv_19_t.jpg,Video pilihan kualitas terbaik yang kami kurasi khusus untuk pengalaman menonton Anda.,kmemcadb7fd,RLM7BP
rjh2tf-creampie-pelacur-jepang-yang-lucu-uhkemdo4a39,[RJH2TF] creampie pelacur Jepang yang lucu,https://cdn.adidssd7.workers.dev/?id=thumb-cdn77.xvideos-cdn.com/1830bfa2-62e2-404e-81c8-2301eb3b18ad/0/xv_11_t.jpg,Temukan koleksi video eksklusif terbaru hanya untuk Anda hari ini.,uhkemdo4a39,RJH2TF
g3x8tw-anda-tidak-boleh-melewatkan-raut-wajah-seorang-gadis-yang-belum-pernah-mengalami-orgasme-ketika-dia-dibuat-orgasme-oleh-seekor-ayam-untuk-pertama-kali-dalam-hidupnya-uhovcbob104,[G3X8TW] Anda tidak boleh melewatkan raut wajah seorang gadis yang belum pernah mengalami orgasme ketika dia dibuat orgasme oleh seekor ayam untuk pertama kali dalam hidupnya.,https://cdn.adidssd7.workers.dev/?id=thumb-cdn77.xvideos-cdn.com/f856b087-a5a6-4f3c-9a94-28bdbc8b6068/0/xv_10_t.jpg,Tonton video berkualitas tinggi ini sekarang juga hanya di sini.,uhovcbob104,G3X8TW
3grcsw-kozue-sepasang-jk-yang-membutuhkan-uang-terjebak-dalam-aplikasi-obrolan-bagian-2-02-uteumpk9f5c,[3GRCSW] Kozue-Sepasang JK yang membutuhkan uang terjebak dalam aplikasi obrolan-Bagian 2 02,https://cdn.adidssd7.workers.dev/?id=thumb-cdn77.xvideos-cdn.com/b3db6672-3088-4fa8-9d07-d0466184f2d4/0/xv_27_t.jpg,Jangan lewatkan video menarik yang kami perbarui setiap harinya.,uteumpk9f5c,3GRCSW
w6jsdu-yuuki-makoto-merentangkan-kakinya-dan-memasukkan-penis-dalam-posisi-misionaris-dan-berguling-dari-bercinta-doggystyle-sebanyak-mungkin-utedubfed88,[W6JSDU] Yuuki Makoto merentangkan kakinya dan memasukkan penis dalam posisi misionaris dan berguling dari bercinta doggystyle sebanyak mungkin,https://cdn.adidssd7.workers.dev/?id=thumb-cdn77.xvideos-cdn.com/e1870b9b-70ea-4fa0-b6e1-339e182b5542/0/xv_25_t.jpg,Video yang sedang banyak dibicarakan oleh komunitas saat ini.,utedubfed88,W6JSDU
bpw54e-kozue-sepasang-jk-yang-membutuhkan-uang-terjebak-dalam-aplikasi-obrolan-bagian-2-01-uteumhf7417,[BPW54E] Kozue-Sepasang JK yang membutuhkan uang terjebak dalam aplikasi obrolan-Bagian 2 01,https://cdn.adidssd7.workers.dev/?id=thumb-cdn77.xvideos-cdn.com/87856c4a-0081-4cfa-9cb0-ce17d22dc5f2/0/xv_28_t.jpg,Video pilihan kualitas terbaik yang kami kurasi khusus untuk pengalaman menonton Anda.,uteumhf7417,BPW54E
9cwklt-klub-pemandu-sorak-gonzo-uhvmmhb6b8b,[9CWKLT] Klub pemandu sorak Gonzo,https://cdn.adidssd7.workers.dev/?id=thumb-cdn77.xvideos-cdn.com/2bf33f95-ecf2-4826-8362-8631109c9c0b/0/xv_13_t.jpg,Koleksi lengkap video pilihan dengan durasi yang pas untuk Anda.,uhvmmhb6b8b,9CWKLT
5y8pkc-video-sex-dengan-dua-fwb-super-imut-masih-berpakaian-sch-olgirl-kbhupoocb5c,[5Y8PKC] Video SEX dengan DUA FWB Super Imut Masih Berpakaian Sch*olgirl! ,https://cdn.adidssd7.workers.dev/?id=thumb-cdn77.xvideos-cdn.com/d1ab8392-1996-4725-bea2-9966d453c28b/0/xv_23_t.jpg,Tonton video berkualitas tinggi ini sekarang juga hanya di sini.,kbhupoocb5c,5Y8PKC
u73shk-pesta-gangbang-remaja-jepang-uhkeitv5efe,[U73SHK] pesta gangbang remaja jepang,https://cdn.adidssd7.workers.dev/?id=thumb-cdn77.xvideos-cdn.com/87b1f32e-7758-4dd6-a4d4-946dda289e64/0/xv_1_t.jpg,Koleksi lengkap video pilihan dengan durasi yang pas untuk Anda.,uhkeitv5efe,U73SHK
gk4m9z-petualangan-seks-asia-panas-yumi-maeda-berakhir-dengan-selesainya-creampie-besar-besaran-opmitte54fd,[GK4M9Z] Petualangan Seks Asia Panas Yumi Maeda Berakhir Dengan Selesainya Creampie Besar-besaran,https://cdn.adidssd7.workers.dev/?id=thumb-cdn77.xvideos-cdn.com/1c3dec26-d909-4af8-9f45-01421e7b8bd4/5/xv_6_t.jpg,Konten terbaru yang sedang viral dan banyak dicari saat ini.,opmitte54fd,GK4M9Z
xgcuzt-suzu-ichinose-terasa-hebat-dengan-penis-besar-di-vaginanya---selengkapnya-di-javhd-net-iphbaco1f77,[XGCUZT] Suzu Ichinose terasa hebat dengan penis besar di vaginanya - Selengkapnya di javhd.net,https://cdn.adidssd7.workers.dev/?id=thumb-cdn77.xvideos-cdn.com/05adbaaf-fd9b-46d1-ae84-91f703ed34b7/0/xv_25_t.jpg,Video yang sedang banyak dibicarakan oleh komunitas saat ini.,iphbaco1f77,XGCUZT
gvemw2-porno-jepang-luar-ruangan-teratas-dengan-chihiro-akino-seksi---selengkapnya-di-javhd-net-klkkobk2665,[GVEMW2] Porno Jepang luar ruangan teratas dengan Chihiro Akino seksi - Selengkapnya di javhd.net,https://cdn.adidssd7.workers.dev/?id=thumb-cdn77.xvideos-cdn.com/f40695e5-7e1d-4732-a644-d7d25501b60b/0/xv_10_t.jpg,Kami menyajikan konten paling populer yang wajib Anda tonton hari ini.,klkkobk2665,GVEMW2
49bt2e-video-berharga-dari-staf-balai-kota-kelas-idola-dirilis-uhupfvof8eb,[49BT2E] Video berharga dari staf balai kota kelas idola dirilis. ,https://cdn.adidssd7.workers.dev/?id=thumbs-gcore.xvideos-cdn.com/92dd0f87-e992-44f8-afd5-ec97ffca1452/0/xv_2_t.jpg,Video yang sedang banyak dibicarakan oleh komunitas saat ini.,uhupfvof8eb,49BT2E
5kt73b-https-bit-ly-3koooc5-saya-ingin-merasakan-kenikmatan-orgasme-seorang-mahasiswi-aktif-bergengsi-yang-tidak-mengalami-orgasme-menantang-orgasme-pertama-di-depan-kamera-porno-buatan-sendiri-amatir-jepang-kdbocof6d6a,[5KT73B] https://bit.ly/3KoOoC5Ã£"Saya ingin merasakan kenikmatan orgasme " Seorang mahasiswi aktif bergengsi yang tidak mengalami orgasme menantang "orgasme pertama" di depan kamera!Ã£Porno buatan sendiri amatir Jepang. ,https://cdn.adidssd7.workers.dev/?id=thumb-cdn77.xvideos-cdn.com/bc1220cd-cee4-4ee9-8fc7-25d747a1cead/0/xv_10_t.jpg,Kami menyajikan konten paling populer yang wajib Anda tonton hari ini.,kdbocof6d6a,5KT73B
w8g34t-penyisipan-mentah-tembakan-cum-vagina-mentah-ke-seorang-wanita-muda-berpakaian-bagus-yang-memiliki-kebersihan-dan-transparansi-uiumivda041,[W8G34T] Penyisipan mentah tembakan cum vagina mentah ke seorang wanita muda berpakaian bagus yang memiliki kebersihan dan transparansi! ,https://cdn.adidssd7.workers.dev/?id=thumb-cdn77.xvideos-cdn.com/a59b5780-5159-4cf0-b578-fb19c4ac2a91/0/xv_24_t.jpg,Konten terbaru yang sedang viral dan banyak dicari saat ini.,uiumivda041,W8G34T
e829vc-tsugumi-mizusawa-yang-mulai-memohon-pada-ji-po-mulai-menjadi-gila-hingga-wajahnya-pingsan-ketika-aku-mencoba-membuatnya-tersenyum-gadis-ubu-yang-lucu-kemvlub97c2,[E829VC] Tsugumi Mizusawa yang mulai memohon pada Ji Ã¢ Po mulai menjadi gila hingga wajahnya pingsan ketika aku mencoba membuatnya tersenyum gadis Ubu yang lucu,https://cdn.adidssd7.workers.dev/?id=thumb-cdn77.xvideos-cdn.com/43a9911d-f660-423d-9471-7ff0ab412849/0/xv_28_t.jpg,Video pilihan kualitas terbaik yang kami kurasi khusus untuk pengalaman menonton Anda.,kemvlub97c2,E829VC
vtdur3-mencintai-seks-dengan-seseorang-yang-begitu-lembut-dan-dia-hancur-saat-anda-memegangnya-kddmapk6d9d,[VTDUR3] Mencintai Seks Dengan Seseorang yang Begitu Lembut dan Dia Hancur Saat Anda Memegangnya,https://cdn.adidssd7.workers.dev/?id=thumbs-gcore.xvideos-cdn.com/1e77786a-f387-41b0-a434-c30129a3f2fd/0/xv_10_t.jpg,Video yang sedang banyak dibicarakan oleh komunitas saat ini.,kddmapk6d9d,VTDUR3
evtzx8-intro-tsugumi-mizusawa-yang-mulai-memohon-pada-ji-po-karena-dia-menjadi-sangat-gila-hingga-wajahnya-pingsan-ketika-aku-mencoba-membuatnya-tersenyum-gadis-ubu-yang-lucu-kelfuuvf172,[EVTZX8] Intro Tsugumi Mizusawa yang mulai memohon pada Ji Ã¢ Po karena dia menjadi sangat gila hingga wajahnya pingsan ketika aku mencoba membuatnya tersenyum gadis Ubu yang lucu,https://cdn.adidssd7.workers.dev/?id=thumb-cdn77.xvideos-cdn.com/2b556749-1ff1-4271-9ace-408803f9a32f/0/xv_27_t.jpg,Konten terbaru yang sedang viral dan banyak dicari saat ini.,kelfuuvf172,EVTZX8
lcgrkz-tanpa-sensor-pertama-kali-memotret-air-mani-di-mulut-seorang-wanita-lucu-berusia-22-tahun-ucmpudfb913,[LCGRKZ] [Tanpa sensor] Pertama kali memotret air mani di mulut seorang wanita lucu berusia 22 tahun,https://cdn.adidssd7.workers.dev/?id=thumb-cdn77.xvideos-cdn.com/7bb88383-3428-42a3-923e-5a83ead614df/0/xv_13_t.jpg,Nikmati momen terbaik dengan koleksi video trending kami.,ucmpudfb913,LCGRKZ
zjq9ea-s-cute-asuka-seks-bukkake-dengan-gadis-pemalu---nanairo-co-kcccvpkb012,[ZJQ9EA] S-Cute Asuka : Seks Bukkake Dengan Gadis Pemalu - nanairo.co,https://cdn.adidssd7.workers.dev/?id=thumb-cdn77.xvideos-cdn.com/c6e74025-b011-43da-a72e-c7ec336a4629/0/xv_9_t.jpg,Temukan berbagai kategori menarik dalam video pilihan kami.,kcccvpkb012,ZJQ9EA
7stmqy-s-cute-maina-saya-suka-suntikan-air-mani-vagina-h---nanairo-co-uuiemmvdddf,[7STMQY] S-Cute Maina : Saya suka suntikan air mani vagina H - nanairo.co,https://cdn.adidssd7.workers.dev/?id=thumb-cdn77.xvideos-cdn.com/e88dda69-3e2f-4545-9891-e3cc9c3b2bf7/0/xv_13_t.jpg,Koleksi lengkap video pilihan dengan durasi yang pas untuk Anda.,uuiemmvdddf,7STMQY
xebths-seks-acak-dengan-3-chako-kurusu-monet-bentuk-gelombang-momo-hasegawa-2-klvffuma787,[XEBTHS] Seks acak dengan 3 Ã¢Ã¢Chako Kurusu Ã¢Ã¢Monet Bentuk Gelombang Ã¢Ã¢Momo Hasegawa 2,https://cdn.adidssd7.workers.dev/?id=thumb-cdn77.xvideos-cdn.com/f81ca187-1499-4761-8fdb-9f2c344e1fcd/0/xv_20_t.jpg,Koleksi lengkap video pilihan dengan durasi yang pas untuk Anda.,klvffuma787,XEBTHS
cgtpeh-keluaran-itifhik68fc,[CGTPEH] keluaran,https://cdn.adidssd7.workers.dev/?id=thumb-cdn77.xvideos-cdn.com/8435f802-4b2e-45cb-a219-f8e6331c49d3/0/xv_13_t.jpg,Nikmati momen terbaik dengan koleksi video trending kami.,itifhik68fc,CGTPEH
zs9lgc-natsuko-kayama-manajer-departemen-adalah-seorang-penjahat-seksual---bagian-2-lihat-selengkapnya-https-bit-ly-raptor-xvideos-ulotuff81cc,[ZS9LGC] Natsuko Kayama : Manajer Departemen Adalah Seorang Penjahat Seksual - Bagian.2 : Lihat SelengkapnyaÃ¢https://bit.ly/Raptor-Xvideos,https://cdn.adidssd7.workers.dev/?id=thumb-cdn77.xvideos-cdn.com/62d5a6b6-7168-497f-8f4d-06367de4d37b/0/xv_6_t.jpg,Jangan lewatkan video menarik yang kami perbarui setiap harinya.,ulotuff81cc,ZS9LGC
63qej8-ruang-bermain-tit-besar-ruka-inaba---piala-f-keaiethd5b8,[63QEJ8] Ruang Bermain Tit Besar: Ruka Inaba - Piala F! ,https://cdn.adidssd7.workers.dev/?id=thumb-cdn77.xvideos-cdn.com/318b4228-2221-47a6-9584-af4d558bd0e1/0/xv_3_t.jpg,Video yang sedang banyak dibicarakan oleh komunitas saat ini.,keaiethd5b8,63QEJ8
wxgzam-bagaimana-kehidupan-pernikahanmu-di-malam-hari-uttuplhfb71,[WXGZAM] Bagaimana kehidupan pernikahanmu di malam hari? ,https://cdn.adidssd7.workers.dev/?id=thumb-cdn77.xvideos-cdn.com/75364ea3-5eca-471e-995a-7dc0771781c6/0/xv_22_t.jpg,Video yang sedang banyak dibicarakan oleh komunitas saat ini.,uttuplhfb71,WXGZAM
zln37b-gal-monica-suci-asia-amerika-dari-california-di-pantai-barat-amerika-serikat-telah-datang-jauh-jauh-ke-jepang-keelmek9946,[ZLN37B] Gal Monica Suci Asia-Amerika Dari California Di Pantai Barat Amerika Serikat Telah Datang Jauh-jauh Ke Jepang! ,https://cdn.adidssd7.workers.dev/?id=thumb-cdn77.xvideos-cdn.com/426a55c8-2201-456f-b42e-53aea23b23a3/0/xv_14_t.jpg,Kami menyajikan konten paling populer yang wajib Anda tonton hari ini.,keelmek9946,ZLN37B
wgr2el-5-orang-berdada-besar-berkumpul-di-rumahku-selama-liburan-musim-panas-dream-harem-6-orang-10-orang-pesta-besar-lihat-selengkapnya-https-bit-ly-raptor-xvideos-keelpdd449a,[WGR2EL] 5 Orang Berdada Besar Berkumpul di Rumahku Selama Liburan Musim Panas Dream Harem 6-Orang 10-Orang Pesta Besar : Lihat SelengkapnyaÃ¢https://bit.ly/Raptor-Xvideos,https://cdn.adidssd7.workers.dev/?id=thumb-cdn77.xvideos-cdn.com/050e4be5-1599-4613-82a0-59efbc553614/0/xv_21_t.jpg,Kami menyajikan konten paling populer yang wajib Anda tonton hari ini.,keelpdd449a,WGR2EL
uxkqj2-seseorang-akan-melihat-anda-dan-anda-kbmucbd166c,[UXKQJ2] Seseorang Akan Melihat Anda dan Anda,https://cdn.adidssd7.workers.dev/?id=thumb-cdn77.xvideos-cdn.com/784a82d7-0430-420e-a06c-3070541d2fad/0/xv_4_t.jpg,Tonton video berkualitas tinggi ini sekarang juga hanya di sini.,kbmucbd166c,UXKQJ2
56mbat-film-porno-pertama-untuk-gadis-jepang-imut-dan-berdada-besar-film-lengkap-javheat-com-rxabo-iaehpbv8cf9,[56MBAT] Film Porno Pertama Untuk Gadis Jepang Imut Dan Berdada Besar [Film Lengkap: JavHeat.com/RXABO],https://cdn.adidssd7.workers.dev/?id=thumb-cdn77.xvideos-cdn.com/aeff9e49-7f9c-4b3c-b895-d2e4a37c5ee2/0/xv_30_t.jpg,Temukan koleksi video eksklusif terbaru hanya untuk Anda hari ini.,iaehpbv8cf9,56MBAT
f62txy-bagian-1-wanita-cantik-sempurna-yang-meminta-penis-ala-wanita-yang-dilarang-melakukan-hubungan-seks-otiffbv92d1,[F62TXY] Bagian 1 [Wanita cantik sempurna yang meminta penis ala wanita yang dilarang melakukan hubungan seks].,https://cdn.adidssd7.workers.dev/?id=thumb-cdn77.xvideos-cdn.com/da66f8e4-915e-435c-a61a-1eb4a2e4f27f/0/xv_3_t.jpg,Jangan lewatkan video menarik yang kami perbarui setiap harinya.,otiffbv92d1,F62TXY
z8vstx-bagian-2-wanita-cantik-sempurna-yang-meminta-penis-ala-wanita-yang-dilarang-melakukan-hubungan-seks-otktkkmd0c5,[Z8VSTX] Bagian 2 [Wanita cantik sempurna yang meminta penis ala wanita yang dilarang melakukan hubungan seks].,https://cdn.adidssd7.workers.dev/?id=thumb-cdn77.xvideos-cdn.com/a91f1755-9f5d-4105-b8a4-44374e4ae002/0/xv_17_t.jpg,Koleksi lengkap video pilihan dengan durasi yang pas untuk Anda.,otktkkmd0c5,Z8VSTX
d59at4-s-cute-nene-seks-yang-cum-di-dalam---nanairo-co-kambpidfdeb,[D59AT4] S-Cute Nene : Seks yang Cum di Dalam - nanairo.co,https://cdn.adidssd7.workers.dev/?id=thumb-cdn77.xvideos-cdn.com/4e033ea0-461b-41d6-ba61-f76fe9c21578/0/xv_15_t.jpg,Nikmati momen terbaik dengan koleksi video trending kami.,kambpidfdeb,D59AT4
2juk6d-pov-pelacur-mungil-payudara-kecil-mendapat-kacau-keras-utebbhvfdd1,[2JUK6D] [POV] Pelacur mungil payudara kecil mendapat kacau keras. ,https://cdn.adidssd7.workers.dev/?id=thumb-cdn77.xvideos-cdn.com/49c6805f-29d3-41d9-ab71-817c891bf67f/0/xv_23_t.jpg,Video yang sedang banyak dibicarakan oleh komunitas saat ini.,utebbhvfdd1,2JUK6D
lv9qt5-natsu-adalah-pekerja-paruh-waktu-kamitmb2ca6,[LV9QT5] Natsu adalah pekerja paruh waktu. ,https://cdn.adidssd7.workers.dev/?id=thumb-cdn77.xvideos-cdn.com/eba76303-4701-4017-b24a-b64731328d28/0/xv_20_t.jpg,Video pilihan kualitas terbaik yang kami kurasi khusus untuk pengalaman menonton Anda.,kamitmb2ca6,LV9QT5
3m49zh-perawat-jepang-merawat-pasien-imumloh5df4,[3M49ZH] Perawat Jepang Merawat Pasien,https://cdn.adidssd7.workers.dev/?id=thumb-cdn77.xvideos-cdn.com/de734f01-6a3b-41a0-a886-eab1ff356932/0/xv_5_t.jpg,Temukan koleksi video eksklusif terbaru hanya untuk Anda hari ini.,imumloh5df4,3M49ZH
fwcqux-pov-gadis-bbw-jepang-berdada-besar-mengendarai-penis-besar-kctoukf146c,[FWCQUX] [POV] Gadis BBW Jepang berdada besar mengendarai penis besar. ,https://cdn.adidssd7.workers.dev/?id=thumb-cdn77.xvideos-cdn.com/a5110607-0818-4f4f-afe7-4a96da26e730/0/xv_30_t.jpg,Temukan berbagai kategori menarik dalam video pilihan kami.,kctoukf146c,FWCQUX
qr5gvx-https-bit-ly-3twztze-pov-video-pasangan-amatir-asli-jepang-kchmlekfd73,[QR5GVX] https://bit.ly/3twztzE [POV] Video pasangan amatir asli Jepang. ,https://cdn.adidssd7.workers.dev/?id=thumb-cdn77.xvideos-cdn.com/c8432e04-7eed-4520-bcd2-b43c4f2ac0a5/0/xv_7_t.jpg,Video yang sedang banyak dibicarakan oleh komunitas saat ini.,kchmlekfd73,QR5GVX
xljtgn-seorang-wanita-cantik-ortodoks-yang-bersekolah-di-sekolah-swasta-untuk-wanita-muda-uhevlho1409,[XLJTGN] Seorang wanita cantik ortodoks yang bersekolah di sekolah swasta untuk wanita muda.,https://cdn.adidssd7.workers.dev/?id=thumb-cdn77.xvideos-cdn.com/42984571-b224-4aaa-9381-ae072fd5df6e/0/xv_24_t.jpg,Video pilihan kualitas terbaik yang kami kurasi khusus untuk pengalaman menonton Anda.,uhevlho1409,XLJTGN
rpt8ab-sisi-tak-dikenal-dari-malaikat-berjas-putih-dengan-penampilan-cantik-dan-sederhana-uimpkvo5e8d,[RPT8AB] Sisi tak dikenal dari malaikat berjas putih dengan penampilan cantik dan sederhana. ,https://cdn.adidssd7.workers.dev/?id=thumb-cdn77.xvideos-cdn.com/a3e78bb2-8fdc-43fd-a475-b497c037ee93/0/xv_1_t.jpg,Kami menyajikan konten paling populer yang wajib Anda tonton hari ini.,uimpkvo5e8d,RPT8AB
9qykvf-tembakan-pertama-uicfmeo1d85,[9QYKVF] Tembakan pertama! ,https://cdn.adidssd7.workers.dev/?id=thumb-cdn77.xvideos-cdn.com/ff14118f-27f5-454f-a5fe-d9af86445f72/0/xv_6_t.jpg,Kami menyajikan konten paling populer yang wajib Anda tonton hari ini.,uicfmeo1d85,9QYKVF
upztxv-dapatkan-gadis-minimal-imut-dengan-banyak-senyuman-di-karakternya-yang-sepertinya-disukai-semua-orang-uiuifed874b,[UPZTXV] Dapatkan gadis minimal imut dengan banyak senyuman di karakternya yang sepertinya disukai semua orang! ,https://cdn.adidssd7.workers.dev/?id=thumb-cdn77.xvideos-cdn.com/4dec026d-c242-42bf-b5e6-02f2fb3330a7/0/xv_28_t.jpg,Jangan lewatkan video menarik yang kami perbarui setiap harinya.,uiuifed874b,UPZTXV
bfkagsa-ngewe-anak-sma-pulen-1784765531,[BFKAGSA] Lagi nunggu jemputa pulang nich | Jajan cilok dulu,https://cdn.aceimg.com/YsBFKaGsA.jpg,Bikin momen santaimu lebih asyik! #fyp #viral #trending,opadktv13fa,BFKAGSA
f9lpvw7hd-semangat-sekolah-ya-guys-jangan-lupa-bahagai-1784766447,[F9LPVW7HD] Semangat sekolah ya guys | Jangan lupa bahagai,https://cdn.aceimg.com/F9lpVW7Hd.jpg,Pilihan tepat untuk hiburan hari ini. #fyp #viral #trending,opoivpa87c4,F9LPVW7HD
e7o8ssxie-belajar-hari-ini-nanti-sukses-1784767457,[E7O8SSXIE] Belajar hari ini nanti sukses,https://cdn.aceimg.com/e7o8sSxiE.jpg,Siap-siap ketagihan dengan video ini! #fyp #viral #trending,iblklmod813,E7O8SSXIE
tyxlttg-sekolah-bukan-beban-tapi-langkah-menuju-impian-1784767939,[TYXLTTG] Sekolah bukan beban | tapi langkah menuju impian,https://cdn.aceimg.com/sKtYxLTtG.jpg,Gak perlu cari lagi ini dia yang kamu tunggu! #fyp #viral #trending,ohkmoimd003,TYXLTTG
kamiwv-seragam-boleh-sama-mimpi-tetap-berbeda-1784771574,[KAMIWV] Seragam boleh sama | mimpi tetap berbeda,https://cdn.aceimg.com/w0xKAmIwV.jpg,Update setiap hari tanpa skip! #fyp #viral #trending,oulipcdd6b8,KAMIWV
vgzcwm-datang-pagi-pulang-bawa-ilmu-1784772277,[VGZCWM] Datang pagi | pulang bawa ilmu,https://cdn.aceimg.com/0GnvgzCWm.jpg,Tonton sampai akhir buat kejutan serunya! #fyp #viral #trending,uccikao37a1,VGZCWM
vz2me-semangat-belajar-masa-depan-menanti-1784772641,[VZ2ME] Semangat belajar | masa depan menanti,https://cdn.aceimg.com/EKGsvZ2me.jpg,Tonton sekarang dan bagikan ke temanmu! #fyp #viral #trending,kaibldff51c,VZ2ME
ws6rjt-anak-sekolah-penuh-cerita-1784772922,[WS6RJT] Anak sekolah | penuh cerita,https://cdn.aceimg.com/oz5ws6rjt.jpg,Video terbaik untuk menghabiskan waktu luang. #fyp #viral #trending,umcldlbacd4,WS6RJT
hiatbz7-tugas-banyak-semangat-tetap-ada-1784773393,[HIATBZ7] Tugas banyak | semangat tetap ada,https://cdn.aceimg.com/9jhIaTbz7.jpg,Selalu ada yang baru di sini! #fyp #viral #trending,ohpmiioa0a4,HIATBZ7
zlupo2-proses-memang-melelahkan-hasilnya-akan-membanggakan-1784773691,[ZLUPO2] Proses memang melelahkan | hasilnya akan membanggakan,https://cdn.aceimg.com/KkcZLUPO2.jpg,Video terbaik untuk menghabiskan waktu luang. #fyp #viral #trending,uuvbicca618,ZLUPO2
orjmo-pelan-pelan-yang-penting-terus-maju-1784774127,[ORJMO] Pelan-pelan | yang penting terus maju,https://cdn.aceimg.com/KyRkOrjMO.jpg,Bikin momen santaimu lebih asyik! #fyp #viral #trending,okumfhka4d4,ORJMO
rdilauif-fokus-belajar-sisanya-biar-waktu-yang-menjawab-1784774405,[RDILAUIF] Fokus belajar | sisanya biar waktu yang menjawab,https://cdn.aceimg.com/urdilauIF.jpg,Ini dia yang kamu cari-cari selama ini! #fyp #viral #trending,ucmktcb6f89,RDILAUIF
yd69jv-senyum-di-sekolah-bahagia-sepanjang-hari-1784774793,[YD69JV] Senyum di sekolah | bahagia sepanjang hari,https://cdn.aceimg.com/tIQyD69jV.jpg,Panas! Video trending hari ini tonton sekarang. #fyp #viral #trending,ucveahkcacf,YD69JV
yysyiz-kelas-sederhana-cita-cita-luar-biasa-1784775084,[YYSYIZ] Kelas sederhana | cita-cita luar biasa,https://cdn.aceimg.com/IOiyYsYiz.jpg,Tonton sampai akhir buat kejutan serunya! #fyp #viral #trending,ouhmdfd5016,YYSYIZ
oq5zlqz-teman-sekolah-teman-seumur-cerita-1784775413,[OQ5ZLQZ] Teman sekolah | teman seumur cerita,https://cdn.aceimg.com/4EOq5ZlQz.jpg,Video pilihan editor tonton sekarang! #fyp #viral #trending,udtbpok6257,OQ5ZLQZ
lffaen-belajar-bukan-tentang-siapa-tercepat-tapi-siapa-yang-konsisten-1784776059,[LFFAEN] Belajar bukan tentang siapa tercepat | tapi siapa yang konsisten,https://cdn.aceimg.com/lFFAENJjI.jpg,Temukan keseruan baru setiap saat. #fyp #viral #trending,ooivhihf025,LFFAEN
y4nbts-hari-ini-berjuang-besok-menuai-hasil-1784776512,[Y4NBTS] Hari ini berjuang | besok menuai hasil,https://cdn.aceimg.com/DCby4NbTS.jpg,Konten yang lagi naik daun! #fyp #viral #trending,okudfimc697,Y4NBTS
cculr-jadilah-pelajar-yang-membanggakan-1784777381,[CCULR] Jadilah pelajar yang membanggakan,https://cdn.aceimg.com/RLB8CCUlR.jpg,Video singkat penuh keseruan! #fyp #viral #trending,uahivum5da1,CCULR
d7uhjy-buku-adalah-jendela-dunia-1784777722,[D7UHJY] Buku adalah jendela dunia,https://cdn.aceimg.com/yBVd7UHJY.jpg,Inilah konten yang kamu tunggu-tunggu. #fyp #viral #trending,oucduad9577,D7UHJY
3hhjz-masa-sekolah-hanya-sekali-nikmati-setiap-momennya-1784779212,[3HHJZ] Masa sekolah hanya sekali | nikmati setiap momennya,https://cdn.aceimg.com/ltF3hhjzL.jpg,Sangat sayang untuk dilewatkan! Tonton segera. #fyp #viral #trending,oioacub6852,3HHJZ
l2813n7rh-rajin-belajar-bukan-sekadar-mengejar-nilai-1784784496,[L2813N7RH] Rajin belajar | bukan sekadar mengejar nilai,https://cdn.aceimg.com/L2813N7rH.jpg,Saksikan keseruannya di sini update terus setiap harinya! #fyp #viral #trending,oikbuukb075,L2813N7RH
c4w8p-mimpi-besar-dimulai-dari-ruang-kelas-1784788842,[C4W8P] Mimpi besar dimulai dari ruang kelas,https://cdn.aceimg.com/PxlUC4W8p.jpg,Gak nyangka bakal seseru ini! Tonton deh. #fyp #viral #trending,ulabcevd6d7,C4W8P
p1i8o-sekolah-adalah-tempat-tumbuh-1784789254,[P1I8O] Sekolah adalah tempat tumbuh,https://cdn.aceimg.com/Cy62P1I8O.jpg,Bikin hari kamu lebih santai dengan ini. #fyp #viral #trending,umfhlbh9171,P1I8O
dczkkf-bangga-menjadi-anak-sekolah-1784789964,[DCZKKF] Bangga menjadi anak sekolah,https://cdn.aceimg.com/0KNDCZKkF.jpg,Serunya nggak pakai tapi-tapi! #fyp #viral #trending,okdlmtb46e4,DCZKKF
evvryfux-belajar-itu-investasi-terbaik-1784790392,[EVVRYFUX] Belajar itu investasi terbaik,https://cdn.aceimg.com/cEvVryFuX.jpg,Ajak teman kamu buat tonton ini bareng! #fyp #viral #trending,ulhauao7b9a,EVVRYFUX
bjwsj0j-jangan-menyerah-hanya-karena-tugas-menumpuk-1784790943,[BJWSJ0J] Jangan menyerah hanya karena tugas menumpuk,https://cdn.aceimg.com/URBJWSJ0j.jpg,Cek video ini sekarang jangan sampai nyesel! #fyp #viral #trending,ouukhoc6413,BJWSJ0J
xv7x7y-tetap-rendah-hati-terus-berprestasi-1784792671,[XV7X7Y] Tetap rendah hati | terus berprestasi,https://cdn.aceimg.com/V8Txv7X7y.jpg,Tidak ada yang lebih seru dari ini! #fyp #viral #trending,oupfbvt6bd7,XV7X7Y
qpyiar-masa-depan-dibangun-dari-kebiasaan-hari-ini-1784793042,[QPYIAR] Masa depan dibangun dari kebiasaan hari ini,https://cdn.aceimg.com/gkMqpYIar.jpg,Siap-siap terhibur maksimal! #fyp #viral #trending,ulvecam5153,QPYIAR
2mlxuj-datang-untuk-belajar-pulang-membawa-pengalaman-1784793716,[2MLXUJ] Datang untuk belajar | pulang membawa pengalaman,https://cdn.aceimg.com/g542MlXUJ.jpg,Tidak ada yang lebih seru dari ini! #fyp #viral #trending,ouhbhpf1635,2MLXUJ
rdlqin-bersyukur-masih-bisa-menuntut-ilmu-1784794098,[RDLQIN] Bersyukur masih bisa menuntut ilmu,https://cdn.aceimg.com/w37rDLQIN.jpg,Tonton nikmati dan share keseruannya! #fyp #viral #trending,uccaitm69da,RDLQIN
ppvonir-belajar-dengan-hati-sukses-mengikuti-1784794675,[PPVONIR] Belajar dengan hati | sukses mengikuti,https://cdn.aceimg.com/QePpVonIR.jpg,Spesial untuk followers setia! Update harian. #fyp #viral #trending,oufmfuo64dd,PPVONIR
nptjnq-hari-yang-melelahkan-tapi-penuh-makna-1784794924,[NPTJNQ] Hari yang melelahkan | tapi penuh makna,https://cdn.aceimg.com/sEmNPtJNq.jpg,Selalu ada yang baru di sini! #fyp #viral #trending,opktbem6458,NPTJNQ
xj8i5lb-teman-baik-membuat-sekolah-terasa-menyenangkan-1784795844,[XJ8I5LB] Teman baik membuat sekolah terasa menyenangkan,https://cdn.aceimg.com/NPXJ8I5LB.jpg,Sangat sayang untuk dilewatkan! Tonton segera. #fyp #viral #trending,ucbidtff80c,XJ8I5LB
zlyxgd8-belajar-sedikit-demi-sedikit-hasilnya-luar-biasa-1784796355,[ZLYXGD8] Belajar sedikit demi sedikit | hasilnya luar biasa,https://cdn.aceimg.com/eNzlyXgD8.jpg,Update terus! Gak ada habisnya keseruan di sini. #fyp #viral #trending,oiveceh71a1,ZLYXGD8
bcjhrea-disiplin-adalah-kunci-keberhasilan-1784796598,[BCJHREA] Disiplin adalah kunci keberhasilan,https://cdn.aceimg.com/BnBcJhrea.jpg,Yuk cek konten terbaru yang lagi meledak! #fyp #viral #trending,udimpkda6aa,BCJHREA
xqupk-sekolah-mengajarkan-lebih-dari-sekadar-pelajaran-1784797229,[XQUPK] Sekolah mengajarkan lebih dari sekadar pelajaran,https://cdn.aceimg.com/XShXXQUPk.jpg,Update terus! Gak ada habisnya keseruan di sini. #fyp #viral #trending,udoibmm9e29,XQUPK
erysb-impian-tidak-akan-tercapai-tanpa-usaha-1784797761,[ERYSB] Impian tidak akan tercapai tanpa usaha,https://cdn.aceimg.com/IyoPERySB.jpg,Gak perlu cari lagi ini dia yang kamu tunggu! #fyp #viral #trending,uauvlvk70ca,ERYSB
uc87fes-jadilah-versi-terbaik-dirimu-1784798314,[UC87FES] Jadilah versi terbaik dirimu,https://cdn.aceimg.com/WQUC87fes.jpg,Keseruan tanpa batas cek videonya sekarang! #fyp #viral #trending,opptoim50ee,UC87FES
ojwnh-senyum-adalah-semangat-belajar-1784799226,[OJWNH] Senyum adalah semangat belajar,https://cdn.aceimg.com/tpPTOJWnH.jpg,Tonton nikmati dan share keseruannya! #fyp #viral #trending,uedhuko7f6b,OJWNH
8ypmw0-belajar-keras-berdoa-lebih-keras-1784800142,[8YPMW0] Belajar keras | berdoa lebih keras,https://cdn.aceimg.com/bHF8ypmw0.jpg,Gak perlu alasan buat nonton yang seru! #fyp #viral #trending,udttllf7903,8YPMW0
dqnoz-tidak-ada-hasil-yang-mengkhianati-usaha-1784800541,[DQNOZ] Tidak ada hasil yang mengkhianati usaha,https://cdn.aceimg.com/otyWdqnOZ.jpg,Lebih seru lebih fresh lebih viral! #fyp #viral #trending,uckmadvaab0,DQNOZ
0zkycq-seragam-rapi-semangat-tinggi-1784800844,[0ZKYCQ] Seragam rapi | semangat tinggi,https://cdn.aceimg.com/Kqv0zkyCq.jpg,Pilihan terbaik hanya untuk kamu. #fyp #viral #trending,ukcffkd1c97,0ZKYCQ
axsa0z-satu-langkah-setiap-hari-menuju-impian-1784801157,[AXSA0Z] Satu langkah setiap hari menuju impian,https://cdn.aceimg.com/UaeaXsA0z.jpg,Gak perlu alasan buat nonton yang seru! #fyp #viral #trending,opkaviif0c2,AXSA0Z
uf3iiza-belajar-sekarang-bangga-kemudian-1784801716,[UF3IIZA] Belajar sekarang | bangga kemudian,https://cdn.aceimg.com/QJuf3IIZA.jpg,Cek segera! Keseruannya ada di sini. #fyp #viral #trending,oumlklt7633,UF3IIZA
dchccc-kelas-penuh-tawa-dan-kenangan-1784802396,[DCHCCC] Kelas penuh tawa dan kenangan,https://cdn.aceimg.com/C1rDChcCC.jpg,Rasakan sensasinya! Nonton sekarang. #fyp #viral #trending,otpvupke53d,DCHCCC
1cqeu-belajar-bukan-karena-terpaksa-tapi-karena-ingin-berkembang-1784805698,[1CQEU] Belajar bukan karena terpaksa | tapi karena ingin berkembang,https://cdn.aceimg.com/uI51cQEUX.jpg,Tonton sampai akhir buat kejutan serunya! #fyp #viral #trending,oikocahbc35,1CQEU
vxzicg-sekolah-adalah-awal-perjalanan-1784805898,[VXZICG] Sekolah adalah awal perjalanan,https://cdn.aceimg.com/LrivXziCG.jpg,Sangat sayang untuk dilewatkan! Tonton segera. #fyp #viral #trending,ohuommv7ddc,VXZICG
jprzt-terus-melangkah-meski-pelan-1784806140,[JPRZT] Terus melangkah meski pelan,https://cdn.aceimg.com/j6OpJpRzT.jpg,Sangat sayang untuk dilewatkan! Tonton segera. #fyp #viral #trending,uaooodo4a23,JPRZT
7tb3nik-masa-sekolah-adalah-masa-terbaik-1784806558,[7TB3NIK] Masa sekolah adalah masa terbaik,https://cdn.aceimg.com/Gq7tb3NiK.jpg,Update setiap hari tanpa skip! #fyp #viral #trending,uuvacbca527,7TB3NIK
kjxxuqo-jangan-takut-gagal-takutlah-berhenti-mencoba-1784806945,[KJXXUQO] Jangan takut gagal | takutlah berhenti mencoba,https://cdn.aceimg.com/17kJxxuqO.jpg,Video yang wajib ada di playlist tontonanmu. #fyp #viral #trending,oiebaobfee8,KJXXUQO
belmiysyq-prestasi-lahir-dari-kerja-keras-1784807272,[BELMIYSYQ] Prestasi lahir dari kerja keras,https://cdn.aceimg.com/bElmiYSYq.jpg,Gak perlu cari lagi ini dia yang kamu tunggu! #fyp #viral #trending,outmdffab25,BELMIYSYQ
hilur-semua-dimulai-dari-niat-1784807513,[HILUR] Semua dimulai dari niat,https://cdn.aceimg.com/1PeuHilUR.jpg,Sesuatu yang beda buat kamu hari ini! #fyp #viral #trending,otaabmf7211,HILUR
h4zfv8-jadikan-ilmu-sebagai-teman-hidup-1784807900,[H4ZFV8] Jadikan ilmu sebagai teman hidup,https://cdn.aceimg.com/dlBh4ZFV8.jpg,Video terbaik untuk menghabiskan waktu luang. #fyp #viral #trending,otuideod733,H4ZFV8
kxysdo-semangat-pagi-semangat-belajar-1784808267,[KXYSDO] Semangat pagi | semangat belajar,https://cdn.aceimg.com/PTkXysdoj.jpg,Dapatkan update terbaru setiap jam! #fyp #viral #trending,ufvdiddd614,KXYSDO
hfq7uno-belajar-hari-ini-untuk-kehidupan-esok-1784808976,[HFQ7UNO] Belajar hari ini untuk kehidupan esok,https://cdn.aceimg.com/FlQa1OIDZ.jpg,Mood booster terbaik ada di video ini! #fyp #viral #trending,uacpebb9a81,HFQ7UNO
ppztuc-bersama-teman-semua-terasa-lebih-mudah-1784809285,[PPZTUC] Bersama teman | semua terasa lebih mudah,https://cdn.aceimg.com/mfYPPZTUc.jpg,Bikin momen santaimu lebih asyik! #fyp #viral #trending,oubbmdd245b,PPZTUC
md8yxx-nikmati-setiap-proses-belajar-1784809720,[MD8YXX] Nikmati setiap proses belajar,https://cdn.aceimg.com/N7LMd8YXX.jpg,Rahasia keseruan hari ini ada di video ini! #fyp #viral #trending,oufitmubf5c,MD8YXX
wajob7-tetap-positif-dalam-setiap-langkah-1784810189,[WAJOB7] Tetap positif dalam setiap langkah,https://cdn.aceimg.com/OfkwAjob7.jpg,Konten terbaik cuma buat followers kami! #fyp #viral #trending,umvmdhk7a2b,WAJOB7
8fdkl9c-kelas-adalah-tempat-mengejar-mimpi-1784812049,[8FDKL9C] Kelas adalah tempat mengejar mimpi,https://cdn.aceimg.com/VE8fdKL9c.jpg,Siap untuk hal seru lainnya? Tonton ini dulu! #fyp #viral #trending,uftfibo9f63,8FDKL9C
cjbs7h1-anak-sekolah-ini-bikin-guru-terkejut-ternyata-alasannya-begini-1784855400,[CJBS7H1] Anak Sekolah Ini Bikin Guru Terkejut | Ternyata Alasannya Begini,https://cdn.aceimg.com/XCcJBs7h1.jpg,Siap-siap ketagihan dengan video ini! #fyp #viral #trending,oofiofbbfa4,CJBS7H1
lg0jqp-momen-lucu-anak-sekolah-yang-bikin-susah-nahan-tawa-1784855683,[LG0JQP] Momen Lucu Anak Sekolah yang Bikin Susah Nahan Tawa,https://cdn.aceimg.com/FlaLg0Jqp.jpg,Ini alasan kenapa video ini viral! #fyp #viral #trending,ulkdvubabc1,LG0JQP
wito4s-kehidupan-sehari-hari-anak-sekolah-yang-jarang-terlihat-1784856652,[WITO4S] Kehidupan Sehari-hari Anak Sekolah yang Jarang Terlihat,https://cdn.aceimg.com/No9wItO4s.jpg,Video pilihan untuk hari ini wajib disimak! #fyp #viral #trending,otokdcvad49,WITO4S
ubqnh-anak-sekolah-paling-kreatif-hasilnya-di-luar-dugaan-1784856901,[UBQNH] Anak Sekolah Paling Kreatif | Hasilnya Di Luar Dugaan,https://cdn.aceimg.com/Rg5TubqNH.jpg,Video pilihan editor tonton sekarang! #fyp #viral #trending,ueakkkme9f3,UBQNH
cg08cxr-guru-sampai-terdiam-melihat-aksi-anak-sekolah-ini-1784857315,[CG08CXR] Guru Sampai Terdiam Melihat Aksi Anak Sekolah Ini,https://cdn.aceimg.com/3Kcg08cxR.jpg,Sangat sayang untuk dilewatkan! Tonton segera. #fyp #viral #trending,opmvcpa2a2c,CG08CXR
woifzc6-10-tingkah-anak-sekolah-yang-pasti-pernah-kamu-lakukan-1784857872,[WOIFZC6] 10 Tingkah Anak Sekolah yang Pasti Pernah Kamu Lakukan,https://cdn.aceimg.com/q3wOIfZC6.jpg,Konten viral yang lagi ramai dibahas! #fyp #viral #trending,ookicuv1b88,WOIFZC6
wrbatk-anak-sekolah-berprestasi-ternyata-punya-rahasia-ini-1784863169,[WRBATK] Anak Sekolah Berprestasi Ternyata Punya Rahasia Ini,https://cdn.aceimg.com/EBlWRbAtK.jpg,Bikin kamu penasaran? Cek aja langsung! #fyp #viral #trending,oufkmkccfcc,WRBATK
pln4mvf-perjuangan-anak-sekolah-demi-meraih-cita-cita-1784864108,[PLN4MVF] Perjuangan Anak Sekolah Demi Meraih Cita-Cita,https://cdn.aceimg.com/3rPlN4mVf.jpg,Cek video ini sekarang jangan sampai nyesel! #fyp #viral #trending,oufpkfh3634,PLN4MVF
dbulfin-anak-sekolah-ini-berhasil-membanggakan-orang-tuanya-1784864389,[DBULFIN] Anak Sekolah Ini Berhasil Membanggakan Orang Tuanya,https://cdn.aceimg.com/dndbulfIn.jpg,Saksikan keseruannya di sini update terus setiap harinya! #fyp #viral #trending,uabtkik7a09,DBULFIN
wr6uw-sehari-menjadi-anak-sekolah-ternyata-tidak-semudah-yang-dibayangkan-1784864834,[WR6UW] Sehari Menjadi Anak Sekolah | Ternyata Tidak Semudah yang Dibayangkan,https://cdn.aceimg.com/95A1WR6uW.jpg,Pecahkan kejenuhanmu dengan video viral ini! #fyp #viral #trending,ubullmbd83a,WR6UW
azckds-momen-haru-perpisahan-anak-sekolah-1784865244,[AZCKDS] Momen Haru Perpisahan Anak Sekolah,https://cdn.aceimg.com/HkjAzCKDs.jpg,Pecahkan kejenuhanmu dengan video viral ini! #fyp #viral #trending,oiutplvcb54,AZCKDS
e5gcwic-kisah-anak-sekolah-yang-menginspirasi-banyak-orang-1784865711,[E5GCWIC] Kisah Anak Sekolah yang Menginspirasi Banyak Orang,https://cdn.aceimg.com/4Le5GCwic.jpg,Video singkat penuh keseruan! #fyp #viral #trending,uutcakoa5f1,E5GCWIC
caoobam-anak-sekolah-vs-gadget-siapa-yang-menang-1784866060,[CAOOBAM] Anak Sekolah vs Gadget | Siapa yang Menang?,https://cdn.aceimg.com/5mcAooBAM.jpg,Update setiap hari tanpa skip! #fyp #viral #trending,oupkehea9fa,CAOOBAM
5pmirs-rutinitas-pagi-anak-sekolah-sebelum-berangkat-1784866392,[5PMIRS] Rutinitas Pagi Anak Sekolah Sebelum Berangkat,https://cdn.aceimg.com/RTA5PmIrS.jpg,Panas! Video trending hari ini tonton sekarang. #fyp #viral #trending,ooplcmkb64e,5PMIRS
xi7vwv-aksi-kocak-anak-sekolah-saat-jam-istirahat-1784866777,[XI7VWV] Aksi Kocak Anak Sekolah Saat Jam Istirahat,https://cdn.aceimg.com/f1ZXI7vWV.jpg,Jangan cuma liat buruan tonton sekarang! #fyp #viral #trending,otbakkb9120,XI7VWV
dp1na0-anak-sekolah-yang-selalu-datang-paling-pagi-1784867199,[DP1NA0] Anak Sekolah yang Selalu Datang Paling Pagi,https://cdn.aceimg.com/4jedp1Na0.jpg,Tempatnya konten seru dan viral! #fyp #viral #trending,umfcohd25f5,DP1NA0
b5apwl-7-kebiasaan-anak-sekolah-berprestasi-1784867613,[B5APWL] 7 Kebiasaan Anak Sekolah Berprestasi,https://cdn.aceimg.com/ucB5aPwL1.jpg,Tonton videonya sekarang sebelum dihapus! #fyp #viral #trending,uofpkof2099,B5APWL
exwv6vs-kesalahan-anak-sekolah-yang-harus-dihindari-1784868039,[EXWV6VS] Kesalahan Anak Sekolah yang Harus Dihindari,https://cdn.aceimg.com/VHeXWV6vs.jpg,Bikin harimu jadi lebih ceria! #fyp #viral #trending,uvutmodbb14,EXWV6VS
p1abrjs-anak-sekolah-pintar-ternyata-melakukan-hal-ini-setiap-hari-1784868346,[P1ABRJS] Anak Sekolah Pintar Ternyata Melakukan Hal Ini Setiap Hari,https://cdn.aceimg.com/q1p1aBrjs.jpg,Rahasia keseruan hari ini ada di video ini! #fyp #viral #trending,ufltdib8cbf,P1ABRJS
tso16x-momen-tak-terlupakan-di-hari-pertama-sekolah-1784872581,[TSO16X] Momen Tak Terlupakan di Hari Pertama Sekolah,https://cdn.aceimg.com/f6FTsO16x.jpg,Saksikan sendiri keseruannya! #fyp #viral #trending,otcahckd583,TSO16X
vrkt7-tantangan-anak-sekolah-zaman-sekarang-1784873090,[VRKT7] Tantangan Anak Sekolah Zaman Sekarang,https://cdn.aceimg.com/VU4AvRkT7.jpg,Ini dia rahasia konten viral kami! #fyp #viral #trending,uduaatbdbfc,VRKT7
xcb9ba-perbedaan-anak-sekolah-dulu-dan-sekarang-1784873391,[XCB9BA] Perbedaan Anak Sekolah Dulu dan Sekarang,https://cdn.aceimg.com/lHsXcB9Ba.jpg,Cek segera! Keseruannya ada di sini. #fyp #viral #trending,uehmhlv8a5d,XCB9BA
rnjmsn-anak-sekolah-yang-selalu-jadi-favorit-guru-1784876562,[RNJMSN] Anak Sekolah yang Selalu Jadi Favorit Guru,https://cdn.aceimg.com/xVRrnJmSN.jpg,Hari-harimu jadi lebih seru dengan video ini. #fyp #viral #trending,ohdhidd55fe,RNJMSN
rs5ef-fakta-menarik-tentang-kehidupan-anak-sekolah-1784876909,[RS5EF] Fakta Menarik Tentang Kehidupan Anak Sekolah,https://cdn.aceimg.com/fbecRs5eF.jpg,Bikin kamu penasaran? Cek aja langsung! #fyp #viral #trending,udpevdoa7b9,RS5EF
dqdbmfj-anak-sekolah-dan-persahabatan-sejati-1784877350,[DQDBMFJ] Anak Sekolah dan Persahabatan Sejati,https://cdn.aceimg.com/WRdQdbmFJ.jpg,Inspirasi seru buat hari kamu. #fyp #viral #trending,ohepetdf493,DQDBMFJ
ym8mp-aksi-kompak-anak-sekolah-yang-viral-1784877742,[YM8MP] Aksi Kompak Anak Sekolah yang Viral,https://cdn.aceimg.com/VDSIyM8Mp.jpg,Tonton sampai akhir buat kejutan serunya! #fyp #viral #trending,oppfmio5b8b,YM8MP
7pislqo-anak-sekolah-berani-tampil-di-depan-kelas-1784878182,[7PISLQO] Anak Sekolah Berani Tampil di Depan Kelas,https://cdn.aceimg.com/W47PiSLQo.jpg,Rasakan sensasinya! Nonton sekarang. #fyp #viral #trending,uobvith0192,7PISLQO
rb8ibd-cara-anak-sekolah-mengatur-waktu-belajar-1784878595,[RB8IBD] Cara Anak Sekolah Mengatur Waktu Belajar,https://cdn.aceimg.com/1kCRB8iBD.jpg,Makin hari makin seru! Jangan lewatkan. #fyp #viral #trending,opihcec561e,RB8IBD
t4tjau-momen-ujian-yang-paling-menegangkan-1784879077,[T4TJAU] Momen Ujian yang Paling Menegangkan,https://cdn.aceimg.com/CDDdRGsfm.jpg,Konten paling dicari saat ini! Tonton sampai habis. #fyp #viral #trending,ukaduaf8420,T4TJAU
w63njax.-anak-sekolah-yang-pantang-menyerah-1784879599,[W63NJAX.] Anak Sekolah yang Pantang Menyerah,https://cdn.aceimg.com/iBw63NJax.jpg,Konten viral yang lagi ramai dibahas! #fyp #viral #trending,ucmpbif4ebc,W63NJAX.
vfzwfx-kisah-nyata-anak-sekolah-yang-mengharukan-1784880079,[VFZWFX] Kisah Nyata Anak Sekolah yang Mengharukan,https://cdn.aceimg.com/mOjvfzWfX.jpg,Ini dia yang kamu cari-cari selama ini! #fyp #viral #trending,ufedclmbf8a,VFZWFX
wfkqeb-tips-belajar-dari-anak-sekolah-berprestasi-1784880495,[WFKQEB] Tips Belajar dari Anak Sekolah Berprestasi,https://cdn.aceimg.com/wbaWFkQEB.jpg,Bikin kamu penasaran? Cek aja langsung! #fyp #viral #trending,ookvuuh293d,WFKQEB
hgrk1-rutinitas-anak-sekolah-sebelum-ujian-1784881171,[HGRK1] Rutinitas Anak Sekolah Sebelum Ujian,https://cdn.aceimg.com/nsUNHGRK1.jpg,Apa yang terjadi di video ini bakal bikin kamu kaget! #fyp #viral #trending,oifohpff0bc,HGRK1
iekizqe-anak-sekolah-yang-berhasil-mengubah-hidupnya-1784881596,[IEKIZQE] Anak Sekolah yang Berhasil Mengubah Hidupnya,https://cdn.aceimg.com/CkieKiZQe.jpg,Cek video terbaru kami pastinya bikin nagih! #fyp #viral #trending,ououvtcfc0c,IEKIZQE
2k6eke0-anak-sekolah-yang-selalu-membantu-temannya-1784885018,[2K6EKE0] Anak Sekolah yang Selalu Membantu Temannya,https://cdn.aceimg.com/Tz2K6eKe0.jpg,Konten viral yang lagi ramai dibahas! #fyp #viral #trending,ooftumua184,2K6EKE0
ucoaq-sehari-tanpa-hp-bisakah-anak-sekolah-bertahan-1784885628,[UCOAQ] Sehari Tanpa HP | Bisakah Anak Sekolah Bertahan?,https://cdn.aceimg.com/pbKkuCOAq.jpg,Bikin semangat lagi dengan tontonan ini! #fyp #viral #trending,ohkplid50d2,UCOAQ
mtmnym9-anak-sekolah-dengan-ide-paling-kreatif-1784888572,[MTMNYM9] Anak Sekolah dengan Ide Paling Kreatif,https://cdn.aceimg.com/s1mtMnym9.jpg,Gak perlu alasan buat nonton yang seru! #fyp #viral #trending,okbfffk8a25,MTMNYM9
kmejez7-anak-sekolah-yang-berhasil-raih-juara-1784889875,[KMEJEZ7] Anak Sekolah yang Berhasil Raih Juara,https://cdn.aceimg.com/ANKMeJeZ7.jpg,Temukan konten terbaik cuma di sini! #fyp #viral #trending,oopclieeeeb,KMEJEZ7
j4fqyi2-eksperimen-seru-bersama-anak-sekolah-1784890421,[J4FQYI2] Eksperimen Seru Bersama Anak Sekolah,https://cdn.aceimg.com/3cj4FQYI2.jpg,Pilihan terbaik hanya untuk kamu. #fyp #viral #trending,ualffomdf15,J4FQYI2
dylb7u-anak-sekolah-belajar-skill-baru-1784891198,[DYLB7U] Anak Sekolah Belajar Skill Baru,https://cdn.aceimg.com/loSDYlb7u.jpg,Update setiap hari tanpa skip! #fyp #viral #trending,ucflpiod8ca,DYLB7U
kyegdytc-tantangan-24-jam-jadi-anak-sekolah-1784891675,[KYEGDYTC] Tantangan 24 Jam Jadi Anak Sekolah,https://cdn.aceimg.com/eKyEGDyTc.jpg,Konten viral yang lagi ramai dibahas! #fyp #viral #trending,ouvoikd1038,KYEGDYTC
kpztnced-reaksi-anak-sekolah-saat-dapat-nilai-bagus-1784891998,[KPZTNCED] Reaksi Anak Sekolah Saat Dapat Nilai Bagus,https://cdn.aceimg.com/NKpztNCEd.jpg,Video pilihan untuk hari ini wajib disimak! #fyp #viral #trending,udoubivbe75,KPZTNCED
wkjhg0a-reaksi-anak-sekolah-saat-ujian-dadakan-1784892313,[WKJHG0A] Reaksi Anak Sekolah Saat Ujian Dadakan,https://cdn.aceimg.com/FOwkJhG0a.jpg,Tonton sampai akhir buat kejutan serunya! #fyp #viral #trending,ubobucb801d,WKJHG0A
tvds9n-anak-sekolah-yang-tak-pernah-menyerah-1784892909,[TVDS9N] Anak Sekolah yang Tak Pernah Menyerah,https://cdn.aceimg.com/d5TVDs9Nj.jpg,Inilah konten yang lagi dicari semua orang. #fyp #viral #trending,ubtuftdae8d,TVDS9N
aiqzlxoy-momen-lucu-di-kantin-sekolah-1784894504,[AIQZLXOY] Momen Lucu di Kantin Sekolah,https://cdn.aceimg.com/IAiQzlxOY.jpg,Video yang bikin kamu nggak mau beranjak! #fyp #viral #trending,opoivpa87c4,AIQZLXOY
